:020000022000DC
:1060000000000120BD620200E5620200E7620200BA
:10601000E9620200EB620200ED6202000000000093
:10602000000000000000000000000000EF6202001D
:10603000F162020000000000F3620200F56202005B
:1060400095B30200F7620200C5BB0200E95E0300DF
:10605000F7620200F762020081B70200A96903003B
:10606000F7620200A5520300FD520300F76202002E
:10607000F7620200F7620200F7620200F7620200B4
:106080004564030031800200F7620200F7620200FB
:10609000F7620200F76202008D4D0300F762020012
:1060A000F7620200F762020055530300F762020034
:1060B000B9570300F7620200000000000000000072
:1060C000F7620200F7620200F7620200F762020064
:1060D000F7620200F7620200F762020000000000AF
:1060E00000000000000000000000000000000000B0
:1060F00000000000000000000000000000000000A0
:10610000000000000000000000000000000000008F
:10611000000000000000000000000000000000007F
:10612000000000000000000000000000000000006F
:10613000000000000000000000000000000000005F
:10614000000000000000000000000000000000004F
:10615000000000000000000000000000000000003F
:10616000000000000000000000000000000000002F
:10617000000000000000000000000000000000001F
:10618000000000000000000000000000000000000F
:1061900000000000000000000000000000000000FF
:1061A00000000000000000000000000000000000EF
:1061B00000000000000000000000000000000000DF
:1061C00000000000000000000000000000000000CF
:1061D00000000000000000000000000000000000BF
:1061E00000000000000000000000000000000000AF
:1061F000000000000000000000000000000000009F
:1062000010B5054C237833B9044B13B10448AFF3F0
:1062100000800123237010BDE8370020000000003B
:106220003CBF030008B5034B1BB103490348AFF360
:10623000008008BD00000000EC3700203CBF0300D8
:10624000A3F5803A704700BF174B002B08BF134BD4
:106250009D46FFF7F5FF00218B460F461348144A71
:10626000121A10F047FE0E4B002B00D098470D4B32
:10627000002B00D098470020002104000D000D489D
:10628000002802D00C48AFF3008010F0F1FD200090
:10629000290007F0ABFF10F0D7FD00BF0000080099
:1062A000000000000000000000000120E83700208E
:1062B0005876002000000000000000000649074A50
:1062C000074B9B1A03DD043BC858D050FBDC04F09D
:1062D000E3FCFFF7B9FF0000F0C0030068350020C1
:1062E000E8370020FEE7FEE7FEE7FEE7FEE7FEE711
:1062F000FEE7FEE7FEE7FEE7704700BF00B583B0AC
:10630000044B0093044A402300F036F803B05DF8D4
:1063100004FB00BF1D6302000838002002B32DE912
:10632000F843114B114E88461446032743F00109E8
:106330000025224608EB0501002008F0CDFB0346AE
:10634000E41A4FF47A401D4423B9337833B1C84777
:10635000013F06D001233370002CEAD1BDE8F88359
:1063600070473770BDE8F88340840300043800208C
:10637000704700BF08F086BCF0B595B00846002411
:106380000E4617461D4604F0C5FA1A9A0D9223468A
:10639000082205A93046CDE9095408978DF82C400C
:1063A0000C9404F01BFBDDE906219DF814308DF8F8
:1063B0001140CDE9021203F00302012A28D0022A7B
:1063C00004D0304604F0AAFA15B0F0BDBDF816505E
:1063D000C3F3C203C5F389158DF810300827082DC3
:1063E0002C4628BF08243B4622460EA9304604F01E
:1063F000F5FA2D1B08AB02AA21460EA8274400F08F
:1064000013FF002DEBD1304604F088FA15B0F0BD33
:10641000BDF814100598C1F38312C3F3C203C0F38F
:106420009525C1F383148DF810300EA930469200E3
:10643000082304F0D3FA08AB0093224602AB0EA95E
:10644000284600F07BFE304604F068FA15B0F0BD37
:1064500008B5FFF78FFF0448042100F0EBFD034B64
:1064600001225A7108BD00BFC4C003006835002076
:10647000064B074810B500221A7004F0FFF90446D5
:1064800010B9044804F080FB204610BD18390020E4
:10649000D4C003007C84030030B499B10D490E4D83
:1064A000491BC90813D00D4C002302E00133994267
:1064B0000AD034F823208242F8D1184655F830002B
:1064C00030BC7047044DF9E7002030BC70470846E7
:1064D000F6E700BF94C00300A4BF0300D437002038
:1064E000094B013903EBC00003290BD8DFE801F0A9
:1064F0000402080604207047022070474079704764
:106500000079704700207047A4BF0300704700BFA8
:106510002DE9F043904CD4E901239A4285B060D034
:106520000023C4F81834BFF34F8FA568EAB2D31C18
:1065300004EB830114F82330580718D566680B78EC
:1065400003F00303012B42D0022B03D14B88023509
:1065500005EB9315EAB2D4F81804D31C04EB8301BD
:1065600028B9AE4239D914F823305B07E7D404EBDD
:1065700082026B1CDBB2D26804EB830302F00301DE
:10658000DB680229CDE9012305F102062DD001299E
:1065900000F09280D4F810543DB12B6828469B68D7
:1065A0009847EB681D68002DF7D16C486C4B6D491E
:1065B000C01AC008000440F0020000F065FCD4E9F5
:1065C0000130C01A18BF012005B0BDE8F0830B8868
:1065D0000235C3F383131D44BCE7A66005B0BDE8D4
:1065E000F083002005B0BDE8F083BDF806305E48BA
:1065F000C3F389184546502D28BF502505F10801E1
:1066000065F38F13C1F30901ADF8063004F038F9D2
:1066100007460028BED004F07DF90023082201A916
:10662000384604F0A7F9F343DBB20133B5EB830F2F
:106630004FEA83027ED9F1B25FFA82F9033104EBAB
:10664000810138460823A5EB090504F093F9EDB262
:1066500009F10803454903F0FC032A46384604F0D3
:1066600089F908F1030806EB9806D4F81834002BD2
:106670006ED1D4F8105465B1EB685A792846394682
:10668000002A61D02B681B689847EB681D68002DB5
:10669000F2D1384604F042F900230DF103008DF8E1
:1066A000033001F029FBD4F8183403B9A6609DF833
:1066B000030001F047FB82E7BDF804202A48C2F33B
:1066C0008313062B28BF062363F38912023303F0DA
:1066D0000F018900ADF8042004F0D2F80746002825
:1066E0003FF458AF04F016F90023082201A93846F8
:1066F00004F040F9BDF8043013F4707FB5D06FF0AA
:1067000001094FF00808A9EB0509F1B2033143462E
:10671000042204EB8101384604F02CF9BDF8043062
:106720000136C3F3831309EB0602934208F1040810
:10673000EBD89AE7F1B203312A4604EB8101082332
:10674000384604F017F98CE71D68002D94D1A0E7B6
:10675000384604F0E3F832E718390020F4BF0300AC
:10676000A4BF030064840300D4C0030024390020C4
:106770002DE9F04F89B0DFF8C8B103930646002336
:106780000DF113008DF81330CDE9011201F0B4FAC8
:10679000DBF80830DBF8047003F58073DB1B052B96
:1067A00078D80BF21C450BF583680BF2144419E002
:1067B000BDF81630C3F3891303334FEA11490AEBCE
:1067C000930A204603F0ECF808B1CBF808A049463C
:1067D000284603F0B5F8DBE9012303F580739B1A23
:1067E000052B58D80121284603F0AAF8404603F0AB
:1067F000CBF8204603F0C8F8DBF80830DAB2D11C39
:106800000BEB810C1BF8211001F00400490721D487
:106810000BEB8202591CD2680592C9B202F0030246
:106820000BEB8101012AC96803F1020A2AD0022A6E
:10683000BED04FF00009C4E7BCF802300EEB931352
:10684000DAB2D11C0BEB810C1BF8210000F0040024
:106850000028DDD09CF8001001F0030101290AD0C6
:10686000022903F1020E02F10301E5D00BEB810CCA
:106870000028EFD1CCE7BCF800200233C2F383122A
:106880001344DDE7BDF81430C3F383134FEA114915
:106890009A4496E73A46D3B20333063240F20511E2
:1068A0009DF813004BF82310CBF8042001F04AFAAE
:1068B000BB1CDBB20BEB8303029ADA60FB1CDBB27E
:1068C0000BEB8303039ADA603B1DDBB20BEB830314
:1068D000129ADA607B1DDBB20BEB8303139ADA604A
:1068E0000021164802F0F2FF80F31001F30003F0DC
:1068F0003803019A43F4807343F00103781C43EAA0
:106900008223C0B2FAB209040BEB8000033241EAE1
:106910001641C1604BF822309BF8003023B9FFF7D5
:10692000F5FD09B0BDE8F08FFFF7F2FD0028F6D0C5
:10693000FFF7EEFD0028F7D1F1E700BF343D00205E
:10694000183900202DE9F04F89B0DFF8B4B1039376
:10695000064600230DF113008DF81330CDE9011226
:1069600001F0CAF9DBF80830DBF8047003F5807336
:10697000DB1B042B78D80BF21C450BF583680BF25C
:10698000144419E0BDF81630C3F3891303334FEAFA
:10699000114A09EB9309204603F002F8514608B169
:1069A000CBF80890284602F0CBFFDBE9012303F582
:1069B00080739B1A042B58D80121284602F0C0FF8F
:1069C000404602F0E1FF204602F0DEFFDBF808302F
:1069D000DAB2D11C0BEB810C1BF8211001F0040082
:1069E000490721D40BEB820203F10209D268059218
:1069F0000133DBB20BEB830302F00302012AD968F7
:106A00002AD0022ABED04FF0000AC4E7BCF80230F8
:106A10000EEB9313DAB2D11C0BEB810C1BF82100A7
:106A200000F004000028DDD09CF8001001F0030104
:106A300001290AD0022903F1020E02F10301E5D077
:106A40000BEB810C0028EFD1CCE7BCF8002002331F
:106A5000C2F383121344DDE7BDF81430C3F383138C
:106A60004FEA114A994496E73A46D3B203330532C6
:106A7000C5219DF813004BF82310CBF8042001F03A
:106A800061F9BB1CDBB20BEB8303029ADA60FB1CDF
:106A9000DBB20BEB8303039ADA603B1DDBB20BEB3B
:106AA0008303129ADA600021144802F00FFF80F38A
:106AB0001001F200019B02F0380242F0C102781C82
:106AC00042EA8322C0B2FBB2033309040BEB80001D
:106AD00041EA1641C1604BF823209BF8003023B9EE
:106AE000FFF714FD09B0BDE8F08FFFF711FD002896
:106AF000F6D0FFF70DFD0028F7D1F1E7343D002077
:106B0000183900202DE9F04FDFF8BCB189B000241E
:106B100006460DF113000393CDE901128DF81340E1
:106B200001F0EAF8DBF80830DBF8047003F5807355
:106B3000DB1B032B00F281800BF21C450BF58368F5
:106B40000BF214441AE0BDF81630C3F38913033373
:106B50004FEA11490AEB930A204602F021FF494609
:106B600000283AD02846CBF808A002F0E9FEDBE97D
:106B7000012303F580739B1A032B5FD8012128465C
:106B800002F0DEFE404602F0FFFE204602F0FCFE70
:106B9000DBF80830DAB2D11C0BEB810C1BF82110AA
:106BA00001F00400490728D40BEB82015A1CC96884
:106BB0000591D2B201F003000BEB82020128D168EB
:106BC00003F1020A31D00228BDD0204602F0E8FECF
:106BD0004FF0000949460028C4D12846C5E7BCF853
:106BE00002300EEB9313DAB2D11C0BEB810C1BF8C5
:106BF000210000F004000028D6D09CF8001001F01D
:106C0000030101290AD0022903F1020E02F1030156
:106C1000E5D00BEB810C0028EFD1C5E7BCF80020D4
:106C20000233C2F383121344DDE7BDF81430C3F31B
:106C300083134FEA11499A448EE73A46D3B203339D
:106C4000043285219DF813004BF82310CBF8042063
:106C500001F078F8BB1CDBB20BEB8303029ADA601D
:106C6000FB1CDBB20BEB8303039ADA6000211548AF
:106C700002F02CFE80F31001F300019A03F03803B8
:106C800043F08103781C43EA8223C0B2FAB20904BC
:106C90000BEB8000033241EA1641C1604BF8223011
:106CA0009BF8003023B9FFF731FC09B0BDE8F08F45
:106CB000FFF72EFC0028F6D0FFF72AFC0028F7D1BA
:106CC000F1E700BF343D0020183900202DE9F04FD6
:106CD000DFF8B0B187B0002306460DF10B008DF848
:106CE0000B30CDE9001201F007F8DBE9018303F571
:106CF0008073A3EB0803022B00F281800BF21C458A
:106D00000BF583670BF214441AE0BDF80E20C2F3B2
:106D1000891203324FEA114A09EB9209204602F028
:106D20003FFE514600283AD02846CBF8089002F0A2
:106D300007FEDBE9012303F580739B1A022B5FD862
:106D40000121284602F0FCFD384602F01DFE2046D7
:106D500002F01AFEDBF80830DAB2D11C0BEB810C22
:106D60001BF8211001F00400490728D40BEB820125
:106D70005A1CC9680391D2B201F003000BEB8202E6
:106D80000128D16803F1020931D00228BDD0204684
:106D900002F006FE4FF0000A51460028C4D12846F2
:106DA000C5E7BCF802300EEB9313DAB2D11C0BEB43
:106DB000810C1BF8211001F004000028D6D09CF8AB
:106DC000001001F0030101290AD0022903F1020E8B
:106DD00002F10301E5D00BEB810C0028EFD1C5E7F0
:106DE000BCF800200233C2F383121344DDE7BDF880
:106DF0000C20C2F383124FEA114A91448EE74246B7
:106E0000D3B20333033245219DF80B004BF8231016
:106E1000CBF8042000F096FF08F10203DBB20BEB85
:106E20008303019ADA600021154802F04FFD80F3D8
:106E30001001F300009A03F0380343F0410308F116
:106E4000010043EA8223C0B25FFA88F209040BEB27
:106E50008000033241EA1641C1604BF822309BF8B2
:106E6000003023B9FFF752FB07B0BDE8F08FFFF702
:106E70004FFB0028F6D0FFF74BFB0028F7D1F1E7D6
:106E8000343D0020183900202DE9F04FDFF8A0A193
:106E900087B0002306460DF10B008DF80B300191F1
:106EA00000F02AFFDAE9018303F58073A3EB0803FE
:106EB000012B00F281800AF21C450AF583670AF271
:106EC00014441AE0BDF80E30C3F3891303334FEABC
:106ED00011490BEB930B204602F062FD4946002856
:106EE0003AD02846CAF808B002F02AFDDAE90123B0
:106EF00003F580739B1A012B5FD80121284602F00D
:106F00001FFD384602F040FD204602F03DFDDAF854
:106F10000830DAB2D11C0AEB810C1AF8211001F00A
:106F20000400490728D40AEB82015A1CC96803915E
:106F3000D2B201F003000AEB82020128D16803F10A
:106F4000020B31D00228BDD0204602F029FD4FF0BF
:106F5000000949460028C4D12846C5E7BCF80230DC
:106F60000EEB9313DAB2D11C0AEB810C1AF8211044
:106F700001F004000028D6D09CF8001001F00301B5
:106F800001290AD0022903F1020E02F10301E5D022
:106F90000AEB810C0028EFD1C5E7BCF800200233D2
:106FA000C2F383121344DDE7BDF80C30C3F383133F
:106FB0004FEA11499B448EE74246D3B20333023273
:106FC00005219DF80B004AF82310CAF8042000F0B0
:106FD000B9FE0021154802F079FC80F31001F3009E
:106FE000019A03F0380343F0010308F1010043EA7A
:106FF0008223C0B25FFA88F209040AEB80000332F0
:1070000041EA1641C1604AF822309AF8003023B9AB
:10701000FFF77CFA07B0BDE8F08FFFF779FA002898
:10702000F6D0FFF775FA0028F7D1F1E7343D0020DC
:107030001839002030B4154DD5F81014044600203E
:1070400071B10B4601E01B6853B1DB681A798242CB
:10705000F9D101300A28F3D14FF0FF3030BC70472E
:10706000E3681871D5F810344BB1DA68E368126838
:107070001A60D5F81034DB681C6030BC7047C5F866
:107080001044E268136030BC704700BF183900201C
:1070900038B5084BD3F8104401251D704CB1E36896
:1070A0005D71236820465B689847E3681C68002C84
:1070B000F5D138BD1839002030B5C38885B00446F5
:1070C0000D4623BB237A052B1FD0627A82B9144A5E
:1070D000A08852F8232003920021FFF7DDF9039ADC
:1070E00010490346284605B0BDE8304002F0D2BC46
:1070F0001946A088FFF7F4F90B4B0C4953F82020F0
:10710000284602F0C7FC237AE1E705B030BD084904
:107110000091084A0849284602F0BCFCD2E700BFAB
:1071200050850300B08403002C850300109B0300EE
:10713000A884030088840300908403002DE9F043B1
:1071400085B01D460C9C002394F80C902373804658
:107150000E46174621462846FFF7AEFF062F09D8F0
:10716000DFE807F0042E343B444F1F004146204621
:1071700002F090FC2B7A052B05D06B7A5BB927497E
:10718000204602F087FC204602F078FC84F80C9040
:1071900005B0BDE8F083224A2249204602F07AFC7D
:1071A000EDE77369039333690293F3680193B3685E
:1071B0000093D6E900234146204602F06BFCD9E754
:1071C00032684146204602F065FCD3E7D6E9002349
:1071D0004146204602F05EFCCCE7B3680093D6E956
:1071E00000234146204602F055FCC3E7F3680193B3
:1071F000B3680093D6E900234146204602F04AFCDA
:10720000B8E733690293F3680193B3680093D6E952
:1072100000234146204602F03DFCABE7BC8403005E
:10722000A8840300109B0300082900D970472DE9AA
:10723000F04F1D4683B000241B7B2C730E4607467F
:107240002946104690460193DFF8D0B0DFF8D0A071
:10725000FFF732FF05E03A5D013402F01BFC082C19
:1072600009D0A64251462846F5D85946013402F0C5
:1072700011FC082CF5D12449DFF8A8B0234CDFF825
:10728000A8A0284602F006FC4FF0000917E017F806
:107290000910481C7E294FF02E02C0B206D810F803
:1072A0000A2012F0970F14BF0A462E2221462846C4
:1072B00009F1010902F0EEFBB9F1080F0AD04E45C1
:1072C000E5D85946284609F1010902F0E3FBB9F176
:1072D000080FF4D198F80830052B02D098F809303F
:1072E0005BB90B49284602F0D5FB284602F0C6FBE5
:1072F000019B2B7303B0BDE8F08F064A0649284670
:1073000002F0C8FBEDE700BFCC840300D08403008B
:10731000BC840300A8840300109B0300C8840300FE
:10732000C0840300B884030002BE030038B5174BC5
:107330001D783DB3164A1168C0B200230C4604E024
:107340000133AB4204F108041CD011F83320904201
:10735000F6D104F00BFA6378A3F10103B3FA83F3D7
:107360005B09834200D038BD0A4BD3E900231343A5
:10737000F9D1094B094819680022BDE8384049088D
:1073800000F01EBC00231B78FFDE00BFD03D0020B4
:10739000F03D0020D83D0020D43D00207035002075
:1073A0002DE9F04FDFF8788298F8003083B0002B99
:1073B00000F02B81DFF86C92954F964E00254FF030
:1073C000010AD7F800B01BF8350004F0CFF91BF81C
:1073D00035400BEBC50361085B7816F801C014F06B
:1073E000010EA3F10103B3FA83F314BF4FEA1C1299
:1073F0000CF00F025B09042A00F2EA80DFE802F0D9
:10740000725F33200300834240F09F80BEF1000F83
:107410000CBFF0230F230CEA030C0CBF0323302313
:1074200043EA0C03735498F8002001359542C8DBF9
:10743000D9E90023134340F0DE8003B0BDE8F08FAC
:10744000834200F0C580BEF1000F0CBFF0230F2374
:107450000CEA030C0CBF0423402343EA0C037354CF
:1074600098F80020E1E7834240F0B580BEF1000FBC
:107470000CBFF0230F230CEA030C98F800200CBF7C
:107480000323302343EA0C037354002AD0D0D7F8E7
:1074900000C00023614603E0934201F10801C4D01B
:1074A0001CF83300A04203F10103F5D14B68002B17
:1074B000BBD020460121984798F80020B5E78342C9
:1074C00019BF00231A4620230222BEF1000F16BF67
:1074D0001A46F0230F230CEA03031A43725498F858
:1074E0000020A2E7834273D14FF00003BEF1000FEA
:1074F0008DF8073014BF0F23F0230CEA030C14BFE0
:107500001023012343EA0C030DF10700735400F02C
:10751000F3FBA4F12003C4F120022AFA02F20AFAD2
:1075200003F31343D9F800209DF807000AFA04F486
:107530002243C9F80020D9F804201343C9F80430C5
:1075400000F000FC98F800206FE7BEF1000F14BFB8
:107550000F23F0230CEA030398F800C07354BCF126
:10756000000F12D038680023024603E0634502F1A1
:1075700008020AD010F83310A14203F10103F5D13B
:10758000536813B10021204698474FF000030DF1D6
:1075900007008DF8073000F0AFFBA4F12003C4F121
:1075A00020022AFA02F20AFA03F31343D9F8002060
:1075B0009DF807000AFA04F422EA0402C9F8002040
:1075C000D9F8042022EA0303C9F8043000F0BAFB1A
:1075D00098F8002029E7BEF1000F0CBFF0230F231D
:1075E0000CEA030C0CBF0123102343EA0C03735471
:1075F00098F8002019E7084B084819680022490844
:1076000003B0BDE8F04F00F0DBBADFF818900FE7E9
:10761000F03D0020E03D0020D43D002070350020EA
:10762000D03D0020D83D0020092A3FD9F0B583B0D5
:10763000144605460E4603F039FF88B3204B214A15
:107640001E70214B1560002120481C6010220FF095
:1076500051FC1F4B00200021741EC3E90001E4B25D
:1076600036B31C4F05EBC404032602E0A5421FD02D
:107670001C469DF8063094F802C020788DF804600E
:1076800023F007033A4601A98DF806308DF805C0AE
:1076900003F016FFA4F108030028E7D003B0F0BD03
:1076A00003F0B0FE0028C9D003B0F0BD072070473A
:1076B000094A0A48002103B0BDE8F04000F068BA6A
:1076C000D03D0020F03D0020D43D0020E03D0020D2
:1076D000D83D00202D730200A173020070850300C5
:1076E00070B5084D2B785BB1074E0024336801213B
:1076F00013F8340003F0D8FF2B780134A342F5D8F7
:10770000002070BDD03D0020F03D002000B585B0C8
:107710000346002101AA44F20100CDE901110393BF
:1077200000F004F805B05DF804FB00BF10B572B6B8
:10773000FFF7AEFCFEF7ECFE0028FBD1104B114C1E
:107740001149E41AE408240444F00100FFF79CFB0B
:107750000E4BD3F8F030DB0700D500BE0C4944F0E7
:107760000200FFF791FBBFF34F8F0849094BCA682E
:1077700002F4E0621343CB60BFF34F8F00BFFDE71D
:10778000A4BF0300F4BF03007485030000ED00E014
:10779000808503000400FA0530B48D688468C368EE
:1077A000CA68A54272EB03032CBF0120002030BC45
:1077B000704700BF10B5044682B000230DF10700EA
:1077C0008DF8073000F098FA23692BB94FF0FF329B
:1077D0004FF0FF33C4E902239DF8070000F0B2FA2E
:1077E000D4E90530984700230DF107008DF80730E4
:1077F00000F082FA2369BBB1D4E90212B2F1FF3F73
:1078000008BFB1F1FF3F0FD05B1842F10002C4E99D
:1078100002329DF8070000F095FA0748214603F070
:10782000D7F9012002B010BD9DF8070000F08AFAD8
:10783000002002B010BD00BFA08503002DE9F04F6D
:107840002DED028B83B008EE100A00F0AFFB40B1C3
:10785000AC4AD2E9003113F1807341F10001C2E971
:10786000003118EE100A002100F0BCFBA64D60B3F9
:107870002B6853B3A54B2C681B7823B31CB3A448C7
:1078800000F0C0FB9F4BA34A19685B684018D2E91F
:10789000001243F10003884273EB020203D210F19D
:1078A000807043F10003D4E902128842934180F0D2
:1078B0002581B2F1FF3F08BFB1F1FF3F03D09648E9
:1078C000214603F085F900232B6018EE100A0121F0
:1078D00000F088FB002840F0F180904801A901F0F9
:1078E00041FF00283AD08D4C4FF0FF384FF0FF3960
:1078F00009E033B301A9204601F066FF01A9204643
:1079000001F030FF50B30378012B11D0022BF0D1DE
:10791000814E304603F070F930B1C0E9028930463B
:1079200003F06AF90028F8D1784B01221A70E1E7D8
:107930002B684168994200F0B580774803F066F9FA
:10794000D8E74168D1E90223B3F1FF3F08BFB2F1A4
:10795000FF3FCFD0704803F03BF9CBE76E4FDFF825
:10796000B081DFF8A091384603F04CF9002852D0DE
:10797000D0E90223B3F1FF3F08BFB2F1FF3F00F0AF
:107980008D80296891B12968D1E9020182428B4139
:1079900044D22B68D3E90223B3F1FF3F08BFB2F111
:1079A000FF3F03D02968384603F012F9384603F048
:1079B00023F904464046574ED4E902BA00F022FBB0
:1079C000D9E900133268401843F10003904272680D
:1079D00073EB020203D210F1807043F10003BBEBA2
:1079E00000006AEB0303012873F1000324DBB0F508
:1079F000350F4DD25A464FF496030021404600F011
:107A00004FFA80B10D281BD0002338462B6003F0BD
:107A1000F9F80028ACD12B68002B66D003B0BDEC80
:107A2000028BBDE8F08F2B68002B3ED02C6003B09A
:107A3000BDEC028BBDE8F08F0021404600F0C6FA95
:107A4000324B1B78002BDFD0404600F0DBFAD9F830
:107A50000030D6E90012C018D9F8043043F1000311
:107A6000884273EB020203D210F1807043F10003ED
:107A7000D4E90212884293411CD2B2F1FF3F08BF01
:107A8000B1F1FF3FC0D02146384603F0A1F8BBE773
:107A9000404600F0B7FA224A0244ACE7384603F009
:107AA000ABF860E700232B6024E718EE100A00F023
:107AB000C5F9BBE72046FFF77DFEA5E71448154E44
:107AC00000F0A0FA0F4B1A685B688018D6E9001224
:107AD00043F10003884273EB020203D210F180707D
:107AE00043F10003C6E90003F7E618EE100A03B0FD
:107AF000BDEC028BBDE8F04F00F0A4B92046FFF7C3
:107B000059FEE0E6F83D0020783E0020003E0020CF
:107B100090350020703E0020A08503005C3E0020D0
:107B2000FFFFB40010B5134B13491C68134882B013
:107B300008235822019401F099FD044610B1204613
:107B400002B010BD0E4A0F4801A900F013F9044617
:107B50000028F4D10B48012100F01EFA0123194638
:107B6000094A084800F072F9084B012220461A70B1
:107B700002B010BD9C850300043E00205C3E002046
:107B80003D78020090350020FFFF7F00003E00207E
:107B90006AB19FED097BA1F101010368B1FA81F19E
:107BA000490983ED027BC3E90412002070470720D6
:107BB000704700BFAFF30080FFFFFFFFFFFFFFFF35
:107BC000F0B583B00446002501A817460E468DF88F
:107BD000045000F091F8D4E90223B3F1FF3F08BF4D
:107BE000B2F1FF3F06D09DF8040000F0ABF8284644
:107BF00003B0F0BD1C4800F005FA1C4B1C4A196884
:107C00005B684018D2E9001243F10003884273EB2D
:107C1000020224D3301843F10003A060E3609DF812
:107C2000040000F08FF82369A76103B126611148B1
:107C300001A901F055FD034670B100250D481D70E6
:107C40005C6001A901F07EFD0028D1D0064800F05B
:107C5000DDF9284603B0F0BD042003B0F0BD10F1FB
:107C6000807043F10003D5E790350020F83D0020F7
:107C7000703E00205C3E002030B583B004460025F5
:107C800001A88DF8045000F037F8D4E90223B3F1CD
:107C9000FF3F08BFB2F1FF3F1CD04FF0FF334FF062
:107CA000FF32C4E902239DF8040000F04BF81048AD
:107CB00001A901F015FD034648B10122027001A996
:107CC0000B485C6001F03EFD58B903B030BD0420A4
:107CD00003B030BD9DF8040000F034F8284603B02E
:107CE00030BD044800F092F9284603B030BD00BF13
:107CF0005C3E00209035002070B4EFF3108472B623
:107D00000D4B9A68AAB9012199600C490C4ED1F823
:107D1000805035401D60C1F88060D1F884505D60AE
:107D20004FF0FF33C1F88430027004B962B670BC02
:107D3000704701230370F8E77C3E002000E100E07B
:107D4000FC06FFBD094B9A687AB170B910B4EFF325
:107D5000108172B6064A1C6814605C6854609860B2
:107D600001B962B65DF8044B704770477C3E002055
:107D700000E100E010B5294C437944F82320284C59
:107D800004EBC3031B79002B3BD103680A88C3F8BB
:107D9000082590F904308A78002B2ADB03F1604330
:107DA000520103F56143D2B283F8002390F9043005
:107DB000002B09DB1B494FEA531C012203F01F0370
:107DC00002FA03F341F82C304279174B44F83200A1
:107DD0001648181A04EBC201C0084FF0010C000449
:107DE00081F804C040F003001149FFF74DF800206E
:107DF00010BD104903F00F0352011944D2B20A76A4
:107E0000D4E70A4B08480C49C01AC008000440F0E7
:107E10000200FFF739F8082010BD00BF903E002097
:107E2000883E002000E100E004C00300A4BF03007E
:107E3000D0850300FCEC00E0AC8503000368012260
:107E40001A607047036801225A60704770B4056871
:107E50004FF480348C40C5F80843056801F1500C9C
:107E6000C5F848434FEA8C0C05681FFA8CFC0026C5
:107E700045F80C6083B055F80C500195019D0568DC
:107E800001F5A87122F07F4245F821200268C2F86E
:107E9000444313B10368C3F8044303B070BC704794
:107EA0002DE9F0474FF4803622F07F4702688E407C
:107EB000C2F848630268C2F80863026802EB810CEA
:107EC000044601F15005D2F80405DCF84025CCF851
:107ED0004005AD00ADB2121A20684FF0000840F81E
:107EE000058082B04059009022F07F42012A00981C
:107EF0008A46994641D02268D2F80455C2F84463B4
:107F00007A1B22F07F42012A0AF5A87125D0236846
:107F100043F821702068D0F804557B1BC9F1FF128B
:107F2000013B02F57F4223F07F439A4211D343B1D4
:107F3000C0F8446323680020C3F8046302B0BDE8BE
:107F4000F087013740F821702068D0F804359D4251
:107F5000EED00D2002B0BDE8F0872368013743F86A
:107F600021700C4B4FF4806043F001039847206868
:107F7000D0F804359D42DBD0EBE7064A4FF4806031
:107F800042F001029047226842F80580525901925E
:107F9000019AB0E7F085030002680223C2F8443377
:107FA00011B10268C2F80433704700BF0368D3F808
:107FB000040100B97047002282B0C3F80421D3F84D
:107FC00004310193019B012002B0704702684FF415
:107FD000803303FA01F1C2F848130368C3F80813A9
:107FE000704700BF50318900036889B2585800B902
:107FF000704700225A5082B05B580193019B0120C8
:1080000002B070470368D3F80405704790F9043054
:10801000002B09DB5A09054803F01F0301214032F8
:1080200001FA03F340F82230704700BF00E100E09E
:10803000024A034B10681B68184700BF883E0020A7
:10804000903E00200223F0B50B8000F5805E0830E2
:1080500082B32A4D4FF6FF740126036801331FD007
:10806000478807F1030C00EB8C0CE6451CD3838892
:10807000A34216D00388A3B18368B3F1FF3F10D0A9
:10808000D5F800C09C4501D22B6047880B8803338C
:108090003B440B804388033300EB83008645DCD8E8
:1080A000F0BD16704788F1E7012313704FF4806329
:1080B0000B80F0BD114D4FF6FF7403680133EFD014
:1080C0004388DA1C00EB82029645EFD38288A242F5
:1080D00009D002883AB18268561C04D02E68B24298
:1080E00084BF2A6043880A88033213440B80438884
:1080F000033300EB83008645DFD8F0BDCC3E002083
:108100002DE9F041436888461BB1334AD468A34245
:108110003CD2324E0023A8F800307268012702F5E5
:10812000805C4FF6FF75083294450DD8022FA8F8F1
:10813000007006F114064CD0726802F5805C0832BB
:1081400094454FF00207F1D913680133EED05388FC
:10815000033302EB83039C45E8D3B2F804E0AE4559
:1081600009D014883CB19468611C04D00168A14214
:1081700005D01A46D8E79C45D8D91A46E4E7184BEB
:1081800042601B8903810120BDE8F081126993429E
:10819000BFD813F00305BCD1114A04891289944257
:1081A000B7D104689A689442B3D10C4842689342AC
:1081B00003D902F58052934207D38269934208D9CA
:1081C00002F58052934204D20125A8F80050012004
:1081D000DAE70020D8E700BFD4370020D43E0020E3
:1081E000B83E00202DE9F04F9B4F8BB004464FF670
:1081F000FF783E68002E00F0BA803278531E052BBF
:1082000000F26E82DFE803F058212103033E002CC8
:1082100040F0B4803379012B00F0B682022B00F0DD
:10822000C580002B00F08E8205AD0594C5E902449F
:108230002C6148F20E6406943378023B042B49D833
:10824000DFE803F0897569624500B6F814A0002CD8
:1082500040F05682814D0AEB8A0305EB83034FEA17
:108260008A091C895B6803EB8404B37D062B00F24A
:108270002C84DFE813F0790166019901880145013A
:108280002E010901002C79D1DFF8F0C19CF80C30E7
:10829000002B00F0AA809CF800308CF80C40013BC9
:1082A000062B00F21D82DFE813F01903D502C2018C
:1082B000AE011B0205039A01002C40F01A823379AB
:1082C000032B00F28780DFE803F0BA63789F052371
:1082D0008DF81430624C04F1100654F8043B284623
:1082E00003B19847A642F8D15E495F4800243C603C
:1082F00001F06AFA5D48012101F02EFB00287FF4AD
:1083000078AF0BB0BDE8F08F04238DF81430F388FC
:10831000ADF82030DEE703238DF81430F388ADF894
:1083200020303389ADF82230F3680793D2E7022377
:108330008DF814303389ADF82030B388ADF8223091
:10834000F3680793B37DA3F10603B3FA83F35B09E4
:108350008DF82430BEE701238DF814303389ADF851
:108360002030B388ADF82230F3680793B2E73D4977
:108370003D4801F0F7F9064638603EE74FF4064401
:1083800005AD0023C5E90033C5E902332B6152E78F
:10839000324D2B78022B00F07C832B7D022B00F0DA
:1083A0008883334B01221A7000225A6005AD0024E5
:1083B0000594C5E902442C613DE72E4A2E4802216E
:1083C0000023337191801168012201F0AFFF002872
:1083D00097D03E68264A05AD002305935360C5E952
:1083E00002332B6148F20D6425E79CF80030072B1F
:1083F00000F2A282DFE813F0B602A002A002D102CE
:10840000ED02F300F3009A021A4C1C4B21681A4843
:108410000022327100925D8805EB85030F4D05F84F
:10842000232005EB8305A3882B816B68236002233F
:10843000A380134A6960082301F0E6FEC7E7012321
:108440000C493371002309680E4A00930A48082337
:1084500001F0DAFEBBE700BFD03E0020D43E002092
:10846000A03E0020C83E0020883F0020983F00200A
:10847000B03E00209C3F0020D4370020B83E0020B2
:10848000FC85030004860300324641F61D5409EBC7
:108490000A0105EB8101F3880889033303440B814A
:1084A000D144F38805EB89051646C3F57F436A89F5
:1084B000FD3313446B8105AD41F61D5200239442F8
:1084C000059308BF1C46C5E902332B613FF4B3AEE8
:1084D000C0E2A54BA54A5968A54BA6481C880623AF
:1084E000B37500230093042301F08EFE10BB04EB50
:1084F000840305EB830501232B740BB0BDE8F08FDB
:108500009948B3699A4903604FF0000BC0F804B072
:10851000FFF7F6FD002800F0AF820223B3750423B5
:108520009448CDF800B02146F21801F06DFE002805
:108530003FF4E7AEB37D3A68022B48F20D64AFD941
:10854000A5E7032A0CBF05230623B3750023009378
:108550008848211D042306F1080201F055FE002879
:10856000E8D10BB0BDE8F08F0223B3750023009370
:10857000042380482146F21801F046FE0028D9D194
:108580000BB0BDE8F08FF38832690120B075002090
:10859000009004F10C0177489B0001F035FE0028A3
:1085A000C8D10BB0BDE8F08F33697248002B14BFFF
:1085B00003230123B3750023009304F1080104236E
:1085C00006F10C0201F020FE00283FF49AAEB37DC4
:1085D0003A68022B48F20D647FF662AF57E7664AAD
:1085E00064481168002307228CF800200093634A36
:1085F000CCF80430082301F007FE0446002C3FF4B9
:1086000080AE3E6857E7BCF802305D4D03EB830354
:1086100005EB8305EB68002B54D1696855480422AB
:108620008CF80020012201F081FE0446E6E7DCF828
:1086300004205148538884880168033301EB840186
:10864000002003249BB200909B008CF80040494816
:1086500001F0DAFD0446D1E701200346ACF8023010
:1086600000EB800305EB8303DCF8042059684FEA34
:10867000800E01F58056002A00F01D8253880333D6
:1086800002EB8302964217D91368013314D0538842
:10869000033302EB83039E420ED39488444505D0F6
:1086A00014881CB19468013440F001819E4203D9C2
:1086B0001A4613680133EAD1704405EB8005EB6874
:1086C000002BABD02C4A2B480523022191808CF83B
:1086D000003011680023012201F028FE04468DE7D6
:1086E00005AD0023059348F20E64C5E902332B6102
:1086F000A1E5244B00225A604FF4064405AD40E644
:10870000B37D1F4D022B08D90AEB8A0205EB8202CA
:10871000F388118903330B4413814FEA8A09D1444A
:10872000F38805EB8905C3F57F436A89FD3313445C
:108730006B8105AD002305934FF40644C5E9023370
:108740002B6178E502233371CDE9064405ADF3686A
:1087500005930DF112012846FFF7D2FC002840F0E6
:108760004D8148F209640CE6943E0020F885030030
:10877000A83F0020D43700209C3F0020048603003F
:10878000D43E0020B03E0020B44B1B78002B00F0FC
:108790005581DFF8D0E2BEF80490B9F1010F11D88D
:1087A000AF4D039409EB890205EB8202137883B184
:1087B00009F101091FFA89F3012BAEF8049002F1C7
:1087C0001402F3D9A748082200210EF093FB3E685B
:1087D000ECE55368DEF8001003F5805C03F1080A4D
:1087E000002900F029814B88033301EB83018C457C
:1087F00006D8039BCEF80030DAE79C45F9D9194634
:108800000B680133F5D04B88033301EB83039C45A0
:10881000EFD38C884445F0D0B1F800B0BBF1000F25
:10882000EBD088680130E8D0F388CEF80010A3427E
:10883000D6D1002300938C4A8C48042301F0E4FC39
:10884000002840F03B8109EB890905EB89050123EC
:108850002B7456E5BCF80200814DDCF8042000EBD7
:10886000800305EB83034FEA800E596801F58056BB
:10887000002A40F0A98001F10802B242BFF41CAF07
:10888000136801333FF418AF5388033302EB8303BB
:10889000B3423FF611AF9488444500F0C880148875
:1088A000002C00F0C4809468013400F0C080CCF843
:1088B0000420BEE6BCF80220694D9300134405EB8A
:1088C0008305062400236968694A009367488CF889
:1088D0000040082301F098FC04468FE69CF80A301B
:1088E0004BB15F4DE86800238CF80A3018B92B7C37
:1088F000002B40F0E8809CF80B3053B1584D00231A
:108900008CF80B302B6A23B995F82430002B7FF4B8
:10891000A3AE05AD002305938CF80030C5E9023302
:10892000ACF80230CCF804302B6184E401238CF8DD
:1089300000309CF80A30D3E7013B062B3FF6D0AE5F
:1089400001A252F823F000BFDD8802005588020022
:108950002F86020007860200E1860200B588020029
:10896000DF8502003E4DBCF808302A7D0133ACF8AB
:108970000830B2FA82F22B785209B3FA83F38CF8FA
:108980000B2000225B09ACF802208CF80C2001229D
:108990008CF80A308CF80020A2E7BCF80200304DB9
:1089A000344CDCF8042000EB800305EB830356888D
:1089B0005968A38803333344A38002238CF8003022
:1089C00000FA03FE01F580565388033302EB83025D
:1089D00053E7BCF80220224D264902EB820305EB47
:1089E00083038888188158680C6808600220888092
:1089F00000215C60197402FA00F35FE706991A4AD5
:108A00008B88F3800B883381184800940423BDF8C9
:108A1000124001F0F9FB002837D1114B04EB84041C
:108A200003EB8404012323740BB0BDE8F08FB34241
:108A3000BFF442AE1A4623E75146D8E605AD2146BB
:108A4000084808220EF056FA0594C5E902442C6144
:108A500048F201643E68FFF7EEBB00BFB03E002065
:108A6000D43E0020AC3F0020F8850300D43700201E
:108A7000FC8503009C3F002005AD059048F2096489
:108A8000C5E902002861FFF7D6BB3E6848F20D64D5
:108A900077E4002303EB830305EB83020D48516861
:108AA000002205F82320009208230B4A01F0ACFBBA
:108AB0008DE40123EEE701F10802E3E53E6848F2A8
:108AC0000D6405AD5DE40346C8E5324648F20E6428
:108AD000DDE400BFD4370020FC8503004068FFF7C9
:108AE00081BB00BF094A116804290BD038B5084C76
:108AF000156803460121104644F8253000F020FF98
:108B0000002038BD48F20B60704700BFA43F002032
:108B1000A03E00202DE9F04F974D89B02A78002320
:108B2000CDE90333CDE90533079372B1934C04F1DA
:108B3000100554F8043B03A803B19847A542F8D1A7
:108B40000024204609B0BDE8F08F281D02F0FF0880
:108B500000F00EFF0028F3D1D8F8F83F5C1C42D09B
:108B60004FF0805211695269DFF838928449C9F890
:108B700010300022A3F540534846C9F80C3001F0EC
:108B80000BFB04460028DCD17E497F48DFF818A2A1
:108B90001C238C2200F06AFD26464FF0030B27466B
:108BA000D9F80C30F018F35800F0DD80774A934282
:108BB00025D14368764A934273D00132934220D143
:108BC000B8F1000F40F09680724B73491860002294
:108BD0000193FFF737FA019B9B88022B0CBF0423FC
:108BE00008231C4326E04FF010234FF080525B69AE
:108BF00011695269581C08BF02FB01F3B4E7013345
:108C00000AD1031D00F5805101E099425FD01A6836
:108C1000013203F10403F8D007EB87030AEB830268
:108C20000BF1FF3B5060032201370AF823201FFAA3
:108C30008BFBBFB206F58056B6F5405FB0D1BBF1F5
:108C4000010F40F28A80E4B2062C0ED14B4C012277
:108C500000232A706B6004F1100554F8043B03A84C
:108C600003B19847A542F8D16AE702D814F0FD0F86
:108C700073D002A9444800F033FD1C2205460021B0
:108C80000EF038F9002D62D00123013C2B700A2C24
:108C900048D8DFE804F04547454759475947565FEC
:108CA000560007EB87030AEB83029900506001F13D
:108CB000100208314FF0000C5244514401370AF8B9
:108CC00023C044F00204FFF7BDF9BFB2B2E7314B55
:108CD0001A68FAB1314A07EB87010AEB8103578022
:108CE000022201370AF821205860BFB21A8144F0ED
:108CF00001049FE707EB870C0AEB8C020221254B4E
:108D00000AF82C10118125494F80196851600137EC
:108D1000BFB25AE7022218609A804FF00108E6E7D6
:108D200000232B7102A9184800F00CFD1C480121FA
:108D300000F0FAFD044600287FF402AFFFF752FA74
:108D4000FFE603232B71EDE701232B71EAE748F2DD
:108D50000764F6E602232B71E4E700232B7048F248
:108D60000A646B60EDE65A1C3FF44BAF074A93422E
:108D70003FF447AF50E700BFB03E0020A03E0020C8
:108D800018880300FC3E0020883F0020DEC0ADDED6
:108D9000FE011EF19C3F0020A03F0020B83E0020B5
:108DA000983F0020D4370020D43E002030B370B567
:108DB0000D4682B0F1B10DF106010446FFF7A0F9AE
:108DC00018B948F2096002B070BDBDF806000D4B3D
:108DD000666800EB800003EB800001210C3000F09E
:108DE000AFFD2E60636801220C3300206B60A2721D
:108DF00002B070BD48F2046002B070BD48F2046079
:108E0000704700BFD43E002010B310B582B00DF102
:108E100006010446FFF774F9B0B1BDF806300E4AFA
:108E200003EB830302EB8303DA684AB1A27A3AB117
:108E3000DA680021013A0846DA60A17202B010BD7A
:108E400048F2056002B010BD48F2096002B010BDE2
:108E500048F20460704700BFD43E00202DE9F0477F
:108E6000514B1B7882B083B30C46002945D00A8849
:108E70004FF6FF739A4222D04B8803B34D6815F02A
:108E8000030534D1B1F8089009F103039BB240F215
:108E9000FE32934234D8454A1178074639B9508991
:108EA00011890144194489B2B1F5806F2BD9117D24
:108EB00089B148F20665284602B0BDE8F08748F25D
:108EC0000365284602B0BDE8F08748F201652846F0
:108ED00002B0BDE8F087D08B918B0144194489B270
:108EE000B1F5806FE5D84FF00108C2460DE048F2B9
:108EF0000265284602B0BDE8F08748F20465DAE76B
:108F000048F20865D7E7A846AA460AEB8A0A02EBA8
:108F10008A0A034401A92648AAF80A3000F0E0FBB7
:108F20001C22064600210DF0E5FF002E2FD0A6F8EA
:108F3000148002234FF0000886F8168033706368AF
:108F4000336101211B4800F0FBFCF0602388338172
:108F500063881748B38001A9A6F80690A6F80A808E
:108F600000F0F0FB47B1C7F80480F268124B3A609A
:108F70001B8987F80A803B811048012100F0D4FC4E
:108F80000446002897D1FFF72DF9254693E7BAF854
:108F90000A30C9F57F4909F1FD099944AAF80A90F8
:108FA00048F2076587E700BFB03E0020D43E0020AE
:108FB000883F0020CC3E0020B83E0020983F002093
:108FC0002DE9F04782B068B3524B1B78002B41D09B
:108FD0000C4639B30A884FF6FF739A4234D04B8857
:108FE00093B34E6816F003063AD1B1F808A00AF11F
:108FF00003039BB240F2FE32934234D8464A1178C2
:10900000054639B9518910890844184480B2B0F531
:10901000806F2BD9117D59B148F20666304602B0F7
:10902000BDE8F08748F20466304602B0BDE8F0873C
:10903000D18B908B0844184480B2B0F5806FEBD888
:109040004FF00109C84613E048F20366304602B00B
:10905000BDE8F08748F20166304602B0BDE8F0870F
:1090600048F20266DAE748F20866D7E7B146B0464A
:1090700008EB880802EB88080B442848A8F80A3057
:1090800001A900F02DFB1C22074600210DF032FF44
:10909000002F32D04FF000080323A7F8149087F870
:1090A00016803B7063683B6101211D4800F048FC5D
:1090B000F86023883B816388BB800423A7F806A05F
:1090C000BB752B68BB6101A91448A7F80A8000F0A2
:1090D00039FBC5F80480FA68124B2A601B891248D4
:1090E00085F80A802B81012100F01EFC044600282F
:1090F00094D1FFF777F8264690E7B8F80A30CAF51A
:109100007F4A0AF1FD0A9A44A8F80AA048F20766C5
:1091100084E700BFB03E0020D43E0020883F0020FE
:10912000CC3E0020B83E0020983F002070B51D4B7B
:109130001B7882B00BB34FF6FF739842044626D0DB
:1091400001A9194800F0CCFA1C22054600210DF0B7
:10915000D1FEBDB1052301262B70EC8001A9124878
:109160002E7100F0EFFA1148314600F0DDFB0446A5
:1091700090B10024204602B070BD48F20164204640
:1091800002B070BD48F20764204602B070BD48F2DC
:109190000364204602B070BDFFF724F8204602B0F9
:1091A00070BD00BFB03E0020883F0020983F0020E7
:1091B00010B5194B1B7882B0F3B101A9174800F024
:1091C0008FFA1C22044600210DF094FEF4B1062310
:1091D0002370124801A900F0B5FA114B1A780AB1B0
:1091E00001221A730F48012100F09EFB044640B192
:1091F0000024204602B010BD48F20164204602B0AF
:1092000010BDFEF7EFFF204602B010BD48F2076424
:10921000204602B010BD00BFB03E0020883F0020B5
:10922000B83E0020983F00202DE9F047374C2478C5
:10923000002C5FD0002A61D0002B5FD09C88012CCD
:1092400060D8334D661C04EB840405EB84058A4624
:109250002C78B6B24FF6FF774FF0000844B1022EDB
:109260009E8005F114054DD02C780226002CF6D1F5
:109270001C68D5F804C00CF5805E002C37D0B4F81B
:1092800002C00CF1030C04EB8C04744505D3C3F845
:109290000080E4E7E645FAD9644621680131F6D05A
:1092A000B4F802C00CF1030C04EB8C0CE645EED3D1
:1092B000B4F80490B945EDD0B4F80090B9F1000FBE
:1092C000E8D0A1680131E5D01C60B4F804C0844541
:1092D000CFD1B4F800C0D445CBD1A16811601968D2
:1092E0000C4B51601B8913810020BDE8F0870CF105
:1092F0000804CAE748F20160BDE8F08748F204605C
:10930000BDE8F08748F20960EFE700BFB03E0020FB
:10931000D43E0020B83E0020364B1B78002B60D096
:10932000002961D0002A5FD02DE9F043B2F804E0B3
:10933000BEF1010F5BD8304B0EF101050EEB8E0E26
:1093400003EB8E0EADB29EF800304FF6FF764FF075
:1093500000094BB1022D95800EF1140E47D09EF8F6
:1093600000300225002BF5D11368DEF804C00CF59F
:109370008054002B32D0B3F802C00CF1030C03EB85
:109380008C03A34205D3C2F80090E3E76445FAD901
:1093900063461F680137F6D0B3F802C00CF1030C26
:1093A00003EB8C0C6445EED3B3F80480B045EDD0EC
:1093B000B3F80080B8F1000FE8D09F680137E5D01E
:1093C00013601C888442D0D19B680B6012680B4BE1
:1093D0004A601B890B810020BDE8F0830CF1080373
:1093E000CFE748F20160704748F20460704748F2E6
:1093F0000960F1E7B03E0020D43E0020B83E0020D6
:10940000364B1B78002B60D0002961D0002A5FD03A
:109410002DE9F043B2F804E0BEF1010F5BD8304B08
:109420000EF101050EEB8E0E03EB8E0EADB29EF823
:1094300000304FF6FF764FF000094BB1022D9580BA
:109440000EF1140E47D09EF800300225002BF5D106
:109450001368DEF804C00CF58054002B32D0B3F84A
:1094600002C00CF1030C03EB8C03A34205D3C2F83A
:109470000090E3E76445FAD963461F680137F6D0E8
:10948000B3F802C00CF1030C03EB8C0C6445EED373
:10949000B3F80480B045EDD0B3F80080B8F1000F08
:1094A000E8D09F680137E5D013609C888442D0D112
:1094B0009B680B6012680B4B4A601B890B81002074
:1094C000BDE8F0830CF10803CFE748F20160704774
:1094D00048F20460704748F20960F1E7B03E0020AE
:1094E000D43E0020B83E002020B119B103680B60C3
:1094F0000020704748F20460704700BF2DE9F84F24
:10950000574B1B78002B00F0A3800446002800F086
:10951000A380122200210DF0EDFCDFF84C81608861
:109520002189B4F80AC0A7894E4A03232380002565
:109530004FF6FF7E5389B2F80890994453681FFA9A
:1095400089F9002B56D01E68464553D15B6803F15C
:109550006E6303F5FF330233012B4BD8414ECC44ED
:10956000C9F5806305EB850906EB89099BB2D9F83B
:109570000C90484480B26080B2F80A904944BB42E3
:109580001FFA8CFC89B288BFA3812181A4F80AC08C
:10959000D2F8049088BF1F4609F1080309F58059E5
:1095A0001E68013621D0B3F802A00AF1030A03EBCA
:1095B0008A0AD14538D3B3F804A0F2451ED0B3F8D7
:1095C00000A0BAF1000F19D09E68013616D0B4F889
:1095D00004A00AF1010AA4F804A0B3F802A00AF159
:1095E000030A03EB8A039945DAD8143275B30020D5
:1095F000BDE8F88F2388013B2380AFE7B4F806B0BD
:10960000B4F80EA00BF1010BA4F806B0B3F802B049
:109610000AF1030ADA44A4F80EA0B3F802A00AF192
:10962000030A03EB8A03DEE7A9EB03094FF001030A
:10963000B4F806A02374E3890AF1010A03EBA90335
:10964000A4F806A0E3811432002DD0D1012571E7E2
:1096500048F20160BDE8F88F48F20460BDE8F88F79
:10966000B03E0020D43E0020DEC0ADDE99B110B483
:10967000B2FBF3F403FB1424A4B244B9C0E9001410
:1096800084608281C38120465DF8044B70470920C5
:109690005DF8044B70470E20704700BF82B050E861
:1096A000022FC188B2EB324F4FF0000317BF92B2C6
:1096B00041EA014142EA014104E04268B2EB324F23
:1096C00008BF012340E80212002AE8D18DF80730D4
:1096D0009DF80730002B0CBF1120002002B070470E
:1096E00010B483B050E8013F1FFA83FCC489A4443E
:1096F0008489A44528BFACEB040C0489A44502BFAF
:10970000BFF32F8F002207E0CCEA030C40E801C42E
:10971000002CE7D14FF001028DF803200193019C4A
:109720009DF803200C6032B1006810FA84F003B099
:109730005DF8044B704702F0FF03184603B05DF874
:10974000044B70470A884B889A4201D0002070472A
:1097500050E8012FC2EA024240E80123002BF7D172
:109760000120704710B483B050E8023F1FFAA3FCF9
:10977000C488A44502BFBFF32F8F00220EE0C48926
:10978000A4448489A44528BFACEB040CC3EA0C4C68
:1097900040E802C4002CE7D14FF001028DF803200D
:1097A0000193019C9DF803200C6032B1006800EB2E
:1097B000144003B05DF8044B704702F0FF031846F5
:1097C00003B05DF8044B70470A884B889A4201D079
:1097D0000020704750E8022FC2EA224240E80223EC
:1097E000002BF7D1012070474B0901F01F024FF009
:1097F000010C0CFA02F100EB830000F07DB800BF11
:109800004B0910B501F01F040121A14000EB8300BA
:1098100000F066F8E04000F0010010BD01F01F020A
:10982000012303FA02F24B0900EB8300D14300F05D
:109830006FB800BF4B0901F01F0150F82300C8406A
:1098400000F00100704700BF2DE9F04F01F1FF3B30
:1098500083B04FEA5B130F460546019300264FF095
:10986000010A55F8264005EB8608E44394FAA4F46F
:10987000FCB1B4FA84F404EB46144FEA4619A7424B
:1098800017D904F01F0360090AFA03F105EB800001
:109890009B4600F025F820FA0BF0C30711D5D8F845
:1098A0000030DB4393FAA3F3B3FA83F44C44002B68
:1098B000E5D1019AB24206F1010301D01E46D0E77C
:1098C0003C46204603B0BDE8F08F00BF034653E896
:1098D000000F0A4643E8002C9CF0000FF7D17047B8
:1098E000034653E8000F40EA010243E8002C9CF0D5
:1098F000000FF6D1704700BF034653E8002F42EA3D
:10990000010043E8000C9CF0000FF6D1704700BF47
:10991000034653E8002F02EA010043E8000C9CF0E4
:10992000000FF6D1704700BF034653E8000F00EB6D
:10993000010243E8002C9CF0000FF6D1704700BFF5
:10994000034653E8002F02EB010043E8000C9CF0B3
:10995000000FF6D1704700BF034653E8002FA2EB7B
:10996000010043E8000C9CF0000FF6D1704700BFE7
:109970000346012253E8000F40EA020143E8001CBD
:109980009CF0000FF6D170470346012253E8001FF8
:1099900041EA020043E8000C9CF0000FF6D170474A
:1099A0000346002253E8000F00EA020143E8001CCE
:1099B0009CF0000FF6D17047D0B110B4D0E901127D
:1099C000521A0468D2B2531E2160DBB252B1016850
:1099D0000A6803F1FF3C541C0C6013705FFA8CF3AF
:1099E000FF2BF4D10368002018715DF8044B704719
:1099F0000E20704730B583B0044600250DF10700F6
:109A00008DF80750FEF778F9D4E900311A688A42D8
:109A100010D9511E19602168A3680D6812F8012C35
:109A2000208A5B1BE56800FB02550A79DBB29A428B
:109A300038BF0B719DF80700FEF784F9284603B084
:109A400030BD00BF30B5054683B00DF107000023DF
:109A50000C468DF80730FEF74FF92A681368591C39
:109A60001160E9682A8A641AB4FBF2F41C709DF84C
:109A70000700FEF767F903B030BD00BF826842B14E
:109A800010B5044643690168006998470023A36044
:109A900010BD70470EB400B582B0039921B104AB7C
:109AA00001AA019300F0B6F802B05DF804EB03B030
:109AB000704700BF2DE9F04F154683B0A942DDF88D
:109AC00030900D9A0F4606469A46C0F09E800B468F
:109AD0004FF00108B3FBF5F39D4208F10108F9D9F5
:109AE000D04538BFD04612F00103019302D1B9F13D
:109AF000000F67D1B268BAF1010F4FF0010406D927
:109B00000AF1FF3ABAF1010F05FB04F4F8D8B7FBEC
:109B1000F4F39D4205D805FB04F4B7FBF4F39D4232
:109B2000F9D9DFF8ECA007E0AC42B4FBF5F31AD3A7
:109B3000B2681C46B7FBF3F31AF803B0BBF10A0F87
:109B400004FB137728D03368511CB16003F802B0CE
:109B5000D6E901329A42E7D33046FFF78FFFB4FBD4
:109B6000F5F3AC42E4D2019B9BB1B9F1000F10D0E8
:109B70002024C84509F1FF390BD2B3683268591C5B
:109B8000B160D454D6E901329A4214D2B9F1000F2F
:109B9000EFD103B0BDE8F08F511C3368B1604FF0D6
:109BA0000D019954D6E901329A42CCD33046FFF7E1
:109BB00065FFB268C7E73046FFF760FFB9F1000FF5
:109BC000D7D1E6E793071AD42024B268C84502F13A
:109BD000010190D23368B1609C54D6E901329A42B7
:109BE00009F1FF3903D2B9F1000FEFD183E7304615
:109BF000FFF744FFB268B9F1000FE7D17BE7BAF194
:109C0000000F0CBF30242024DFE74FF0010867E786
:109C10000C860300002900F05C822DE9F04FDFF88C
:109C200070950D7885B0064690460C464FF00D0AAB
:109C30000FE00A2DB36800F08E803268591CB160C5
:109C4000D554D6E901329A4280F081802578002DE2
:109C500069D00134002D66D0252DEAD10027234696
:109C600014F8012B2D2A6CD0302A6DD02B2A61D00C
:109C70002A2A7FD0A2F1300109294FF000050BD824
:109C800005EB850502EB450513F8012FA2F1300124
:109C90000929A5F13005F3D92E2A1C4675D00023D9
:109CA00001E014F8012F02F0FB016829F9D0252A00
:109CB00000F08681583AD1B2202930D8202A2ED8F7
:109CC000DFE812F021002D002D002D002D002D00C9
:109CD0002D002D002D002D002D00FE0079002D00FF
:109CE0002D002D002D0079002D002D002D002D00C0
:109CF0002D002D00BD002D002D001A012D00160194
:109D00002D002D002100D8F800101022081DC8F8E1
:109D1000000009683046CDE90057FFF7CBFE01345B
:109D20002578002D95D1337B002B40F0438105B081
:109D3000BDE8F08F234614F8012B2D2A47F00407C5
:109D400092D147F001078AE747F0020787E73046DC
:109D5000FFF794FE7AE73268591CB16002F803A05D
:109D6000D6E901239342FFF468AF3046FFF786FE41
:109D7000B36862E7D8F80020111DC8F80010156814
:109D80005A782E2A03F1010489D16278A2F13003B6
:109D9000092B04F101044FF0000384D803EB830383
:109DA00002EB430314F8012FA2F130010929A3F1BA
:109DB0003003F3D977E7D8F80020111DC8F8001058
:109DC000D2F800B08BEAEB72A2EBEB72092A40F3F7
:109DD000DB81DFF8C0C3012011466329ACFB02E23E
:109DE00000F101004FEAD202F6DC9842024638BF89
:109DF0001A460292002D00F01E81BBF1000FC0F246
:109E00002E817A0700F12B81B80740F12A81002BBF
:109E100040F02781BBF1000FC0F27D817A0700F18D
:109E20008D8107F00302022A00F05D81CDE9005721
:109E300059460A223046FFF73DFE013470E7D8F854
:109E400000301A1DC8F800201F68B3683268581C1B
:109E50003021B060D154D6E90123934280F0FA80DA
:109E6000591C3268B1607821D154D6E901329A4246
:109E700080F0EB800F2F03D93B461B090F2BFCD83A
:109E80004FF0805506E00F2D4FEA15137FF647AFD0
:109E9000B2681D46B7FBF5F319F803B0BBF10A0F22
:109EA00005FB137777D03368511CB16003F802B01B
:109EB000D6E901329A42E6D33046FFF7DFFDE2E70A
:109EC000D8F800301A1DC8F800201D78B3680A2D94
:109ED00000F03A813268591CB160D554D6E901329C
:109EE0009A42FFF41CAF3046FFF7C8FD013417E774
:109EF000D8F800100A2209E7D8F800301A1DC8F86F
:109F0000002017F00107D3F800B064D1BBF1000FB7
:109F100003D058460DF032F80746BD4215D920222D
:109F200001E0BD4211D0B1683368481CB0605A549A
:109F3000D6E90130984205F1FF35F2D33046FFF7FC
:109F40009DFDBD424FF02002EDD19BF80050002D49
:109F50003FF4E5AE0A2DB0680FD03368421CB26002
:109F60001D54D6E90130984280F0B4801BF8015F9F
:109F7000002D3FF4D4AE0A2DEFD13368421CB260FD
:109F800003F800A0D6E901309842E6D33046FFF747
:109F900075FDB068E1E73368511CB16003F802A0B9
:109FA000D6E901329A42FFF47EAF3046FFF766FDF4
:109FB000B26878E7304605B0BDE8F04FFFF75EBD08
:109FC000B3683168581CB060CA54D6E901329A426D
:109FD00089D20134A4E69BF80030002B00F0D68033
:109FE000B0685F46CBF101020A2B02EB070B5ED093
:109FF000411CB16031680B54D6E90130984248D217
:10A0000017F8013F002BEFD15D457FF688AE202782
:10A0100002E05D453FF483AEB2683368511CB16025
:10A020009F54D6E901329A4205F1FF35F1D330460B
:10A03000FFF724FDEDE7B80705D5002B3FF4EAAEA6
:10A04000F9073FF5E7AE0025E4E63046FFF716FDD9
:10A05000B2680FE73046FFF711FDB36800E7013D36
:10A06000D2E6F9073FF5D6AE002DECD020220299BA
:10A07000A942BFF4CFAEB168481CB060306842540A
:10A08000D6E90101814205F1FF356CD2002DEED1F8
:10A09000D9E730460292FFF7F1FC17F8013F002B99
:10A0A000B2D0029AB0680A2B02EB070BA0D1411C78
:10A0B000B160316801F800A0D6E90110884297D359
:10A0C0003046CDE90232FFF7D9FCDDE90232B06853
:10A0D0008EE770473046FFF7D1FC1BF8015F002D7B
:10A0E0007FF438AF1BE6002B7FF4A0AE8DB1302299
:10A0F00002998D427FF69AAEB168481CB060306814
:10A100004254D6E90101814205F1FF3535D2002DD7
:10A11000EED100258AE6B1683268481CB060CBF108
:10A12000000B2D205054D6E901219142FFF479AE65
:10A1300030460393FFF7A2FC039B72E6B1683268D6
:10A14000481CB0602B20EDE73268591CB16002F862
:10A1500003A0D6E901239342FFF4BCAE3046FFF7DB
:10A160008DFCB368B6E630460393FFF787FC039B8C
:10A170002022002D7FF47BAF65E730460393FFF785
:10A180007DFC039B3022C2E701202EE69B463BE785
:10A190000C860300CDCCCCCC10B582B038B1B9B1AF
:10A1A00001600B68114602B0BDE810401847104B23
:10A1B0001048114A1149C01AC0080E240004104B5F
:10A1C000009440F00100FCF7BDFB0E2002B010BD72
:10A1D000074B08480B4A0949C01AC0080E2400045E
:10A1E000074B009440F00100FCF7ACFBEDE700BF2B
:10A1F000A4BF03001CC003001C86030024860300C8
:10A20000F8870300508603002DE9F04182B0002852
:10A2100059D01546002A5FD00768002F65D01C462C
:10A220006BB34668D6F80480B3FBF8F608FB163625
:10A2300076BB11F0030F34D1AD073BD1C568A942FD
:10A2400011D22E4B2E482F4AC01A1024C0082E4B74
:10A25000A0402E49009440F00100FCF773FB20461B
:10A2600002B0BDE8F081056901F1FF3E7444AC42E3
:10A27000E7D8FC68A44602B0BDE8F04160471F4B38
:10A280001F48234AC01AC0081F4B09240004E0E7F6
:10A290001A4B1B481F4AC01AC0081B4B0924000454
:10A2A000D7E7164B16481C4AC01A1024C008164B94
:10A2B000A040CEE7114B1248184AC01A1024C0081B
:10A2C000114BA040C5E70D4B0D48154AC01AC008F8
:10A2D0000D4B0E240004BCE7084B0948114AC01A74
:10A2E000C008094B0E240004B3E7044B04480E4A8F
:10A2F000C01AC008044B08240004AAE7A4BF030046
:10A300001CC0030020870300E487030024860300A9
:10A310006C860300B8860300E4860300FC86030015
:10A320001C860300B086030058860300F0B583B096
:10A3300000283AD00668002E40D022B3446827682F
:10A340007C1E0C4228D1C468A14210D2204B214867
:10A35000214AC01A1024C008204BA0402049009474
:10A3600040F00100FCF7EEFA204603B0F0BD4C1EB1
:10A3700007FB024E0469A645E8D83469A44603B039
:10A38000BDE8F0406047124B1248164AC01AC00898
:10A39000124B09240004E1E70D4B0E48124AC01A83
:10A3A0001024C0080D4BA040D8E7094B09480F4ABC
:10A3B000C01AC008094B0E240004CFE7044B05481F
:10A3C0000B4AC01AC008054B08240004C6E700BFAA
:10A3D000A4BF03001CC0030070870300D0870300E4
:10A3E000248603006C860300488703001C86030054
:10A3F0005886030029DF704728DF704708467047FA
:10A4000000207047024B187A003818BF01207047AF
:10A4100050400020034B187A0122B0FA80F05A74A1
:10A42000400970475040002008B510461A460CF00D
:10A4300053FD002008BD00BF08B5142200210448C8
:10A440000CF058FD0348FFF729F9002008BD00BFB4
:10A45000504000204040002010B50A4C0A4B436099
:10A460002046FFF785FA08B1002010BD0AF088FCED
:10A4700002462274054906481C238C22FFF7F6F891
:10A48000002010BD504000200C880300B43F002085
:10A490004040002030B53B4D2B7A87B0002B3AD09E
:10A4A000394B1C6802232B722379002B3ED0012BE1
:10A4B00025D022689368C3B10023CDE9023300930D
:10A4C000049303230193A36805932379002B4BD0B6
:10A4D000012B07D102238DF80030E36861690491F4
:10A4E0001B0302939368684698472849284800232D
:10A4F0002B726B6007B0BDE83040FFF765B9D4E957
:10A5000003031844FFF778FF20B31128D1D10123AA
:10A510002B7207B030BD1D491D48FFF723F91A4BB8
:10A52000044618600028BDD16860F2E7D4E905232D
:10A53000D21AB2F5805F28BF4FF480529208E168CA
:10A540002069012A38BF012219441844FFF752FF3D
:10A550000028DAD12B7C002BDBD10146022007B08A
:10A56000BDE8304000F016B801238DF800302369B3
:10A570000293E1686369CDE90313684693689847DD
:10A58000B3E700BF50400020684000206440002036
:10A5900040400020831E012B42D810B5354C237A51
:10A5A00086B0002B3AD0022B31D103283ED0324B5B
:10A5B00000221B68E2601A79002A44D0012A26D1C1
:10A5C000D3E9042101328A421A6120D1002020728D
:10A5D00019688A68BAB10022CDE902220092049279
:10A5E0009A68019005921A79002A39D0012A07D178
:10A5F00002228DF80020DA68586904901203029252
:10A600008B68684698471D491D48FFF7DDF8637C55
:10A610003BB906B0BDE81040FFF73CBF06B010BD27
:10A62000704706B0BDE810400AF09ABBE3680133FA
:10A63000082B01D8E360EAE70F4B00221B68E260B9
:10A6400022720D20C4E7D3E90512881AB0F5805FA5
:10A6500094BF121802F5805291429A61D7D1B5E7A2
:10A6600001228DF800201A690292DA685B69CDE94F
:10A670000323C5E7504000206840002064400020CC
:10A68000404000202DE9F04184B007468846184834
:10A6900003A916461D46FFF723F820B304461C22E3
:10A6A00000210CF027FC0A9B27606561114F1048C0
:10A6B000A360002503A9C4F81080E6602571FFF7A8
:10A6C00041F8381DFFF754F918B1284604B0BDE829
:10A6D000F0817B7C002BF9D10190FFF7DBFE019824
:10A6E00004B0BDE8F081042004B0BDE8F08100BFF3
:10A6F00040400020504000202DE9F04184B08046C9
:10A700000D46174803A916461F46FEF7E9FF18B382
:10A7100004461C2200210CF0EDFB2D0BA760012349
:10A72000104F0F48C4F8008003A9E56066612371EB
:10A73000FFF708F8381DFFF71BF918B1002004B027
:10A74000BDE8F0817B7C002BF9D10190FFF7A2FEE0
:10A75000019804B0BDE8F081042004B0BDE8F081A8
:10A76000404000205040002000F0FD03012B00D0AD
:10A77000704730B53D4DA0F10100B0FA80F02B7A62
:10A780000022400987B06A742874002B4ED0384BE1
:10A790001C6802232B722379002B52D0012B07D186
:10A7A000D4E903031844FFF727FE58B311281CD03F
:10A7B000226893687BB10023CDE9023300930493B0
:10A7C00003230193A368059323792BB3012B10D0A6
:10A7D0009368684698472749274800232B726B6087
:10A7E00007B0BDE83040FEF7EFBF01232B7207B082
:10A7F00030BD02238DF80030E368616904911B03CA
:10A800000293E5E72B7C002BF1D10146022007B033
:10A81000BDE83040FFF7BEBE01238DF8003023694C
:10A82000E16802936369CDE90313D1E71149124846
:10A83000FEF798FF0E4B044618600028A9D1686007
:10A84000D5E7D4E90523D21AB2F5805F28BF4FF4CB
:10A8500080529208E1682069012A38BF0122194418
:10A860001844FFF7C7FD0028A0D1CBE750400020D7
:10A87000684000206440002040400020FFF79CB862
:10A880002DE9F041058A0331043D4E198046B6FB9F
:10A89000F5F6FFF7AFF8A0B3F6B24FF48073013EC0
:10A8A00004468380C580C0F800802BD00346002575
:10A8B00008E06279AE4202F1010262713860C0F8CC
:10A8C00000801FD040461F46FFF794F8013503462D
:10A8D0000028EED16779791E17D0224601339942BC
:10A8E0001268FBD1D2F800805FB12668002501E034
:10A8F00034463668214640460135FFF7A3F8AF429B
:10A90000F6D800242046BDE8F08120682146FFF7F4
:10A9100099F8F6E701210430FFF712B82DE9F0416C
:10A92000012104460430FFF717F810F0FF0301D0AF
:10A93000BDE8F0816779791E16D02246013399422D
:10A940001268FBD1D2F80080002FF1D026680025D4
:10A9500001E034463668214640460135FFF772F87B
:10A96000AF42F6D8BDE8F08120682146BDE8F0414D
:10A97000FFF768B82DE9F8438846C788417907FB97
:10A9800001F1043902EB030C1E1D6145154638BF69
:10A99000CD1AB7420446B6FBF7F207FB126002D8A5
:10A9A000013A2468FCD13E1AAE4228BF2E469DB122
:10A9B0004FF000090430AD1B324608EB090120447A
:10A9C0000CF08AFAAF42B14424683E464FF00000D2
:10A9D00028BF2E46002DEDD1BDE8F8832DE9F843C0
:10A9E0000446C788407907FB00F0043802EB030CEB
:10A9F0001E1D6045154638BFC51AB7428846B6FBCE
:10AA0000F7F107FB116202D801392468FCD1BE1AA4
:10AA1000AE4228BF2E469DB14FF00009111DAD1B5F
:10AA20003246214408EB09000CF056FAAF42B1441B
:10AA300024683E464FF0000228BF2E46002DEDD17F
:10AA4000BDE8F88333DF704741DF7047064A074BA4
:10AA500010B5002414701C60BFF35F8F04490548D3
:10AA600000F0A0F8204610BD75400020784000207E
:10AA7000448803006C40002000B583B000230DF132
:10AA800007008DF80730FDF737F9F1EE103A23F0A3
:10AA90009F03E1EE103ABFF35F8F0B4B4022C3F8E8
:10AAA00084219DF80700FDF74DF90AF069F928B9EE
:10AAB00020BF40BF20BF03B05DF804FB03B05DF8CA
:10AAC00004EBFFF7C1BF00BF00E100E070B5284E06
:10AAD000044601213046FEF7F9FEBFF35F8FD0B97F
:10AAE000042C40D0234B1A7862BB234D01222C70DA
:10AAF0001A70224C636823B90EE000F05DF86368B9
:10AB000053B11B682878984703462046002BF4D1A0
:10AB1000BFF35F8F336070BDFCF7BAFAFBF7F8FC48
:10AB20000028FBD12B78023B012B0FD90AF028F922
:10AB3000D8B94FF080430122C3F80025BFF34F8FEF
:10AB400020BFFDE7BFF35F8F306070BDBFF34F8F55
:10AB50000B490C4BCA6802F4E0621343CB60BFF3AD
:10AB60004F8F00BFFDE7044DC3E7FFF76BFFE0E742
:10AB70007840002075400020744000206C40002088
:10AB800000ED00E00400FA0582680023936082680B
:10AB90001361826853618268D360826853608268FF
:10ABA0001360704701600B6843604A68934204BFBA
:10ABB00000234360704700BF436843B10268916857
:10ABC0000B4443605268934204BF002343607047C4
:10ABD00070B54468064620680D4618B908E0246838
:10ABE000206828B1B368294698470028F7D1206823
:10ABF0002860256070BD00BF4368186808B102680E
:10AC00001A60704743681868704700BF4368186847
:10AC100018B908E00346006828B18142FAD10A68F1
:10AC20001A600120704770471049A1F5947205E041
:10AC300052F83330984238BF61460CD2A1EB020C77
:10AC40004FEADC7303EBEC035B10914202EBC30CA5
:10AC5000EED80748704702D90CF10802EEE7DCF89D
:10AC60000400034B002808BF18467047848D03007A
:10AC7000488C0300BFF34F8F0549064BCA6802F4A6
:10AC8000E0621343CB60BFF34F8F00BFFDE700BF0F
:10AC900000ED00E00400FA0510B54FF08053D3F842
:10ACA00030315A1C04BF4FF0704393F8E03F062B3D
:10ACB00008D14FF08053C44AD3F82433C3F304239C
:10ACC000C2F840354FF0704393F8E02F062A00F0A9
:10ACD00027814FF08053D3F830315C1C04BF4FF014
:10ACE000704393F8E03F062B09D14FF080534FF0AB
:10ACF0008042D3F84432C3F34233C2F83C354FF0BC
:10AD0000704393F8E02F062A00F0F5804FF080534F
:10AD1000D3F83031581C04BF4FF0704393F8E03F34
:10AD2000062B08D14FF080430022C3F80C21C3F852
:10AD30001021C3F838254FF0704393F8E02F062A0E
:10AD400000F0B6804FF08052D2F83031591C2AD032
:10AD5000062BD2F8342130D09C4AD2F8883043F404
:10AD60007003C2F88830BFF34F8FBFF36F8F4FF07F
:10AD70008053D3F83021062A00F0E3804FF01023EF
:10AD8000D3F80C22D10700F16581D3F80022002A04
:10AD9000C0F23A81D3F80432002BC0F235818C4BDB
:10ADA0008C4A1A6010BD4FF0704292F8E01FD2F842
:10ADB000E82F0629D0D1C2F30312033A042A40F245
:10ADC000DA804FF08053844AD3F80414C2F8201577
:10ADD000D3F80814C2F82415D3F80C14C2F82815B7
:10ADE000D3F81014C2F82C15D3F81414C2F8301587
:10ADF000D3F81814C2F83415D3F81C14C2F840154F
:10AE0000D3F82014C2F84415D3F82414C2F8481516
:10AE1000D3F82814C2F84C15D3F82C14C2F85015E6
:10AE2000D3F83014C2F85415D3F83414C2F86015AE
:10AE3000D3F83814C2F86415D3F83C14C2F8681576
:10AE4000D3F84014C2F86C15D3F84414D3F8303159
:10AE5000C2F870155C1C04BF4FF0704393F8E03FDC
:10AE6000062B7FF479AF4FF080524FF08041D2F83B
:10AE70005832D2F8302103F04F03501CC1F8E43EA1
:10AE80007FD0062A7FF468AFD1F80034DA0700F1EA
:10AE900084804FF08053D3F83431033B042B64D9C2
:10AEA0004E4AD2F83C3743F48063C2F83C3753E74C
:10AEB000D3F8E83FC3F30313033B042B3FF642AF41
:10AEC000474AD25C22B14FF080420321C2F8A0155C
:10AED000444AD35C002B3FF435AF434B052401209B
:10AEE00000213F22C3F81046C3F88806C3F818169D
:10AEF000C3F8142626E7D3F8E83FC3F30313033B54
:10AF0000042B3FF603AF394AD35C002B3FF4FEAE6F
:10AF10002E4AD2F8FC3023F08073C2F8FC30F5E6FC
:10AF2000D3F8E83FC3F30313033B042B3FF6D1AE42
:10AF30002F4AD35C002B3FF4CCAE2E4B2E4A5A67DF
:10AF4000C7E6D3F83431033B042B08D94FF0102265
:10AF50004FF08043D2F80822C3F858250EE7274A5D
:10AF6000D35C002B3FF40AAFF0E7254AD35C002BFB
:10AF70003FF4F2AE94E723498A5C002A3FF46AAFBB
:10AF80001FE74FF0704393F8E03F062B7FF4E4AEE9
:10AF9000D1F80034DB077FF5DFAE4FF080534FF080
:10AFA0008042D3F830316FF00101062BC2F8001453
:10AFB0007FF4D2AE4FF08053D3F83431033B042BEF
:10AFC0003FF66EAFD1E700BF0030014000ED00E07A
:10AFD000983500200090D00300C0004000100040D1
:10AFE0009C8D03009C8D0300005000409C8D03004D
:10AFF0009C8D030000C007400DF0ADBA948D030096
:10B000008C8D0300848D0300214A0123C2F804358E
:10B01000D2F80034002BFBD04FF0102315211C4A2E
:10B02000C3F80012D2F80034002BFBD04FF01023ED
:10B030001521174AC3F80412D2F80034002BFBD0B4
:10B0400000231349C2F80435D1F80034002BFBD09B
:10B05000FFF710FE0E4A0123C2F80435D2F800347F
:10B06000002BFBD04FF01021094AD1F80C3223F00D
:10B070000103C1F80C32D2F80034002BFBD00023BE
:10B080000349C2F80435D1F80034002BFBD0DFE7C8
:10B0900000E001404FF0A042044B1B5CD2F80405D5
:10B0A000D840C04300F00100704700BFA88D0300E6
:10B0B000044A115C01234FF0A0428B40C2F80C35CA
:10B0C000704700BFA88D0300044A115C01234FF0B4
:10B0D000A0428B40C2F80835704700BFA88D03001E
:10B0E0004FF0A04310B44FF480204FF400344FF4DD
:10B0F00000214FF48012C3F80845C3F80805C3F8CF
:10B100000815C3F808255DF8044B70474FF0A043BD
:10B1100010B44FF480204FF400344FF400214FF46A
:10B120008012C3F80C45C3F80C05C3F80C15C3F81E
:10B130000C255DF8044B7047074B4FF0A041185C9D
:10B14000D1F804350122824022EA03001340C1F8FD
:10B150000805C1F80C357047A88D03004FF0A042D8
:10B16000044B1B5CD2F81005D840C04300F001002E
:10B17000704700BFA48D03000D2809D00E2809D008
:10B180000F2809D010280CBF03204FF0FF30704764
:10B19000002070470120704702207047C20710B49A
:10B1A0001AD54FF0A04303224FF40031C3F84427CF
:10B1B0004FF48024C3F84827C3F84C27C3F850271E
:10B1C000C3F808154FF480124FF40021C3F8084566
:10B1D000C3F80815C3F8082583070AD54FF0A04324
:10B1E0000C22C3F83427C3F83827C3F83C27C3F828
:10B1F00040275DF8044B704710B568B90E4CA36842
:10B20000012262703BB1D3E900230020A26098477D
:10B21000A368002BF7D110BD0128FCD1064C23698F
:10B22000A070002BF7D0D3E90023012022619847BA
:10B230002369002BF7D110BD7C40002070B910B5F8
:10B24000074CA368012262703BB1D3E900230020C0
:10B25000A2609847A368002BF7D110BD704700BFCC
:10B260007C40002030B5012883B004D0032821D0D1
:10B27000B0B103B030BD294C00230DF107008DF8AB
:10B280000730FCF739FD23786BB3E3689DF80700BE
:10B2900001221344E360A270FCF754FD03B030BDFB
:10B2A0001F4B0122C3F88020BFF34F8FBFF36F8F76
:10B2B00003B030BD194C00F045F800230DF1070034
:10B2C0008DF80730FCF718FDE368013BE360E368A5
:10B2D0001BB9144BD3F80054C5B19DF80700FCF717
:10B2E00031FD03B030BD10486360A3602361E360AB
:10B2F00000F01CF809F044FD60B10A4A01232370F4
:10B30000D2F80024002AC0D0A370BEE700F02CF8C9
:10B31000A570E2E700F016F8EFE700BF7C400020E0
:10B3200000E100E000000140F9B10200044A137995
:10B3300023B901211060918018467047852070471D
:10B3400090400020074B1A68D20704D4C02283F82B
:10B35000002301221A604FF080430122C3F8182510
:10B36000704700BF00E100E04FF08042022100235F
:10B37000C2F8081382B0C2F80431D2F80431019344
:10B3800001230199D360D2F81834DB03FBD402B057
:10B39000704700BF10B54FF0804382B0D3F8002152
:10B3A00062B10021164AC3F80011D3F80011507998
:10B3B00000910121009CC3F80813A8B14FF080430D
:10B3C000D3F80421CAB10022C3F80421D3F8042120
:10B3D000019202210A4A0198C3F808131368012058
:10B3E00002B0BDE8104018471368517198474FF0FC
:10B3F0008043D3F80421002AE5D102B010BD00BF7C
:10B400009040002030B5254C94F8583083B0002B84
:10B4100040D16FF02F0004F1300304F1500C001BF9
:10B420004FF0FF31C21821FA02F2D20748BF19705B
:10B4300001336345F6D14FF0FF304FF0FF314FF04D
:10B44000FF33C4E900010422002115482365C4E943
:10B450000233C4E90433C4E90633C4E90833C4E958
:10B460000A330BF047FD0F4BC02283F8062340221E
:10B470001A600D4B0020C3F87C01D3F87C210192A7
:10B48000019D4FF00042012184F85810C3F80423B5
:10B4900003B030BD082003B030BD00BF984000208D
:10B4A000EC40002000E100E000600040034B93F816
:10B4B0005800003818BF0120704700BF9840002096
:10B4C00070B5774B03EB000E9EF930C0BCF1000F56
:10B4D00001DB082070BD91F802C01CF0020FCCF314
:10B4E00040055DD11C6A013400F0D2805C6A0134F1
:10B4F00000F0C4804FF00C0E4FF00A0C53F82C40B3
:10B50000013459D00CF10104744547D253F824603A
:10B51000013600F0AB800CF1020474453ED253F8C2
:10B520002460013600F0A2800CF10306764535D286
:10B5300053F8264001343ED00CF1040676452DD256
:10B5400053F82640013436D00CF10506764525D255
:10B5500053F8264001342ED00CF1060676451DD254
:10B5600053F82640013426D00CF10706764515D253
:10B5700053F8264001341ED00CF1080676450DD252
:10B5800053F82640013416D00CF1090CF44505D2CD
:10B59000DC6A013408BF4FF00B0C0DD0042070BDE5
:10B5A0001C68013464D05C6801346ED04FF0080E22
:10B5B0004FF0020CA2E7B44643F82C201A184FFAB9
:10B5C0008CFE82F830E015B99C448CF848008A78EB
:10B5D000540715D4D50740D5820002F1A042D2F815
:10B5E000004724F00204C2F800472E4DC40800F0C2
:10B5F000070C2E5D012202FA0CF232432A558A789A
:10B6000012F002021CD04FEA8E0303F1804303F5CF
:10B61000C0430978D3F8104524F4473424F4407427
:10B62000C3F8104502020904D3F8100501F44031B3
:10B6300002F4F8520A430243C3F81025002070BDFB
:10B64000AEF1080E43FA8EF30C7893F850101046C2
:10B6500041EA841283F8502070BD4A784FF0A0442C
:10B6600000F5E075920044F82520BEE7A446A3E764
:10B670001A6000228EF830209646A8E74FF0090C99
:10B680008EF830C05A62E6469EE74FF0010C93E711
:10B690004FF0080C8EF830C01A62E64694E700BFFF
:10B6A00098400020EC40002030B42E4C04EB000CFD
:10B6B00082B09CF93030072B1EDD083B44FA83F33F
:10B6C00093F850309B09032B41D0012B0CBF4FF452
:10B6D00000334FF44033800000F1A040D0F8002741
:10B6E00022F44032C0F80027D0F800271343C0F8F6
:10B6F000003702B030BC7047DAB2072AF9D8980098
:10B7000000F1804003F1400200F5C04052B29200C7
:10B71000D0F8105592B202F1804202F5C04245F0D5
:10B720000105C0F810550020106012680192019ABE
:10B730000029DED09CF9302054F82220002AD8D0ED
:10B740000949012202FA03F3C1F80433D1E74FF0AB
:10B75000A043D3F81035C34003F0010302331B04A8
:10B76000B9E700BF98400020006000404FF0A043C0
:10B77000D3F8103523FA00F000F00100704700BF45
:10B78000F0B585B01D4A00230193D2F800110129BC
:10B7900000F0E5811E46194BD3F80421012A00F080
:10B7A000CF81164BD3F80821012A00F0B881134B42
:10B7B000D3F80C21012A00F0A381104BD3F81021FB
:10B7C000012A00F08E810D4BD3F81421012A00F0DC
:10B7D00079810A4BD3F81821012A00F06481074BC4
:10B7E000D3F81C21012A0BD0044BD3F87C21012A69
:10B7F00000F0C28126BB05B0F0BD00BF0060004074
:10B80000D3F804231206EFD50022C3F81C21D3F885
:10B810001C110291D3F87C110298012946F0800690
:10B820000ED1C3F87C21D3F87C2103924FF0A043C2
:10B83000039AD3F820250192C3F8202546F000464C
:10B84000BE4F00240125A30003F180432E4203F5DF
:10B85000C0434FEA45050BD0D3F8100557F8242014
:10B86000D3F81015C0F30420C1F3014102B1904791
:10B870000134082CE7D1002EBDDAB04C01254FF081
:10B88000A04694F95000471C3DD0C0F3C2031033CA
:10B890006B44C1B213F80C2C00F0070305FA03F354
:10B8A0001A4200F03F002ED0830003F1A04305FAB6
:10B8B00000F7D3F80027D3F800C72CF4403CC3F8B6
:10B8C00000C7C2F30142D3F800C7022A0CBF4FF4ED
:10B8D000403E4FF4003E4CEA0E0CC3F800C723185C
:10B8E000C6F8207593F9303054F823305BB18909DC
:10B8F000032900F06581022A00F05F81032A02D14A
:10B90000022900F05D8194F95100411C3DD0C0F343
:10B91000C20310336B44C1B213F80C2C00F00703C0
:10B9200005FA03F31A4200F03F002ED0830003F122
:10B93000A04305FA00F7D3F80027D3F800C72CF48A
:10B94000403CC3F800C7C2F30142D3F800E7022A23
:10B950000CBF4FF4403C4FF4003C4CEA0E0CC3F8D3
:10B9600000C72318C6F8207593F9303054F82330F7
:10B970005BB18909032900F01981022A00F01381C3
:10B98000032A02D1022900F0118194F95200421CCD
:10B990003DD0C0F3C20310336B44C1B213F80C2C7A
:10B9A00000F0070305FA03F31A4200F03F002ED01F
:10B9B000830003F1A04305FA00F7D3F80027D3F87A
:10B9C00000C72CF4403CC3F800C7C2F30142D3F8CF
:10B9D00000E7022A0CBF4FF4403C4FF4003C4CEA15
:10B9E0000E0CC3F800C72318C6F8207593F9303041
:10B9F00054F823305BB18909032900F0D280022A70
:10BA000000F0CC80032A02D1022900F0CA8094F908
:10BA10005300431C3DD0C0F3C20310336B44C1B28A
:10BA200013F80C2C00F0070305FA03F31A4200F098
:10BA30003F002ED0830003F1A04305FA00F7D3F8AE
:10BA40000027D3F800C72CF4403CC3F800C7C2F36A
:10BA50000142D3F800E7022A0CBF4FF4403C4FF4F8
:10BA6000003C4CEA0E0CC3F800C72318C6F820753A
:10BA700093F9303054F823305BB18909032900F081
:10BA80009A80022A00F09480032A02D1022900F051
:10BA90009280D6F820350193C6F82035002B7FF42C
:10BAA000F0AE05B0F0BDD3F8042351067FF597AE94
:10BAB0000022C3F81821D3F818310293029B46F0F4
:10BAC00040068CE6D3F8042390067FF582AE002270
:10BAD000C3F81421D3F814310293029B46F02006D8
:10BAE00077E6D3F80423D4067FF56DAE0022C3F8C1
:10BAF0001021D3F810310293029B46F0100662E643
:10BB0000D3F8042315077FF558AE0022C3F80C21A3
:10BB1000D3F80C310293029B46F008064DE6D3F8A9
:10BB2000042357077FF543AE0022C3F80821D3F85A
:10BB300008310293029B46F0040638E69840002044
:10BB4000D3F8042392077FF52CAE0022C3F804211A
:10BB5000D3F804310293029B46F0020621E6D2F8A4
:10BB6000046316F001063FF416AEC2F80031D2F8B5
:10BB700000310293029B0EE60022C3F87C21D3F829
:10BB80007C2103924FF0A043039AD3F82025019221
:10BB9000C3F82025002E3FF470AE4FE601297FF454
:10BBA00036AF984733E701297FF4EFAE9847ECE6CC
:10BBB00001297FF46EAF98476BE701297FF4A3AEAC
:10BBC0009847A0E6014B1B68184700BFF4400020CF
:10BBD000104B98421BD130B583B000230DF1070004
:10BBE0008DF807300D46FCF787F80B4B9DF80700E2
:10BBF0001C793CB901221D601A71FCF7A3F820469C
:10BC000003B030BDFCF79EF8112003B030BD00201A
:10BC1000704700BF00200040F4400020034B9842D2
:10BC200003D1034B00221A601A71704700200040B4
:10BC3000F44000200220FFF77FBA00BF2DE9F04753
:10BC400006460D46FFF798FA032805D8012D04464D
:10BC50001AD0022D27D00DB1BDE8F0871B48FCF7A4
:10BC60000BF81B4B1B4A04EB44010B44125D9D78FF
:10BC7000AA42F1D1002DEFD0174B1B68002BEBD05F
:10BC80002846BDE8F0471847114F00EB4003FA186B
:10BC9000FD5C53784FEA40085BB9A04447440D4B24
:10BCA000BA781A55E6E70A4B00EB40041C44657865
:10BCB000E0E7DFF8289005484A464FF48041FBF75B
:10BCC0007FFF0028E9D189F80060E6E7C035002051
:10BCD000004100201C41002014410020FC400020B5
:10BCE00010B50078FFF748FA03280BD8064B00EB95
:10BCF00040001844407828B1044B1B6813B1BDE8DC
:10BD00001040184710BD00BF004100201441002022
:10BD100038B5BA4D2B7804466BB1B94B1B7800206F
:10BD20002870002B4DD0FFF7CFF90120FFF7CCF999
:10BD30000320FFF7C9F9172C00F25E81DFE814F049
:10BD4000EB00630063009F00AC00B900CB009700DC
:10BD500050004400500044007A00180018001800F9
:10BD600018001800D9001801810000015C005C0077
:10BD7000A448FBF781FFD4F11104054600F02681A9
:10BD8000002840F02381012C14D0C82303FB04F4C5
:10BD900029464FF400434FF47A70C4FB03014FF47B
:10BDA000FA6200230CF0BAF92A4601469548FBF7DF
:10BDB00007FF05460220FFF77BF9914B01221A701D
:10BDC0001FE0FFF78DF9B6E701202870FFF7B4F9FF
:10BDD000BDE838408C4800224FF40051FBF7F0BE1C
:10BDE00001202870FFF7A8F9BDE8384086480022F6
:10BDF00040F26661FBF7E4BEFFF788F9834B00254C
:10BE00001C70284638BD0020FFF744F9002840F098
:10BE1000C380FFF74DF940F6CD4141F69A13022C4D
:10BE200018BF1946794B1C70BDE83840764800228F
:10BE3000FBF7C6BEFFF76AF9744B0C221A70002597
:10BE4000DFE76F4B1B78002B00F0D3800020FFF75B
:10BE50003BF90120FFF738F90320FFF735F90120FE
:10BE6000FFF726F9694B14221A700025C9E7002054
:10BE7000FFF71EF9654B07221A700025C1E7002065
:10BE8000FFF708F9002840F09B80FFF711F940F612
:10BE9000CD415E4B0324C6E70020FFF7FBF80028E6
:10BEA00040F08880FFF704F941F69A11574B0424BB
:10BEB000B9E70020FFF7EEF8002877D1FFF7F8F890
:10BEC000524B514805241C70BDE83840002240F612
:10BED000CD41FBF775BE0020FFF72EF94B4B4A48CA
:10BEE00006241C70BDE83840002240F26661FBF772
:10BEF00067BE434B1B78002B78D00020FFF7E4F897
:10BF00000120FFF7E1F80320FFF7DEF83F4B122294
:10BF10001A70002575E73A4B1B78002B60D0002083
:10BF2000FFF7D2F80120FFF7CFF80320FFF7CCF896
:10BF30003548FBF7A1FE354B002205461A7060E735
:10BF40002F4B1B78002B48D00020FFF7BDF80120B5
:10BF5000FFF7BAF80320FFF7B7F80020FFF7A8F8BB
:10BF60000120FFF7A5F8294B15221A70002548E794
:10BF7000234B1B78BBB30020FFF7A6F80120FFF787
:10BF8000A3F80320FFF7A0F80020FFF791F81F4B5C
:10BF900013221A70002534E70020FFF795F8022CD1
:10BFA00047F2333118BF4FF480313BE70020FFF7F1
:10BFB0008BF885E70020FFF787F84FF4803175E7AD
:10BFC0000020FFF781F843F2333162E70220FFF7E8
:10BFD0007BF80B4B00221A7013E7FFF781F8BCE7E0
:10BFE000FFF77EF8A4E7FFF77BF8CDE7FFF778F8D7
:10BFF0008CE7FFF775F832E7002502E710410020D3
:10C00000FD400020A0350020E03500201841002030
:10C01000044B1B68DB0700D47047034B1878FFF70D
:10C0200077BE00BF0C41002018410020032801D931
:10C0300000207047FFF792B8044B1B6813F0010310
:10C0400001D118467047FFF763BE00BF0C410020C6
:10C0500038B5244B244A196081070446106004D483
:10C0600010F001052CD1284638BD204B20480E2168
:10C070000F221970DA701021112299715A7204215D
:10C0800040F23332FBF7D0FA054630B1E207EAD589
:10C090000120FFF783F8284638BDFBF721FB054652
:10C0A0000028F3D10146134A1348FBF771FDE3075B
:10C0B0000546D8D50120FFF771F8002DD3D102E055
:10C0C0000120FFF76BF80D4A0D480021FBF760FDDA
:10C0D00005460028C7D1BDE838400A4A0A48012170
:10C0E000FBF756BD144100200C4100200041002008
:10C0F000D88D0300E1BC0200FC8D030011C00200DA
:10C10000008E030035BC0200F88D0300032806D81A
:10C11000012A06D001291BD0022908D071B10720BD
:10C120007047012911D002294FF00002F6D10B4BC4
:10C1300000EB4000034400205A707047074B00EBAF
:10C140004000034408469A70704700F10E02D2B2D4
:10C1500000EB400301490020CA5470470041002011
:10C1600010B50388102B07D0112B04D1254B18686C
:10C170000138186030B110BD224C216811B3013173
:10C18000216010BD01220221FFF7C0FF40B1072846
:10C1900006D01D4B1B68002BEDD0BDE810401847A2
:10C1A000072202210120FFF7B1FF08B10728F0D1D3
:10C1B00000210A220846FFF7A9FF0028DBD0072844
:10C1C000E7D1D8E701220846FFF7A0FF38B10728DA
:10C1D00005D00D4B1B6803B198472168CFE70722B4
:10C1E00002210120FFF792FF08B10728F1D10422B4
:10C1F00002210020FFF78AFF0028EED00728E8D1AF
:10C20000EBE700BF2441002020410020184B10B56F
:10C21000186031B101200C46FFF708FFF8B1022386
:10C220002370144B186808B1002010BD01220221B0
:10C23000FFF76CFF08B10728F7D107220221012080
:10C24000FFF764FF08B10728EFD100210A22084652
:10C25000FFF75CFF0028E7D00728E5D010BDFFF707
:10C26000E5FE10B10B232370DBE72070D9E700BF98
:10C27000204100202441002076DF70477ADF70479C
:10C280007CDF70478FDF7047A8DF7047AADF7047F9
:10C29000ACDF7047AEDF7047B0DF704762DF7047DA
:10C2A000704700BF024A136801331360704700BF34
:10C2B0002042002000B50A4B83B084461B78ADF8BD
:10C2C00004C00A46012001A98DF80630FFF7DCFF03
:10C2D00010B903B05DF804FBFBF718FAF9E700BFEB
:10C2E000F036002070B590B001ADADF80C003348C9
:10C2F0009DF850C000788DF80E001CF0100F4FF024
:10C300000000CDE90900CDE90B00CDE90D00CDE934
:10C3100006000F90A870ADF808008DF80A009DF88F
:10C320005860BDF854001C460ED002AB0E939DF829
:10C330000A304FF0010E6EF342038DF80A301123DC
:10C340008DF808308DF809304FEA8C0E9DF82430B6
:10C350000EF0080E4EF0020E0CF0100C23F01A0333
:10C360004CEA0E0C4CEA030C9DF806308DF824C004
:10C370004FF0010C6CF342038DF8063011238DF859
:10C3800004308DF805302EB19DF8063043F00803D7
:10C390008DF8063008920B46ADF81840ADF81C40F9
:10C3A00004AA03AC09A905950494FFF76FFF08B927
:10C3B00010B070BDFBF7AAF9FAE700BFF036002015
:10C3C000FBF7A4B90FB42DE9F0411F4E06F5005755
:10C3D00082B008AA97F8003452F8048B0192472BD8
:10C3E00021D8D8018022304400210AF083FD97F83B
:10C3F0000004019B424606EBC01080210AF0F2FDCA
:10C4000097F8003406EBC31600227F2803F10103DE
:10C4100094BF325486F87F2087F8003402B0BDE81C
:10C42000F04104B07047344606F50E55204680347E
:10C43000802221460AF050FDA542F7D1472387F814
:10C4400000344FF40E50CDE71045002008B50848E1
:10C45000084B0949C01AC008000440F00100FAF76F
:10C4600013FDFAF715FEFAF753F80028FBD108BDC3
:10C47000F4BF0300A4BF0300048E03000378012B64
:10C4800003D0022B0FD053B170470948094B0A491A
:10C49000C01AC008000440F00100FAF7F5BC074BD1
:10C4A00001221A7070470248024B0549F0E700BFAD
:10C4B000F4BF0300A4BF03002C8E0300046E002011
:10C4C000488E0300032800D070474FF08043A92214
:10C4D000C3F820250020FEF7F9BA00BF08B503789D
:10C4E00003B108BD054B3B211888FFF7C5FE0028A6
:10C4F000F7D0BDE80840FBF709B900BFC0360020FF
:10C50000072808B515D00A280ED0042800D008BD89
:10C510000E4B13211888FFF7AFFE30F00803F6D05A
:10C52000BDE80840FBF7F2B8BDE808400020FEF780
:10C53000CDBA064A12884FF6FF739A42E7D10448F3
:10C5400002F022FE30F00803EAD108BDC036002018
:10C550001469002010B582B013210190FFF78CFE02
:10C56000019A0F4B78B10F4C0F49A3EB040C4FEA23
:10C57000DC0C4FEA0C4C03464CF0020002B0BDE864
:10C580001040FAF7BFBA074808491B1ADB081B041A
:10C5900043F0040002B0BDE81040FAF797BB00BFBB
:10C5A000F4BF0300A4BF0300608E0300A48E030049
:10C5B0002DE9F0419E4DAB78012B82B000F0BB809D
:10C5C000AB78032B00F0B7809A4F9B4C95F8513015
:10C5D0009A489B492B444FF080081B7C03F00702CC
:10C5E000DEB2825CDB0812F0010FCB5CC2F3400EBE
:10C5F000C2F3800C4FF0A04203F00100C3F34001EE
:10C600000CBFC2F80C85C2F80885C3F380034FF055
:10C61000A042BEF1000F40F089804FF4807EC2F846
:10C620000CE54FF0A042BCF1000F73D14FF0400C6D
:10C63000C2F80CC54FF0A042002873D10820C2F800
:10C640000C054FF0A04200293ED10421C2F80C1580
:10C65000002B3ED14FF0A0434FF08042C3F80C2591
:10C660002378002B3ED1774C774BE41AE40824045E
:10C6700044F004044FF0010885F852806B78734849
:10C6800040334FF47A7237F81350002102FB05F55E
:10C6900008F0C6FD6E4BD3F81025CDF800802D01B3
:10C6A000D2B2002325FA02F207460244194667482F
:10C6B00008F0C6FD67493B4606EB0802204602B07B
:10C6C000BDE8F041FAF71EBA0421C2F80815002BA4
:10C6D000C0D04FF0A0434FF08042C3F80825237824
:10C6E000002BC0D05C495D480223012208F0A6FF60
:10C6F000002840F09980012363706278514B524CBE
:10C7000057491C1BE408240444F004042046FAF7AB
:10C71000DDFAAFE74FF0400CC2F808C54FF0A04279
:10C7200000288BD00820C2F808058AE74FF4807EE5
:10C73000C2F808E575E72B78002B3FF445AF0021E0
:10C7400042483C4F08F06CFD414AAB68D2F81025D6
:10C7500095F801C04FF47A71D2B201FB03F31E0FBA
:10C76000C2F120041B0106FA04F4D340203A26FA51
:10C7700002F22343AC78134307EB0C02022C92F82D
:10C780009460A0EB0300E2B25FFA8CF304D0032ABA
:10C7900039D0012A28D0002695F85930264CB342CA
:10C7A0003FF414AF85F859602378002B3FF40EAFA7
:10C7B00047F6FF7261682B4BB3FBF1F3934228BF3E
:10C7C0001346032B284A38BF032306FB03F3A2FBBF
:10C7D0000323C3F34F1363806388244A6FEA434300
:10C7E0006FEA53431380F1E6643337F8133003FBE9
:10C7F00001F10029D0D08842CED200FB06F3B3FB72
:10C80000F1F3DEB2C8E707EB4303B3F8DC3003FB18
:10C8100001F10029BFD08842BDD200FB06F3B3FB73
:10C82000F1F3F31ADEB2B7E7FAF770FF63E700BF80
:10C830003C6E002030410020086E0020EC97030081
:10C84000F4970300F4BF0300A4BF0300FC970300A8
:10C8500000900040D88E0300B0980300E836002016
:10C86000C88E03000024F4001F85EB51C06D00202A
:10C87000F0B5194C237883B00BB903B0F0BD002795
:10C8800084F851706278154B154803EB4203394622
:10C89000B3F86C504FF47A7202FB05F508F0C0FC57
:10C8A000104BD3F810652D01F6B20121F5403B463F
:10C8B000421900910A4808F0C3FC2378002BDCD011
:10C8C00094F8512094F850309A42D6D203B0BDE883
:10C8D000F040FFF76DBE00BF3C6E002030410020ED
:10C8E000FC97030000900040704B1B7803B9704721
:10C8F00070B56F4C8EB01F200021012300938DF87E
:10C900000F0021706B480DF10F02682109F008FD3E
:10C91000002840F0C8802378002BFCD00021217033
:10C920006448062307AA682109F04CFD002840F05E
:10C93000BA802378002BFCD025200021012300930E
:10C940008DF8100021705B4804AA682109F0E8FC0A
:10C95000002840F0A8802378002BFCD00021217013
:10C96000544806230DF12202682109F02BFD00280E
:10C9700040F099802378002BFCD00021682001230F
:10C9800000938DF811000591ADF8181021704948F9
:10C990000DF111021E2109F0C3FC002840F0838034
:10C9A0002378002BFCD0002121704248062305AAE1
:10C9B0001E2109F007FD002875D12378002BFCD03B
:10C9C0009DF824109DF825C09DF826209DF81CE0B8
:10C9D000394C3A4D4CEA012C9DF827102B6841EA5E
:10C9E0000221374A10889DF81D2042EA0E22A280BB
:10C9F0009DF81EE09DF81F2042EA0E22E2809DF87D
:10CA000020E09DF8212042EA0E2222819DF822E0BA
:10CA10009DF8232042EA0E22628100226CF30F026D
:10CA200061F31F42E260059A2261BDF81820A282DC
:10CA3000002263F30F02190C61F31F4222604FF6CC
:10CA4000FF72013390422B602DD01E4B0D941A883B
:10CA5000ADF82820012316258DF82A3000220DF18B
:10CA600012030AA9ADF81250ADF82C200C93FFF771
:10CA700011FCC0B1144E154A33881288013303F0FB
:10CA80001F0302F01F0293420DD03388104803F0B9
:10CA90001F0305FB03002A4621460AF01DFA3388CE
:10CAA00001339BB233800EB070BD00BF084500203B
:10CAB000046E0020C4980300244200200445002096
:10CAC000C0360020806D00203A4200203C42002009
:10CAD0004042002010B5044606F054FD204606F002
:10CAE000EDFD204606F066FA23780D2B00D010BD30
:10CAF0000B48032102F0FCFA04460028F7D0094B4A
:10CB000009480A49C01AC0080004224640F0010042
:10CB1000FAF7DCF82046BDE81040FAF7F7BD00BF91
:10CB200014690020A4BF0300F4BF0300EC8E0300CF
:10CB3000022801D00120704738B5184B184C194D08
:10CB40001949E41AE408240444F003042046FAF7DF
:10CB50009BF92B782BB920461449FAF795F9012057
:10CB600038BD13492046FAF78FF9124808F046FB02
:10CB7000104808F051FB00210F4808F0E1FD0F4A72
:10CB80004FF0A043002151704FF40072C3F80C2500
:10CB900028465C220AF0AEF9DDE700BFA4BF03001F
:10CBA000F4BF03003C6E0020208F0300708F030051
:10CBB000508F0300FC970300E8360020086E002029
:10CBC000032864D8DFE800F01A100C023448354B13
:10CBD0003549C01AC008000440F00100FAF754B902
:10CBE0002F48304B3149F4E72D482E4B3049C01ABD
:10CBF000C008000440F00300FAF746B930B5294BED
:10CC0000274C2C4D2C49E41AE408240444F0030476
:10CC10008DB02046FAF738F92B78E3B92C220021A1
:10CC200068460AF067F99FED1C7B0123694623489B
:10CC30008DF804308DED047B8DF8003002F0D4FACD
:10CC400000211F4802F0F8FE1E4902462046FAF76E
:10CC50003DF80DB030BD1C492046FAF715F91B48C8
:10CC600008F0CCFA194808F0D7FA0021184808F063
:10CC700067FD184A4FF0A043002151704FF4007235
:10CC8000C3F80C2528465C220AF034F9C6E70448AC
:10CC9000044B11499DE700BF2C010000000000007B
:10CCA000F4BF0300A4BF0300489003000C900300EE
:10CCB000E88F03003C6E0020A08F03001469002061
:10CCC00055C50200D08F0300508F0300FC9703006E
:10CCD000E8360020086E0020789003002DE9F04728
:10CCE0006C486D4B6D4DDFF8C8916D4FDFF8D88102
:10CCF000C01AC008000482B040F0040A40F00304E7
:10CD0000AB78032B05D8DFE803F002373412012398
:10CD1000AB70A9786B780229DBB2CAB200F08B80C5
:10CD2000032A7ED0012A4BD002B0BDE8F0872B78D1
:10CD3000002BEED0002648466E6508F05FFA3B787F
:10CD40003BB195F8513095F850200133934280F271
:10CD500096806B780133DBB26B70524B6A781B782C
:10CD60009A4271D26A789342D0B26DD900F0AEF88F
:10CD7000CFE70323AB70CCE70223AB7095F85830B4
:10CD8000DBB285F8593047F6FF727968464BB3FB42
:10CD9000F1F3934228BF1346032B95F8592038BF6F
:10CDA000032302FB03F3A8FB0323C3F34F137B808E
:10CDB0007B883E4A6FEA43436FEA53431380A8E7F8
:10CDC000384A643332F813604FF47A7202FB06F685
:10CDD00006B30021364808F023FA364BA3FB0013B4
:10CDE0009B093549AB60D1F810353601DBB2002420
:10CDF000DE400246012300932D483244022123469F
:10CE000008F01EFA6C6585F8514002B0BDE8F047A5
:10CE1000FFF72EBD2B78002B7FF472AF02B0BDE878
:10CE2000F087204A02EB43034FF47A72B3F8DC60D8
:10CE300002FB06F6CCE71B4A2C3332F813604FF4A2
:10CE40007A7202FB06F6C3E71C492046FAF71CF883
:10CE5000484608F0D3F9484608F0DEF900211848A2
:10CE600008F06EFC4FF0A04300214FF4007279707F
:10CE70000A48C3F80C255C220AF03CF849E7314621
:10CE80000F4808F05DFC7E707A780E495046F9F73D
:10CE90001DFF5EE7F4BF0300A4BF03003C6E00204B
:10CEA000086E0020304100200024F400C06D0020F6
:10CEB000FC970300D34D621000900040508F030098
:10CEC000E8360020C88E03001F85EB512DE9F041A4
:10CED0004A4E4B4D337884B00446002B3ED009288F
:10CEE0003CD800F12802474B55F822709F4228BFDA
:10CEF0001F46B7F57A7F736838BF4FF47A779F4241
:10CF000022D00021404808F01BFC4FF000083E48AA
:10CF100086F8018008F06EFB6FF0F303019307239E
:10CF2000ADF8083038488DF80A800223424601A93E
:10CF3000ADF80E30354BB3FBF7F3ADF80C3008F01D
:10CF400035FA002857D1776000227280738872709A
:10CF50006FEA43432E4A6FEA53431380631C05EB89
:10CF6000C3022C4E55F833705068002386F85030B9
:10CF700006F1100EC3F1200CA3F1200127FA03F2F1
:10CF800000FA0CFC20FA01F142EA0C020A43D20733
:10CF9000D9B203F101030AD596F85020D2B20EF8A7
:10CFA000021096F850200132D2B286F85020402B61
:10CFB000E0D12544002795F894301748747086F81E
:10CFC000583086F8597086F8517086F85270776537
:10CFD00008F014F9104808F01FF90F4808F000F99C
:10CFE000B770337823B104B0BDE8F041FFF776BEE7
:10CFF00004B0BDE8F081FAF789FBA4E7086E0020D1
:10D000003041002040420F00E83600200024F400A8
:10D01000C06D00203C6E0020FC9703000000000063
:10D020002DE9F04F2DED028BA54B04468BB01878FF
:10D0300009F086FA2388103B472B60D8DFE813F00D
:10D04000DE00F8000B015F005F005F005F005F0023
:10D050005F005F005F005F005F005F005F005F00D8
:10D060005F0028015F005F005F005F005F005F00FE
:10D070005F005F005F005F005F005F005F005F00B8
:10D080005F005F005F005F005F005F005F005F00A8
:10D090005F005F005F0048005F005F005F005F00AF
:10D0A0005F005F005F005F005F005F005F005F0088
:10D0B0005F005F005F005F005F005F005F005F0078
:10D0C0006201BD015F005F005F005F00FE01640060
:10D0D0007C487D4B7D49C01AC008000440F0040024
:10D0E000F9F7D2FE4FF0A0434FF40072C3F80825C1
:10D0F000A0881321FFF7C0F8002840F092800BB001
:10D10000BDEC028BBDE8F08F714C724F207897F820
:10D110000034834240F29681DFF8C481DFF8DC916D
:10D120000DF1180A0DF11606A7F5005505E097F860
:10D1300000342070834240F2858105EBC01009F075
:10D140001DFF4FF0010394F800B08DF81A304FF036
:10D1500000030130ADF81C30B9F80030ADF816000E
:10D16000ADF81830B8F80000089605EBCB1351461F
:10D170000993FFF78FF813280BF10100C0B2D6D145
:10D18000554C564F22883B8892B29BB29A42B6D0F9
:10D19000534A15884FF6FF739D42B0D0DFF8608187
:10D1A0000DF1180A0DF116064FF0160B4FF001099C
:10D1B0004FF00003ADF81C3023884A4AADF816B092
:10D1C00003F01F030BFB032309935146B8F800300B
:10D1D0008DF81A9028460896ADF81830FFF75AF8DF
:10D1E00008B113288BD0238801339BB22380238876
:10D1F0003A889BB292B29A42DAD180E7324B3148F8
:10D200003949C01AC008000440F00300F9F73CFE99
:10D21000334BA2881A800720FEF70EFF00283FF448
:10D220006EAF0BB0BDEC028BBDE8F04FFAF76EBAF3
:10D23000254B24482D49C01AC008000440F00300C3
:10D24000F9F722FE264B4FF6FF721A800BB0BDECA9
:10D25000028BBDE8F08F20890AF0C4FC244B002229
:10D260000AF02AFD024660890D4614460AF0BAFC0F
:10D270001F4B00220AF020FD2246CDE900012B467B
:10D280001C48FFF79FF80BB0BDEC028BBDE8F08F98
:10D290000D4B0C481849C01AC008000440F00400A7
:10D2A000F9F7F2FD0023A088ADF8183006A9FEF7C3
:10D2B000E9FF00283FF423AFFAF728FA1FE700BF81
:10D2C000586D0020F4BF0300A4BF03004496030080
:10D2D00011690020106500203C4200203A420020E5
:10D2E000C036002040420020A0900300AC90030014
:10D2F0000000F43F00960300309603005C6D0020B0
:10D30000806D0020524AE38812889A4200F0A4827D
:10D31000504A12889A4200F0AF824F4D2A889A42B2
:10D3200000F0C2804D4A12889A4200F0B5824C4A01
:10D3300012889A4200F0CA824A4A12889A4200F041
:10D34000ED83494A12889A4200F0EA83474A1288DC
:10D350009A4200F0E983464A12889A4200F0E2833A
:10D36000444A12889A4200F0E183434A12889A4262
:10D3700000F0DE83414A12889A4200F0DB83404A83
:10D3800012889A4200F0D8833E4A12889A4208BF17
:10D3900008217FF4B4AE3C4B228A03EB0113996859
:10D3A0008A423FF6ACAE586804F112010BB0BDECF6
:10D3B000028BBDE8F04F09F08FBDA379012B00F07F
:10D3C0000682324C324F207897F80034834240F284
:10D3D000F981DFF8CC80DFF8CC900DF1180A0DF15F
:10D3E0001606A7F5005505E097F800342070834233
:10D3F00040F2E88105EBC01009F0C0FD4FF00103D9
:10D4000094F800B08DF81A304FF000030130ADF8F9
:10D410001C30B9F80030ADF81600ADF81830B8F887
:10D420000000089605EBCB1351460993FEF732FF37
:10D4300013280BF10100C0B2D6D160E61548164B97
:10D44000164948E6002387F80034237098E600BFA9
:10D45000E86D0020E06D0020F06D0020886D002058
:10D46000906D0020D86D0020A06D0020646D00201C
:10D47000A86D0020B06D0020486D0020B86D002020
:10D48000D06D0020C86D002018980300116900209D
:10D4900010650020F4BF0300A4BF03005C960300E6
:10D4A000C03600205C6D0020238A012B7FF427AE5C
:10D4B000A37C012B7FF423AEDFF86C8398F8003057
:10D4C000002B40F05585D24BD24E1B7833700A2B7F
:10D4D0009B4628BF4FF00A0B002B00F04E81DFF86F
:10D4E00068A3DFF86893BAF80070DFF864E3DFF848
:10D4F00064C3A6F85870B9F80070C74BC748A6F8BF
:10D500006C70BEF80070C649A6F880709CF8007078
:10D51000C44A86F8947093ED007B0768C6F8A07043
:10D520000F88A6F8C870BBF1010F1788A6F8DC7049
:10D5300086ED027B00F02181BAF80270A6F85A70DD
:10D54000B9F80270A6F86E70BEF80270A6F8827084
:10D550009CF8017086F8957093ED027B4768C6F8D9
:10D56000A4704F88A6F8CA70BBF1020F5788A6F8BE
:10D57000DE7086ED047B00F00081BAF80470A6F836
:10D580005C70B9F80470A6F87070BEF80470A6F864
:10D5900084709CF8027086F8967093ED047B87681F
:10D5A000C6F8A8708F88A6F8CC70BBF1030F9788D7
:10D5B000A6F8E07086ED067B00F0DF80BAF8067012
:10D5C000A6F85E70B9F80670A6F87270BEF806701C
:10D5D000A6F886709CF8037086F8977093ED067B2A
:10D5E000C768C6F8AC70CF88A6F8CE70BBF1040F40
:10D5F000D788A6F8E27086ED087B00F0BE80BAF806
:10D600000870A6F86070B9F80870A6F87470BEF8D3
:10D610000870A6F888709CF8047086F8987093EDEE
:10D62000087B0769C6F8B0700F89A6F8D070BBF107
:10D63000050F1789A6F8E47086ED0A7B00F09D803F
:10D64000BAF80A70A6F86270B9F80A70A6F876708F
:10D65000BEF80A70A6F88A709CF8057086F8997072
:10D6600093ED0A7B4769C6F8B4704F89A6F8D2706B
:10D67000BBF1060F5789A6F8E67086ED0C7B7CD0CF
:10D68000BAF80C70A6F86470B9F80C70A6F8787047
:10D69000BEF80C70A6F88C709CF8067086F89A702C
:10D6A00093ED0C7B8769C6F8B8708F89A6F8D470A3
:10D6B000BBF1070F9789A6F8E87086ED0E7B5CD06A
:10D6C000BAF80E70A6F86670B9F80E70A6F87A70FF
:10D6D000BEF80E70A6F88E709CF8077086F89B70E6
:10D6E00093ED0E7BC769C6F8BC70CF89A6F8D670DB
:10D6F000BBF1080FD789A6F8EA7086ED107B3CD005
:10D70000BAF81070A6F86870B9F81070A6F87C70B6
:10D71000BEF81070A6F890709CF8087086F89C709F
:10D7200093ED107B076AC6F8C0700F8AA6F8D87010
:10D73000BBF10A0F178AA6F8EC7086ED127B1CD19C
:10D74000528AA6F8EE20D3E91223BAF81270A6F88E
:10D750006A70B9F81270A6F87E70C6E91423BEF894
:10D760001270406A498AA6F892709CF8097086F88F
:10D770009D70C6F8C400A6F8DA105C222A48002181
:10D7800009F0B8FB0123294A88F800304FF0A04780
:10D79000274B12681A604FF40078C7F8088536786E
:10D7A000002E00F0F0830020FFF790FB214B29882A
:10D7B000A088079301220026069206AA1E70FEF793
:10D7C00067FD9CE4002387F80034237097E41A4A2D
:10D7D000238912889A4200F06E81184A12889A4270
:10D7E00000F09D80164A12889A427FF4EAAD1548EF
:10D7F0000F4B008801244FF48031CDE906414FF4EE
:10D80000802206A9CDE90823FEF746FD77E400BF94
:10D810004437002030410020603600201C370020B3
:10D82000246E0020106E00203C6E0020204200205C
:10D830000C450020986E0020506D0020FC6D0020EB
:10D84000986D0020C036002018360020F4360020E5
:10D850000837002000360020238A012B7FF44FACCC
:10D86000A37CB94A012B13704FF0A0434FF48062A0
:10D870000FD0C3F80C2542E4238A012B7FF43FAC80
:10D88000A37CB24A012B13704FF0A0434FF40072F7
:10D89000EFD1C3F8082532E4238A012B7FF42FACA3
:10D8A000A37CAB4ADFF8B082137023B198F8003044
:10D8B000002B00F06181A748002388F800300BB0EE
:10D8C000BDEC028BBDE8F04FFAF7D6B9238A012BE5
:10D8D0007FF415ACA04BA14D1B78A27C2A70002BC5
:10D8E0003FF40DAC9B480024FAF7C6F94FF47A7068
:10D8F0004FF4004221462B78B0FBF3F3C3FB020147
:10D900004FF4FA6200230AF009FC014691482246CE
:10D910000BB0BDEC028BBDE8F04FFAF751B94FF0F8
:10D92000A0454FF000080323DFF844B2C5F83037B4
:10D93000C14646460DF1180A4FF48057039406F08D
:10D940000703874AD25CC6F3C40312F0010F1BF829
:10D95000033002F0020E02F004044FF0800203F0E4
:10D96000010003F002010CBFC5F80C25C5F808251D
:10D9700003F004034FF48072BEF1000F40F0958075
:10D98000C5F80C254022002C40F08C80C5F80C25F1
:10D990000822002840F08380C5F80C2504220029C5
:10D9A0007AD1C5F80C25002B71D14FF08043C5F812
:10D9B0000C35C5F80C750023C5F8087551460120D3
:10D9C000ADF8183009F086F9002871D1BDF91800BA
:10D9D000644BC0EB0010C0EB00100001A3FB002360
:10D9E000C01A03EB5000C00A0AF0ECF854A3D3E9C4
:10D9F00000230AF08BFA0AF071FB07EE900AF8EEAA
:10DA0000677AB1EE047A0123F4EEC77AA6F1200218
:10DA1000C6F1200103FA02F223FA01F1F1EE10FA45
:10DA2000C5F80C7542EA01022BDBB1EE0C7AF4EE7C
:10DA3000C77AF1EE10FA24D8B34042EA090943EA62
:10DA400008080136402E7FF47AAF474B039CC3F899
:10DA50000080DFF82081C3F8049001220692099328
:10DA60004FF480324FF40023B8F800005146CDE95E
:10DA70000723FEF711FCA379012B7FF4A2AC2389C5
:10DA8000B0E6B34029EA020928EA0308D9E74FF0D3
:10DA90008043C5F808358CE7C5F8082583E7C5F845
:10DAA00008257BE7C5F8082572E7C5F8082569E76A
:10DAB000F9F72CFE8AE70DF1180A00205146ADF85F
:10DAC000180009F007F930BBBDF91830254ADFF816
:10DAD000A480C3EB0313C3EB03135B01A2FB03128C
:10DAE0009B1A02EB5303214AB8F80000C3F3CF237B
:10DAF000138001254FF48033CDE9065351464FF48E
:10DB00000033CDE90832FEF7C7FBA379012B7FF480
:10DB100058AC238961E6F9F7F9FDD5E700213AE42D
:10DB2000012138E4032136E4022134E4042132E403
:10DB3000052130E406212EE407212CE4AFF3008018
:10DB40000000000000E0514045370020386E002002
:10DB500000450020C8360020084500205836002027
:10DB6000EC97030001011000A06E00202841002066
:10DB7000F4970300C0360020A54C4FF0CC722378F8
:10DB800008921C2010214FF48172CDE90601099200
:10DB9000002B40F0E9810DF1180A9E4A9E480023AF
:10DBA000514607F089FE054630B39C4B9C4C9D497D
:10DBB000E41AE408240444F0010402462046F9F77C
:10DBC00085F898482946FEF7FDFB20469649F9F767
:10DBD0005BF99548FEF7F6FB944B00244FF47A70FE
:10DBE0004FF4004221461B78B0FBF3F3C3FB020164
:10DBF000012388F8003083E68D48894F8D4E08F068
:10DC00007FFB864A8C49BF1AFF083F0447F003098F
:10DC1000012348462370F9F737F98748FEF7D2FB0E
:10DC2000752386498DF818304846F9F72DF9834851
:10DC3000FEF7C8FB46F0010605244FF47A40B047D2
:10DC4000013CFAD17E4D7A480123009352462C7054
:10DC5000682108F065FB0446002840F0E7812B7836
:10DC60004FF4FA744BB94FF47A40B0472B78013C2B
:10DC7000002B56D1002CF6D155E000232B706C48B8
:10DC800001230DF11602682108F09CFB8346002851
:10DC900040F098812B78002B40F04F814FF47A4070
:10DCA000B0472B78013C002B40F04481002CF5D18B
:10DCB00047F001006349F9F7E7F86248FEF782FB95
:10DCC00047F002006049F9F7DFF85F48FEF77AFB9A
:10DCD000002300932B7040F64E73ADF81830544873
:10DCE00002235246682108F01BFB8346002840F0BF
:10DCF00074812B784FF4FA7403BB4FF47A40B04729
:10DD00002B78013CC3B9002CF7D147F001074F49EC
:10DD10003846F9F7B9F84D48FEF754FB4FF00D0BB4
:10DD20003DE0002CA9D147F001004949F9F7ACF8D2
:10DD30004848FEF747FBC3E7002CE6D047F0040352
:10DD40001846454908EE103AF9F79EF84248FEF7A2
:10DD500039FB002300932B7040F24F63ADF818306D
:10DD6000334802235246682108F0DAFA8346002835
:10DD700040F050812B78D3B94FF47A40B0472B78DC
:10DD8000013C93B9002CF7D147F0010733493846DD
:10DD9000F9F77AF83148FEF715FB4FF00D0B3049D3
:10DDA0005A463846F8F792FF16E7002CECD02D497A
:10DDB00018EE100AF9F768F82A48FEF703FB00236B
:10DDC00000932B704FF4CA63ADF818301848022343
:10DDD0005246682108F0A4FA8346002840F03C81AE
:10DDE0002B78002B44D14FF47A40B0472B78013C7C
:10DDF000002B3BD1002CF6D147F001071A493846D9
:10DE0000F9F742F81848FEF7DDFA4FF00D0BC6E7B8
:10DE1000F86D00207DC40200C0980300A4BF030079
:10DE2000F4BF0300309103006091030058360020D6
:10DE3000C498030010980300EC9003000C910300B9
:10DE4000046E002014920300049303007C930300EB
:10DE5000BC910300E8910300A0930300CC9303005E
:10DE6000F09403002494030084940300002CC3D096
:10DE70008B4918EE100AF9F707F88948FEF7A2FA5D
:10DE800088494846F9F700F88648FEF79BFA0023D0
:10DE900000932B7048F66043ADF818308248022397
:10DEA00052461E2108F03CFA0446002840F0A180AA
:10DEB0002B78002BFCD0002300932B706123ADF84E
:10DEC00018307948022352461E2108F029FA0446E8
:10DED000002840F0D9802B78002BFCD00023009341
:10DEE0002B7041F26203ADF818306F48524602239E
:10DEF0001E2108F015FA0446002840F0B9802B785E
:10DF0000002BFCD069494846F8F7BEFF6748FEF78A
:10DF100059FA674A67480121F9F73AFE00283FF4A9
:10DF20005BAE47F001006449F8F7AEFF6248FEF7C8
:10DF300049FA51E6002C3FF4BBAE9DF816205F492C
:10DF40004846F8F7C3FE9DF816105C48FEF73AFA0B
:10DF50009DF816206F2A74D148465949F8F794FF66
:10DF60005748FEF72FFAB3E64F4808F06BF912E670
:10DF7000544B55485549C01AC008000440F00200EF
:10DF8000F8F782FF12E44F4B4F485149C01AC008BE
:10DF9000000440F00300F8F777FF4E4807F02EF931
:10DFA0004C4807F039F931464B4807F0C9FB4B4B59
:10DFB0004B485E703146C7F80C855C2208F09AFF2A
:10DFC000FFF7F4BB47F0010046495A46F8F77EFEDA
:10DFD00044485946FEF7F6F972E647F00107024653
:10DFE00041493846F8F772FE3F485946FEF7EAF9CC
:10DFF000D5E647F001073D4902463846F8F766FE88
:10E000003A482146FEF7DEF9394922463846F8F704
:10E010005DFEE1E547F00107024636493846F8F76C
:10E0200055FE34485946FEF7CDF9B8E647F00100F1
:10E0300031492246F8F74AFE2F482146FEF7C2F939
:10E040003EE647F001002D49F8F740FE9DF8161016
:10E050002A48FEF7B7F933E647F001070246284998
:10E060003846F8F733FE26485946FEF7ABF996E6F0
:10E0700047F00107024623493846F8F727FE2148B2
:10E080002146FEF79FF9BFE747F0010702461E4908
:10E090003846F8F71BFE1C482146FEF793F9B3E714
:10E0A000AC940300D4940300C4980300B09503001B
:10E0B000E9C80200AC980300E495030070920300E5
:10E0C000D8920300A4BF0300F4BF0300BC90030078
:10E0D000508F0300FC970300E8360020086E0020F4
:10E0E0003C6E00203892030040930300209503000B
:10E0F00074960300F09303007C910300A492030044
:10E100004C940300809503005095030070B52F4C8C
:10E11000237843B1B0F5A27F44D0B0F5A47F3AD0C4
:10E12000B0F5A07F00D070BD00212948294D2A4EAE
:10E1300007F076F8294B2A49ED1AED082D0445F031
:10E14000040502462846F8F7C1FD33788BB194F8F0
:10E15000513094F85020013393420ADB00212148CA
:10E1600007F0EEFA0023737072781F492846F8F71B
:10E17000ADFD002284F8522094F851300133DBB217
:10E1800084F8513094F8511094F85030994210D3DB
:10E1900084F8512070BD2378002BC4D0BDE87040B6
:10E1A000FEF79CBD636D01336365BDE87040FEF70B
:10E1B0005FBB2378002BB6D094F8512094F85030F0
:10E1C0009A42B0D2BDE87040FEF7F2B93C6E002032
:10E1D000FC970300F4BF0300086E0020A4BF0300F7
:10E1E000AC960300E8360020C88E03002DE9F04706
:10E1F0004FF48041B4B00020F8F73AF9002840F01D
:10E200005883F8F725F908F019FB002840F0DA8365
:10E210004FF0A0430322CC49C3F82827C3F8242792
:10E22000C3F81C27C3F82027C3F81827C3F80C2706
:10E23000C3F80827C3F878270A78002A00F0348347
:10E240004FF48062C3F80825C04B1B78002B00F008
:10E2500024834FF0A0434FF40072C3F808254FF019
:10E26000A04380214FF48072C3F80C154024C3F8FA
:10E270000C25082004214FF08042C3F80845C3F85C
:10E280000C05C3F80C15C3F80825F9F74BFC00285A
:10E2900040F09583AE4AAF480121F9F779FC002898
:10E2A00040F09C83AC4800221021F9F789FC00283B
:10E2B00040F09183A9490320FDF7CAFE002840F0F1
:10E2C000878308AD29460020FDF7A0FF002840F015
:10E2D0007C839DF82090FCF7B9FB002840F09683E2
:10E2E00006F03AFC002840F08E83002329460120E6
:10E2F000089306F099FD002840F08283284606F036
:10E3000073FE002840F07983112395488DF814306E
:10E3100008F034FE0DF1140882B291494046FDF731
:10E32000AFFF002840F0668308220021284608F04D
:10E33000E1FD4FF006124FF0C8732846CDE90823DF
:10E34000FDF79CFF002840F052838648802103F0AF
:10E350009FF8002840F048838248002103F080F8AD
:10E36000002840F03E8304F009FC002840F01E83A2
:10E3700005220021284608F0BDFDBDF822309DF899
:10E38000242023F47F7323F0030322F0030243F4D9
:10E39000447342F0030240F231712846ADF8201078
:10E3A000ADF822308DF8242004F0AEFC002840F0B7
:10E3B000FA826D4804F08CFC002840F0F1826B4B2F
:10E3C0000FCB85E80F006A491022284608F084FD2B
:10E3D00068492846FDF762FF002840F0DE82664B60
:10E3E0000893284608F0AAF9002840F0D382634E2B
:10E3F000642446F001064FF47A40B047013CFAD15C
:10E4000004A94FF4A050FDF755FFBDF810305C4A49
:10E410000127CDE9013421460B234FF4A850009782
:10E42000FDF760FFBDF81030564A019321460C23DA
:10E4300041F20150029400970326FDF753FFBDF807
:10E440001030514A01932146052341F203500294B2
:10E450000096FDF747FFBDF810304C4A4C49019338
:10E4600041F20450082302970097FDF73BFFBDF8E7
:10E470001030484A4849019341F20650022302975E
:10E480000097FDF72FFFBDF810302F4A4349019345
:10E4900041F207503B4602940096FDF723FFBDF87A
:10E4A00010302A4A3E49019341F208503B460294FB
:10E4B0000096FDF717FF4FF0110ABDF810303949EB
:10E4C00001932246802341F209500294CDF800A026
:10E4D000FDF708FFBDF81030334A3449019341F28B
:10E4E0000A50042302970097FDF7FCFE0DF112017C
:10E4F00041F20140FDF7DEFEBDF812302C4A2D49F5
:10E5000001934FF4B0503B4602940096FDF7EAFEAB
:10E51000BDF81230284A2949019341F20160502385
:10E5200002940096FDF7DEFEBDF81230244A25491C
:10E53000019341F20260142302940096FDF7D2FE8B
:10E54000BDF8123040E000BF45370020386E002093
:10E55000A5C20200A89803003836002001C50200B9
:10E56000BC9603006C6D0020D5CA0200989703008A
:10E57000B0360020F0360020C1CB02001098030016
:10E580000C3600202C36002048370020A06E0020DA
:10E59000FC6D002028410020506D0020E86D002017
:10E5A000E06D00205C6D00200C450020986D00207F
:10E5B00044370020D86D002060360020A06D002078
:10E5C00018360020646D0020C04AC149019341F211
:10E5D0000360142302940096FDF784FEBDF8123008
:10E5E000BC4ABD49019341F2046014230294009691
:10E5F000FDF778FEBDF81230B84AB949019341F2EF
:10E6000005600A2302940096FDF76CFEBDF81230F7
:10E61000B44AB549019341F206602823029400965A
:10E62000FDF760FEBDF81230B04AB149019341F2E6
:10E630000760142302940096FDF754FEBDF81230D3
:10E64000AC4AAD49019341F208601423029400964C
:10E65000FDF748FEBDF81230A84AA949019341F2DE
:10E6600009603B4602940096FDF73CFE414641F2AC
:10E670000240FDF71FFEBDF81430A24AA2490193E3
:10E680004FF4B8503B4602940096FDF72BFEBDF8C0
:10E6900014309E4A9E49019341F201703B46029418
:10E6A0000096FDF71FFEBDF814309A4A01932146EB
:10E6B0003B4641F2027002940096FDF713FEBDF84E
:10E6C0001430954A9549019341F203701623CDF811
:10E6D00000A00294FDF706FE2146AC22284608F071
:10E6E00009FC4FF496720023CDE92A2302228C4BB9
:10E6F0008DF820204FF4C062ADF8222093E8070087
:10E7000088E807008748ADF830602946CDF83480A6
:10E710008DF89C7000F062FC002840F03881814840
:10E72000012100F057FC1C220021284608F0E2FBE2
:10E7300000234FF4A032CDE908324FF4F0220A92C0
:10E7400003228DF82C20ADF82E30774A8DF830302A
:10E750002846764B0D920E9301F032FC002840F0D3
:10E760001381734B734A93E8030085E803007248F2
:10E77000294606F0B3FC002840F003816F4B93E874
:10E78000070085E807006E480022294606F00EFEC5
:10E79000002840F0F3800121694806F0D1FF694B61
:10E7A00000214FF40042C3E90021674B4FF0A04223
:10E7B00001241C7002204CF25034597059805C6066
:10E7C000C2F81007C2F81407604808F0C3F900281F
:10E7D00078D15F4A07CA434603C341461A700020F6
:10E7E00008F00CFA00286AD15A4A07CA2B4603C31C
:10E7F00029461A70012008F001FA00285CD1564B16
:10E8000093E8070041F2883385E8070053490993EC
:10E81000284607F02DFE002840F0CE80504807F033
:10E8200061FE002840F0C58007F04EFE4D4C4E4B77
:10E830004E49E41AE408240444F0030541F2883206
:10E840002846F8F743FAB9F1020F15D1484928468E
:10E85000F8F71AFB04F084FAE0B94649404C284620
:10E86000F8F712FB207807F06BFEF7F751FE00284F
:10E87000F8D1FCF701F9F5E72A48032100F038FC4C
:10E8800006460028E9D002463B4944F00100F8F76B
:10E890001DFA3046F8F73AFFDFE74FF0A0434FF498
:10E8A0000072C3F80C25DAE44FF48062C3F80C253B
:10E8B000CAE4F8F72BFFA4E4F8F728FF9FE7F8F77E
:10E8C00025FF91E7F8F722FF83E700BFF436002029
:10E8D000A86D002008370020B06D00200036002011
:10E8E000486D00201C370020B86D0020246E0020E9
:10E8F000D06D0020106E0020C86D0020986E0020A2
:10E90000F06D002000450020886D00205836002062
:10E91000906D00200145002024420020806D0020E1
:10E92000A897030014690020DDC40200C1C30200DF
:10E93000B49703000DE10200FC970300BC970300AD
:10E94000E8360020C06D0020086E00200498030007
:10E95000C8970300D4970300E09703004DC402005A
:10E96000586D0020F4BF0300A4BF0300C896030045
:10E97000F896030008970300EC8E0300F8F7C6FE34
:10E9800009E7F8F7C3FEF9E6F8F7C0FEE9E6F8F79D
:10E99000BDFEC4E6F8F7BAFE29E5F8F7B7FE1EE5B6
:10E9A000F8F7B4FE0BE5F8F7B1FE02E5F8F7AEFEB6
:10E9B000DEE4F8F7ABFE37E7F8F7A8FE2EE7F8F746
:10E9C000A5FE67E4F8F7A2FE22E4F8F79FFE80E4D4
:10E9D000F8F79CFE75E4F8F799FE6BE4F8F796FEFD
:10E9E00060E4F8F793FEBEE4F8F790FEB4E4F8F7BD
:10E9F0008DFEAAE4F8F78AFE96E4F8F787FE83E432
:10EA0000F8F784FE7AE4F8F781FE6EE4F8F77EFE0C
:10EA100066E400BF13DF704738B50023D3F8F85F12
:10EA20006A1C11D0154B164C1649E41AE40824044C
:10EA30002A4644F00300F8F749F92846FFF7EAFFB1
:10EA4000054698B9284638BD4FF010235D696B1C08
:10EA5000E8D10A4B0A480C49C01AC008000440F02B
:10EA600001000425F8F710FA284638BD44F00100EB
:10EA70000649F8F709FA284638BD00BFA4BF0300CD
:10EA8000F4BF0300D098030030990300FC98030002
:10EA900038B50C4B0C4C0D4A0D49E41AE40824041B
:10EAA00044F00300F8F712F90848FFF7B3FF0546F2
:10EAB00008B9284638BD44F001000649F8F7E4F9E2
:10EAC000284638BDA4BF0300F4BF03000060020065
:10EAD00048990300FC9803002DE9F04FDFF8A0915E
:10EAE00000EB400609EBC60683B0F76A012F8046AB
:10EAF0008B4692464FEA400407D0022F49D03FB3DD
:10EB00000027384603B0BDE8F08FB76A756AAF4298
:10EB10007AD9013F7F1B366A574528BF5746721B7B
:10EB200097427BD208F1010303EB430309EBC303D4
:10EB3000594658683A46284408F0CEF9444409EB4F
:10EB4000C4093D443846C9F8245003B0BDE8F08FED
:10EB5000B36A756AAB429CBF326A9B18013B5B1B70
:10EB60009A45CED8044409EBC40400F10108266A92
:10EB7000771B08EB4808BA4509EBC8096ED2D9F8EB
:10EB8000040052462844554408F0A6F957466562E9
:10EB9000B7E700F1010808EB4808756A4FEAC808B2
:10EBA0000027B26AAA4202F1FF3422D9621B346AFA
:10EBB000524509EB0801A4EB050428BF52469442D4
:10EBC000486828BF144628445946224608F084F96C
:10EBD000336A25449D42AAEB040A2744A3440DD07E
:10EBE0007562BAF1000F8CD0B26AAA4202F1FF340A
:10EBF000DCD8346A2244013A521BD9E700257562F9
:10EC0000BAF1000FCDD17CE7366A3744013F7F1B54
:10EC1000574528BF5746721B974283D308F1010A14
:10EC20000AEB4A0A09EBCA0A5946DAF804000192CB
:10EC3000284408F051F9BE1B019ADAF80400354463
:10EC40000BEB02012A4608F047F9444409EBC409DA
:10EC50003846C9F8245003B0BDE8F08FD9F8040055
:10EC6000284455443A46AD1B08F036F90BEB070132
:10EC7000D9F804002A4608F02FF95746656240E7A4
:10EC8000A86E002010B5114C114A12490220C4E9A7
:10EC900004001148C4E906204FF4007020620F48B8
:10ECA0000023C4E912201022E01DA3626362E36224
:10ECB000A3656365E365226508F058F908492046B5
:10ECC00008F054F92023A37110BD00BFA86E0020E6
:10ECD0007499030080990300306F0020206F00209A
:10ECE0008499030072DF704773DF704774DF7047E9
:10ECF00070B5044600F2264681700D4607220021B9
:10ED0000304608F0F7F8E38813B1A378012B6DD0F3
:10ED1000E379002B67D194F82734002B70D194F855
:10ED20002834002B6CD194F82934002B68D194F846
:10ED30002A34002B64D194F82B34002B60D194F842
:10ED40002C341A1E18BF01226B1E032B00F23F81C8
:10ED5000DFE803F00206090CA379002B40F0938052
:10ED6000E379002B4ED1237A002B61D1657A002DF7
:10ED70004CD1A570002384F82F3404F13C051822EF
:10ED80000021284608F0B6F8E36A94F824105A1EC9
:10ED90000120022A28BF034684F83C0084F8513041
:10EDA000A1B1A26AA378511E022928BF024684F8A5
:10EDB0005220002284F85020042B00F2F780DFE874
:10EDC00013F039004300E0006B009B00A37884F847
:10EDD0005010042B00F2EA80DFE813F02C0036001C
:10EDE000BD00D800CD00A378022B94D1636B002B1B
:10EDF00000F0E580012284F82D24082098478AE756
:10EE00000122A1E7002AAED00225B2E70422636BFB
:10EE1000A270002BAED06279002AABD094F82E24D9
:10EE2000002AA7D10122A4F82F2407209847A4E79D
:10EE30000322ECE7002384F83130636B13B194F8BC
:10EE400031009847002070BD00230122C4E91063FF
:10EE500084F83120C4F820340222802384F83C2036
:10EE6000A4F8483000212A4604F15400FFF73AFF85
:10EE70000028E8D194F8301094F85400FFF734FFDC
:10EE80000028DAD070BD94F82430002B7FF468AFEE
:10EE9000002A3FF468AF6CE7D4E90512A4F84820D3
:10EEA0000622616484F83C206279002A00F08180A7
:10EEB00094F82E24002A7CD194F83024002A78D0AB
:10EEC0000223B4F81414D4F8100484F8503001224A
:10EED00000F00EFC08B10423037004F582662A4694
:10EEE000314604F15400FFF7FDFE00286AD10522E7
:10EEF000A37884F8312054E0D4E90712A4F848201C
:10EF00000622616484F83C206279002A44D094F897
:10EF10002E24002A40D194F83024002A3CD0022329
:10EF2000B4F81414D4F8100484F85030012200F01E
:10EF3000DFFB08B10423037004F582662A463146DC
:10EF400004F15400FFF7CEFE00283BD10622A3783F
:10EF500084F8312025E0022384F83130032223692C
:10EF6000A4F84830E36884F83C200022C4E9106328
:10EF7000C4F8202476E7D4E907126164A4F8482095
:10EF8000C2E7022384F831300722E8E7D4E905120A
:10EF90006164A4F8482087E7042284F8312004F54E
:10EFA0008266C4F82064002B3FF447AFD4F82014E5
:10EFB00059E7032284F8312004F58266F1E784F8EA
:10EFC0002D34A8E6A378002B3FF437AFEEE70023FB
:10EFD000A370CFE680F83010704700BF002900F022
:10EFE00083802DE9F041044600287FD091F87A30E3
:10EFF0000D46002B6ED1D5F8A030042B6ED0D5F87D
:10F000009C30042B6AD00027A77005F1780EBEE86B
:10F010000F0004F1040CACE80F00BEE80F00ACE8F0
:10F020000F009EE807008CE8070084F83070D5F8E0
:10F03000A4306363D5F8A830A3634FF6FF7804F5D6
:10F04000826639460722C4F82064A4F8248404F2B6
:10F05000264007F04FFF2378002B42D094F824304D
:10F06000002B14BFEE231F2304F15501C4F8101424
:10F07000A4F8143404F21442284600F041F970BB9D
:10F0800094F82430002B14BFEE231F2304F2312107
:10F09000C4F81814A4F81C3404F21C4205F13C0016
:10F0A00000F02EF9D8B9D4E905230125A4F8483099
:10F0B0004FF48073C4E91002014684F83C5004F117
:10F0C0003C0204F15400A4F85030FFF70BFE30B9B5
:10F0D000257004E091F89830002B8CD00720BDE813
:10F0E000F08184F85480B9E70E2070470E20F6E7CF
:10F0F00003780BB1FFF7FCBD0820704710B50388FB
:10F10000112B0C460BD0262B22D0102B00D010BD7B
:10F11000C37B012BFBD18388A1F8243410BD0023CD
:10F1200081F82E348288B1F824349A42EFD10B79D9
:10F13000002BECD10B7813B301212046FFF7D8FD4B
:10F140000028E4D0A36B002BE1D0BDE810401847A5
:10F15000037A013B012BDAD80B7883B18978094B0C
:10F160000131A3FB012303F4FE7202EB9303C91ADE
:10F17000C9B22046FFF7BCFD0028E3D110BD08202E
:10F18000E0E700BFCDCCCCCC38B5044690F85400B5
:10F19000FFF7ACFD00230122B4F81414D4F81004D6
:10F1A00084F82E2484F8303484F8503000F0A0FA2B
:10F1B00008B10623037004F13C0204F5826104F1F6
:10F1C0005400FFF78FFD054648B923784BB1A1786D
:10F1D0002046FFF78DFD10B1A36B03B19847284679
:10F1E00038BD0820F8E700BF00B58E4600F1040CDA
:10F1F000BEE80F00ACE80F00BEE80F00ACE80F005F
:10F200009EE807008CE807005DF804FB6DDF70479F
:10F2100079DF70477DDF704764DF70472DE9F04F7D
:10F2200085B099460E9E0388BDF83CA00091174614
:10F2300032880192002B53D04FF00008C346454658
:10F24000804605E0B8F800200BF1010B5A4529DD96
:10F25000D8F8041051F82B00039000220DF10B0197
:10F2600003A8FFF7D9FF044630BB9DF80B20BA4234
:10F27000E8D12DB33288D119514536DC4A440DF11D
:10F280000B0103A80125FFF7C7FF002832D1318801
:10F290009DF80B200A443280B8F800200BF1010BD6
:10F2A0005A45D5DCE5B13388019A013B9B1A9BB2E4
:10F2B000FF2B1AD809F80230204605B0BDE8F08FC0
:10F2C0003288511C3A440232524589B20DDC009B0F
:10F2D000318009F801303288013292B23280CDE7B4
:10F2E0000024204605B0BDE8F08F0C24204605B070
:10F2F000BDE8F08F0446204605B0BDE8F08F00BFA2
:10F300002DE9F04700231788138090F82D3086B040
:10F31000144606460D46002B40F0FE80B278002AC7
:10F3200040F0F380F178A1B1DA1CBA4200F2F0802B
:10F330000222EA542388012213449BB22380EA5418
:10F34000238813449BB22380E954238813449BB23F
:10F3500023807268AAB1D91CB94200F2D980022177
:10F3600092F90020E954238801339BB20A212380BB
:10F37000E954238801339BB22380EA542388013364
:10F3800023803389002B40F0F180338A002B40F03A
:10F390002581338B002B40F03B81336A002B42D018
:10F3A0002088821DBA4200F2B3801A88052A40F2F2
:10F3B0008A816FF4486802EB080189B24FF27D3C04
:10F3C000614540F280815988052940F27C816FF4C3
:10F3D000486E8E441FFA8EFEE64540F274814FF669
:10F3E000FF7C624502D08A4200F26D8105222A54D8
:10F3F0002288013292B212212280A954228801323D
:10F4000092B222801988A9542A44090A517022888C
:10F41000023292B222805B88AB542A441B0A53709A
:10F42000238802332380736A002B2FD09988B4F885
:10F4300000C0881C0CF102020244BA4268D8FE28BF
:10F4400066D8033105F80C102288013292B2FF21F0
:10F450002280A9542288013292B222801988A954AC
:10F460002A44090A51702088023080B220809A888C
:10F4700062B199680393002900F02581284407F0C0
:10F480002BFD039B9A8823881344238096F82C3005
:10F49000002B40F0D680307800283AD03388012BFA
:10F4A00000F0118123889A1CBA4231D8012804D176
:10F4B0007178023119448F422AD3023FFF1ABFB23A
:10F4C000A81804A9ADF81070FFF7A4FE08BB3378A4
:10F4D000022B00F000817178BDF810209142C0F03D
:10F4E000F6809742C0F0F38017460922FE2F0FD80E
:10F4F0002388791CE954238801339BB22380EA5482
:10F50000238801331F44278003E00433BB4248D9DA
:10F510000C2006B0BDE8F087082FF9D904A8FFF742
:10F5200075FE0028F5D123880822EA542388013388
:10F530009BB21B222380EA542088013080B22080B5
:10F54000062228440DF1110107F0C6FC23889DF81E
:10F55000102006339BB212F0FE0218BF0122238056
:10F56000EA54238801339BB22380D7E606F10808CA
:10F570000222CDE900472B4611464046FFF74EFEDA
:10F580000028C6D1CDE9004740462B46102206216F
:10F59000FFF744FE0028BCD1338A002B3FF4F9AEBC
:10F5A0001CE004A8FFF734FE0028B2D12388032210
:10F5B000EA54238801339BB219222380EA5423881A
:10F5C000BDF8102001339BB22380EA542B44120A69
:10F5D0005A70238802339BB22380A3E606F11008F9
:10F5E000CDE900472B46022203214046FFF716FED5
:10F5F00000288ED1CDE9004740462B461022072136
:10F60000FFF70CFE002884D1338B002B3FF4C5AEEE
:10F6100006F11808CDE900472B4602221421404686
:10F62000FFF7FCFD00287FF474AFCDE900474046AA
:10F630002B4610221521FFF7F1FD00283FF4ADAE57
:10F6400067E7B16A00293ED04FF000094B464FF002
:10F65000160A2BE02388E854238801339BB22380C9
:10F6600005F803A0238801339BB2238031F82220C0
:10F67000EA542B44120A5A702088023080B220804B
:10F68000B8F8042028444AB1D8F80810D9B107F0D6
:10F6900023FCB8F8042023881344238096F82C20F8
:10F6A0005FFA89F39A427FF6F6AEB16A03EB430242
:10F6B00001EB820809F10109B8F80430D81C0233C3
:10F6C000FE2BC7D924E7072006B0BDE8F087012B41
:10F6D00008D008220AE7BDF810309F42F9D31F4630
:10F6E000092203E78F42F4D30F460822FEE600BF4B
:10F6F00000B301294FF000030FDD00EB030C9CF871
:10F7000001C0944509D010F803C00CF1010C63440A
:10F710009BB203F1010C6145EFDC8B4209D2C25C64
:10F720003AB1013A92B222B102339BB21A449142E9
:10F7300001DA002070471844704700BF2DE9F04FF0
:10F740000388B0F80490103B99B007460A2B12D8F2
:10F75000DFE803F028711111111111111178140053
:10F7600046484946FAF740F845484946FAF73CF812
:10F77000FB7B022B7CD019B0BDE8F08F037A4148A7
:10F780003F2B4FEA1314494665D9FAF72DF83E4846
:10F790004946FAF729F83D48494619B0BDE8F04F07
:10F7A000FAF722B83A4A9368DB43009351686846F7
:10F7B000FAF7AEF8009B0193019B9BB34FF0000852
:10F7C0004446214601A8FAF735F830B118AB03EBEF
:10F7D000480308F1010823F8284C0134142CF0D117
:10F7E000CDF834800DAD0FCD02AC0FC40FCD0FC4DA
:10F7F00095E8070084E80700B8F1000F12D0254E05
:10F800000DF10A0B4FF0000A3BF8025F1C4C20463A
:10F8100029460434FAF702F8A642F8D10AF1010A9F
:10F82000C245F1D1B9F1130F9AD90420F7F76EFF51
:10F8300019B0BDE8F08F1148494619B0BDE8F04F46
:10F84000F9F7ECBF037A002B95D1437A0D481B07DB
:10F850004946F2D5A1E7F9F7E1FF032C97D00A4812
:10F860004946F9F7DBFF022C95D008484946E4E702
:10F8700009484946F9F7B8FF7DE700BF3871002015
:10F880003471002048710020447100204071002034
:10F8900030710020AC7100203C710020132801461B
:10F8A00001D9002070470148F9F7C4BF3471002026
:10F8B000132801D90020704710B504462146074897
:10F8C000F9F7B8FF08B9002010BD21460448F9F740
:10F8D000B1FF002814BF0220012010BD34710020A8
:10F8E0003C710020132801D90020704710B5044650
:10F8F00021460748F9F79EFF08B9002010BD2146B0
:10F900000448F9F797FF002814BF0220012010BD1A
:10F910003471002038710020132801D9002070476D
:10F9200010B5044621460648F9F784FF08B90020BF
:10F9300010BD21460348BDE81040F9F77BBF00BF6A
:10F940003471002040710020132801D90020704735
:10F9500010B5044621460648F9F76CFF08B90020A7
:10F9600010BD21460348BDE81040F9F763BF00BF52
:10F970003471002044710020132801D90020704701
:10F9800010B5044621460648F9F754FF08B900208F
:10F9900010BD21460348BDE81040F9F74BBF00BF3A
:10F9A000347100204871002008B518210248F9F789
:10F9B0004BFFC0B208BD00BF3071002070B50C4EC7
:10F9C000044630460D46F9F735FF08B1132C01D92E
:10F9D000002070BD2146301DF9F72CFF0028F7D01C
:10F9E000E81D214606EB8000BDE87040F9F722BF14
:10F9F00030710020F8B50F4F044638460D461646C4
:10FA0000F9F718FF08B1132C00D9F8BD2146381DAD
:10FA1000F9F710FF0028F8D0E91D07EB8100214617
:10FA20001EB1BDE8F840F9F7DFBEBDE8F840F9F7D0
:10FA3000F5BE00BF30710020F0B50F4B83B09B685E
:10FA400001930746A0B1019D7DB100250E462C46CD
:10FA5000214601A8F9F7EEFE03463146A0B2013473
:10FA60000BB1B8470135142CF2D1284603B0F0BDD4
:10FA70000546284603B0F0BD30710020F0B5154EA4
:10FA800083B004460F46014630461546F9F7D2FECC
:10FA900018B90026304603B0F0BD063406EB8404E6
:10FAA00063680193002FF4D0019B002BF1D0002656
:10FAB0003446214601A8F9F7BDFE03462946A0B207
:10FAC00001340BB1B8470136142CF2D1304603B0E3
:10FAD000F0BD00BF30710020AADF7047008800F041
:10FAE000010070470088C0F340007047F0B58B7884
:10FAF00091B0012B38BF01230C468DF80E3005461E
:10FB00000B88ADF80C30164600210322684607F03A
:10FB1000F1F9637C0022013B8DF80020042B09D809
:10FB2000DFE813F0CF00D300D700DB00050022236D
:10FB30008DF80030A37C0022013B8DF80120042BBE
:10FB400009D8DFE813F0CE00D200D600DA000500B5
:10FB500022238DF80130E37B217B41EAC301237C22
:10FB600041EA03119DF8023001F0190123F0190355
:10FB70001943237D002B14BF0223012363F34201A9
:10FB80008DF802101C22002109A807F0B3F9637B4D
:10FB900013F0300F74D1637B8DF824301422A37BD3
:10FBA0008DF82530002104A807F0A4F9A288A368E5
:10FBB000ADF81C2003AACDF814D004921BB1089311
:10FBC000E388ADF81830A369002B36D001AF0322CB
:10FBD0000021384607F08EF9A2691188ADF82C1083
:10FBE00000238DF804305388ADF82E3053680D97FC
:10FBF0000A93137B013B042B2DD8DFE803F0969A80
:10FC00009E8A290022238DF80530917A137A43EADF
:10FC1000C103D17A927B002A9DF8062043EA0113A2
:10FC200022F0190203F0190343EA020314BF02226F
:10FC3000012262F342038DF80630E36903B10C93AD
:10FC4000334604AA09A92846FFF746FF11B0F0BDC4
:10FC500022238DF80430537B0021013B8DF80510E1
:10FC6000042BD2D801A151F823F000BF1BFD0200E4
:10FC700023FD020003FD02000BFD020005FC020053
:10FC800002AF03220021384607F034F9E37C00225A
:10FC9000013B8DF80920042B07D8DFE803F0525E02
:10FCA0005A56030022238DF809309DF80A300E972A
:10FCB000012262F342038DF80A3011238DF80830D7
:10FCC00069E711238DF8003034E721238DF80030E7
:10FCD00030E731238DF800302CE712238DF8003007
:10FCE00028E711238DF8013035E721238DF8013005
:10FCF00031E731238DF801302DE712238DF80130E3
:10FD000029E731238DF805307FE712238DF8053080
:10FD10007BE712238DF804309DE711238DF8053021
:10FD200073E721238DF805306FE711238DF8043038
:10FD300091E721238DF804308DE731238DF80430CD
:10FD400089E711238DF80930AFE712238DF80930C8
:10FD5000ABE731238DF80930A7E721238DF809306F
:10FD6000A3E700BF75DF704776DF70477ADF704723
:10FD70007BDF704770B51D4D2B8884B2A34282B0E3
:10FD800011D11B4E297A327B91420ED3337C002253
:10FD90002A72F3B9736933B100228DF80420ADF8EB
:10FDA000064001A8984702B070BD05F10A01184647
:10FDB000FFF7D8FF40B11128F5D0B369002BF2D07E
:10FDC00002B0BDE8704018472B7A01332B7202B0A5
:10FDD00070BD3B212046FFF7C7FF30F00803D9D0A4
:10FDE000B369002BD6D09847D4E700BFC871002074
:10FDF000AC71002070B50288122A82B003466DD023
:10FE000015D8102A30D0112A0FD16A4C8288238845
:10FE10009A420AD16068F7F72FFF18B1664B9B69C9
:10FE200003B198474FF6FF73238002B070BD502A8C
:10FE3000FBD1614DC188EA899142F6D1028A022A3A
:10FE4000F3D15C4C828826889642EED11230FFF7BF
:10FE500045FE002800F09880637A002B40F09B80DC
:10FE6000D5E90113324667E090F80FC0BCF1010FED
:10FE7000DBD1504C21884FF6FF7291427DD14F4D1E
:10FE8000828822800021217203CDC4F80A00C4F8C0
:10FE90000E10598A6089884260D8A08988425DD353
:10FEA000E1899B8A40F2F315A94294BF481A481B86
:10FEB000984253D82944994250D33F4D84F809C001
:10FEC000EB89002BB1D16B69002BAED001218DF8ED
:10FED0000410ADF8062001A89847A6E7354C8288A3
:10FEE00021889142A1D14089658985421FD8A58981
:10FEF00085421CD3E0899B8940F2F31C604594BF86
:10FF0000051AA0EB0C059D4211D8604498420ED30F
:10FF1000294B5B694FF480722281002B85D001222E
:10FF20008DF80420ADF8061001A898477DE7224D12
:10FF3000002363726968AB68207A002818BF1946ED
:10FF40006068F7F73DFE00283FF46FAFAB69002B08
:10FF50003FF46BAF02B0BDE870401847164DEB8917
:10FF600000216172002B7FF460AF69686068F7F769
:10FF700027FE00283FF459AFE8E70F4B9B69002BA1
:10FF80003FF453AF0420E5E76068F7F775FE0028FB
:10FF90003FF44BAFDAE76B6900222272002B3FF48B
:10FFA00044AF01228DF80420ADF8066001A89847FF
:10FFB0003BE700BFC8710020AC710020DC7100205D
:10FFC00070B3F8B586460768164E174D0446BEE86E
:10FFD0000F00B446ACE80F009EE8070035608CE8DF
:10FFE0000700BFB13846FFF7C1FE90B92368186813
:10FFF000596803C50D4B0E490E4A18464FF6FF745B
:020000023000CC
:1000000040F8041F1C800021F7F7C2FD002818BF2C
:100010000320F8BD2846FFF7ABFE0028EAD0F8BD64
:100020000E207047AC710020DC710020C8710020E8
:10003000E871002075FD0200A0DF7047A1DF704766
:10004000ADDF7047B3DF7047B4DF704730B583B0C2
:10005000044604220021684606F04CFF0C4A126850
:10006000019242F6A623012501AA69462046ADF871
:1000700000308DF80250FFF7DFFF08B103B030BD4C
:10008000044B2A4619782046FFF7B4FC03B030BD74
:10009000EC9C03000C72002070B54FF6FF738AB021
:1000A00000249842CDE90044CDE902440494ADF81F
:1000B000020027D0054600F0D7FD112806465DD086
:1000C00022D838B30B2834D12D4A2E482E49801A15
:1000D0001023C00898402A4640F002008DF80030F6
:1000E000F6F7F4FDBDF8020001F02AF80346684671
:1000F000ADF8043002F006FD2246244B284619785C
:10010000FFF778FC0AB070BD43F20203984210D1A9
:100110002246F2E70F23BDF802008DF8003001F00F
:100120000FF803466846ADF8043002F0EBFC3246A7
:10013000E3E73046FAF778FD124B154902461048BE
:10014000181AC00800042B4640F00100F6F7DAFC4C
:10015000002408232846CDE90544CDE908448DF85C
:100160001430ADF81650079600F0EAFF034605A8D4
:10017000ADF8183002F0C6FC2246BEE70122BCE70B
:10018000A4BF030044C003008C9903000F72002039
:100190000C9A030070B5012186B006463848F9F77D
:1001A00095FBBFF35F8F08B106B070BD04463046C3
:1001B00000F0BCFC112805465BD01ED880B30B288C
:1001C00021D02846FAF730FD2E4B2F4902462F4802
:1001D000181AC0080004334640F00100F6F792FCFC
:1001E00000240823CDE90144CDE904448DF804300E
:1001F0003046ADF80660039532E0862819D043F208
:1002000002039842DDD1224B002219783046FFF7D5
:10021000F1FBBFF35F8F1A4B00221A6006B070BD6E
:100220001B4B19780246304606B0BDE87040FFF718
:10023000E1BB164B134817490194C01AC0080004CB
:1002400040F0020007233246CDE90244CDE90444E0
:100250008DF80430ADF80660F6F738FDBDF80600FD
:1002600000F06EFF034601A8ADF8083002F04AFC2A
:10027000C9E7074B012219783046FFF7BBFBC8E7F7
:100280000872002044C00300989A0300A4BF030032
:1002900010720020609A03002DE9F047674F88B084
:1002A00039780446FFF78AFB10B108B0BDE8F08743
:1002B0000546204600F048FD112806460CD81128B6
:1002C00025D8DFE800F09524242424245B2463242B
:1002D000242424242424244A43F2020398423CD0B8
:1002E00043F20143984212D12046FFF7D5FE4FF06A
:1002F000010A534B524619782046FFF77BFB3978A9
:100300002A46204608B0BDE8F047FFF773BB3046E9
:10031000FAF78AFC4B4B4C4902464C48C01AC008BD
:100320000004234640F00100F6F7ECFB0023CDE982
:100330000333CDE90633204608238DF80C300596AB
:10034000ADF80E4000F0FCFE034603A8ADF81030F7
:100350004FF0010A02F0D6FBCBE74FF0010AC8E7E5
:100360000520FAF761FC394B394902463548181A1D
:10037000C008000440F00400F6F7A8FC204600F096
:10038000DFFE00F00FFD4FF0000AB2E70DF10600AE
:10039000FFF758FEBDF80630012BE1D94FF0000AF7
:1003A000012602A94FF0020842F6021909E0BDF841
:1003B00008304B4533D0BDF806300136B6B2B342F3
:1003C000CED930460022CDE90381FFF73DFE42F64B
:1003D00005230028C5D102A9BAF1000FE7D1BDF865
:1003E00008A0AAEB030ABAFA8AFA4FEA5A1AE2E715
:1003F000002311222046CDE90333CDE905330793CD
:100400008DF80C20ADF80E4000F09AFE0125034651
:1004100003A8ADF81030AA4602F074FB69E701ABFF
:10042000314603AA20460493FFF70AFE002898D11C
:10043000BDF80430002B7FF45CAF9FE71272002000
:1004400011720020A4BF0300149B030044C00300EA
:10045000D89A030070B54FF6FF738AB00024984213
:10046000CDE90044CDE902440494ADF8020027D060
:10047000054600F0F9FB112806465DD022D838B3B6
:100480000B2834D12D4A2E482E49801A1023C0083B
:1004900098402A4640F002008DF80030F6F716FC2E
:1004A000BDF8020000F04CFE03466846ADF804308B
:1004B00002F028FB2246244B28461978FFF79AFAC7
:1004C0000AB070BD43F20203984210D12246F2E70F
:1004D0000F23BDF802008DF8003000F031FE034616
:1004E0006846ADF8043002F00DFB3246E3E73046D3
:1004F000FAF79AFB124B154902461048181AC00821
:1005000000042B4640F00100F6F7FCFA0024082313
:100510002846CDE90544CDE908448DF81430ADF8FE
:100520001650079600F00CFE034605A8ADF81830EB
:1005300002F0E8FA2246BEE70122BCE7A4BF0300AE
:1005400044C003008C9903000F7200200C9A030032
:10055000037803B1704730B5044683B04088FFF795
:100560009BFD6588284600F0D9FBA0B96488204629
:1005700000F0E6FD00236A46092101F04BFA052848
:1005800018D0104B104918780022FFF777FA02466E
:1005900040B103B030BD0D4B012219782846FFF75A
:1005A00029FAE3E70A4B0B49187803B0BDE830405D
:1005B000FFF764BA064B012219782046FFF71AFAB2
:1005C000DFE700BF107200209501030011720020C8
:1005D0000D7200204D000300F0B50578092D83B0A1
:1005E00009D0314C314920780022FFF747FA024602
:1005F00050B303B0F0BD477A0446002FF1D1067A1C
:10060000072E29D0082E45D0012EEAD180886A46CF
:10061000314601F0C1FD05460028E2D1019B1B785F
:10062000002BDED0A08800F051FE4FF6FF739842F9
:10063000D7D01F4C32462178FFF7DCF91D492078CE
:100640002A46FFF71BFACCE71B4B1C49187803B06E
:10065000BDE8F040FFF712BA8088134C00F036FE78
:100660004FF6FF7398420646BCD021780122FFF76F
:10067000C1F9304600F064FD3B4629466A4601F068
:10068000C9F90528AED10C4B012219783046FFF785
:10069000B1F9A7E70A4B1A68012AA2D1BFF35F8F0D
:1006A000014C1F609EE700BF1072002095010300FF
:1006B00011720020990203000D7200204D0003000A
:1006C000087200202DE9F843FFF76EF9234C244D02
:1006D0002070FFF769F92870FFF766F9214E224F65
:1006E0003070FFF761F93870FFF75EF9DFF890803E
:1006F000DFF8909088F80000FFF756F989F80000BD
:10070000FFF752F92378194A182B107019D02B785B
:10071000182B16D03378182B13D03B78182B10D009
:1007200098F80030182B0CD099F80030182B08D00E
:10073000182806D00E4B00201860BFF35F8FBDE86D
:10074000F8830C4B0C480D49C01AC008000440F057
:100750000100F6F799FB0320BDE8F8831072002032
:100760000F72002011720020127200200E72002001
:1007700008720020A4BF030044C00300549B030080
:100780000D7200200C72002070B503888588353BFF
:1007900086B004461F2B65D8DFE813F020009C00CC
:1007A0006400640064006400640064006400640029
:1007B0006400640064006400640064006400640019
:1007C0006400640064006400640064006400640009
:1007D0006400C4006400E30064007300854E284692
:1007E0003178FFF7EBF800283CD00022317828461A
:1007F000FFF700F9E288B2F5857F1ED0002A40F0AD
:10080000DD806289012A09D07B4B7C487C49181A1B
:10081000C008000440F00200F6F758FAA689012E3D
:1008200000F0D7807448754B7649C01AC0080004A0
:10083000324640F00200F6F749FA734B1978734BD1
:1008400000222846CDE90132FFF7D4F8704B02931D
:10085000284600F075FC002201A901F057F9002894
:1008600040F084806B4C6C4B6C4918780022FFF789
:1008700005F96B492078002206B0BDE87040FFF70B
:10088000FDB8002612232846CDE90166CDE90366AE
:100890008DF804300596ADF8065000F051FCADF827
:1008A000080000F07FFA5F4B5A4C19783246284610
:1008B000FFF7A0F8217832462846FFF79BF8BDF8ED
:1008C000060000F03DFC034601A8ADF8083002F038
:1008D00019F9C8E7544E28463178FFF76FF8002819
:1008E000C0D0002231782846FFF784F8E288002A39
:1008F0004AD1E389012B52D0404A3F484149801AEE
:10090000C00800041A4640F00200F6F7DFF93E493D
:100910003E4B097800222846CDE90132FFF76AF8FC
:100920003B4B94E7037B012B9CD1827A012A99D11E
:10093000018942F60213994294D13C4C2846217811
:10094000FFF758F800223A492078FFF797F8024657
:10095000002887D12C4B374918782E4CFFF78EF89A
:1009600081E72846FFF798FB2A4C7CE7FAF75CF909
:10097000214B3149024621481B1ADB081B0443F076
:100980000200F6F7A3F96DE71C4B1B482B49C01A70
:10099000C008000440F00200F6F798F9B7E71A49DA
:1009A0001A4B0978247C2846CDE90132FFF722F85A
:1009B000234B174A002C08BF134648E70F4B0E483D
:1009C0001E49C01AC008000440F00200F6F77EF984
:1009D00033E7E18900222846FFF730FB00287FF447
:1009E0002CAF114B0B4C197832462846FFF702F812
:1009F00039E700BF0C72002044C00300A4BF03000D
:100A0000609C03009C9C03000D7200200100090003
:100A1000F09C0300117200200F72002055040300A7
:100A200099020300127200200E7200201072002042
:100A3000950103004D000300C49B0300249C0300A8
:100A4000F49C0300AFDF7047B1DF7047B2DF70473F
:100A5000B3DF7047F0B5264B264D93E803002B8893
:100A600089B04FF6FF7701AEBB4286E8030007D19D
:100A700037E0288801F0CEF8B8420346288030D00D
:100A800000223146184601F041F804460028F0D013
:100A90000023CDE90333CDE90533079311282B88D3
:100AA000ADF810301DD086281DD0FAF7BDF81249D8
:100AB0002B8802461148081AC008000440F00100C3
:100AC0000F49F6F71FF80823BDF810008DF80C3019
:100AD000059400F0FBFB034603A8ADF80E3002F0CE
:100AE00025F809B0F0BD072218468DF80C20F0E774
:100AF000109F0300147200204CC00300A4BF030029
:100B0000F89C0300044A12884FF6FF739A4200D102
:100B10007047FFF79FBF00BF14720020024B4FF6D3
:100B2000FF721A8000207047147200202DE9F04FE8
:100B300087B0814600F004FB4FF6FF73984279D0EE
:100B4000444B4549A3EB010B4FEADB0B01224FEA73
:100B50000B4B4BEA0203804601934FF0030A02ABB2
:100B600008214046541C01F01BFB0546A4B2032398
:100B7000484685BB039F3E463A1D46F806AB3146C4
:100B8000FFF764FF0346082140465BB30C2B04D1FA
:100B900001F006FCA8B92246E1E70821052B18BFA1
:100BA0001D4601F0FDFB40B1FAF73EF82B49034624
:100BB00042460198F5F7A6FF0325284607B0BDE891
:100BC000F08FFAF731F84246034624490198F5F7C9
:100BD00099FF2246C3E7072D08BF0C25284607B01A
:100BE000BDE8F08F04AA01F0D7FA58B1052827D143
:100BF00042460821404601F033FC0546284607B02E
:100C0000BDE8F08F0599BB888A889A42F0D10631F9
:100C1000304606F051F90028EAD111494BF00400A2
:100C2000F6F732F90821404601F0BAFB0028BBD1A3
:100C30000B25C2E743F20205284607B0BDE8F08F56
:100C4000F9F7F2FF074902464B460198F5F75AFFBC
:100C50000325B2E74CC00300A4BF0300B89D030006
:100C6000889D0300509D03002DE9F04383B00746A3
:100C700000F066FA4FF6FF73984230D14FF000084B
:100C8000032546464FF001092B4642463146384679
:100C9000FFF7DAFE042804460BD008280BD00B28F7
:100CA0000BD0B9F1000F08BF0B24204603B0BDE8FC
:100CB000F0831124F5E70024F3E715F0020504D1D1
:100CC0003EB1A8464646032500E001254FF0000945
:100CD000DAE7B8F1000F0ED00325B046F6E76A4612
:100CE000082101F059FA0028C8D1019EB6F8048005
:100CF00035680636C6E7064B06480749C01AC008DD
:100D000000043A4640F00100F5F7E0FFCDE700BFF0
:100D1000A4BF03004CC00300389E030000B585B09B
:100D20000DF10703039300F00BFA02AA012101F071
:100D300033FA20B9039B187805B05DF804FB002056
:100D400005B05DF804FB00BF70B5124E0446304696
:100D5000FFF77EFE78B9318843F203054FF6FF7244
:100D60002046FFF76FFEA84200D070BD31880131E8
:100D700089B23180F2E7F9F757FF074B074902467E
:100D800007481B1ADB081B0443F00100F5F79EFF20
:100D9000032070BD167200204CC00300B09E0300FB
:100DA000A4BF030000B5084B844693E8030083B05A
:100DB0006B4683E8030000221946604600F0A6FE59
:100DC00003B05DF804FB00BF189F030046DF7047C7
:100DD0000388102B2CD170B500F1040CBCE80F0077
:100DE0009EB00DF11C0EAEE80F00BCE80F00AEE89F
:100DF0000F009CE807009DF8203003F0FE03062B4F
:100E00008EE8070015D1BDF81C307549BDF82440A7
:100E1000089803EB83035B00CA18D4804FF6FF7475
:100E2000CC529DF826301372C2F802001EB070BD7D
:100E3000704700F037FE9DF82030032B4FEA530235
:100E400040F29D80022ADED105AE0DF10605324644
:100E50002946072000F02EFE002800F0AB809DF808
:100E6000203003F0FE03042BF1D1069C03220DF188
:100E7000210102A806F030F8032209A904A806F00F
:100E80002BF8237C8DF84830E37B8DF84930A37B29
:100E90008DF84A30637B8DF84B30237B8DF84C30D6
:100EA000E37A8DF84D30A37A8DF84E30637A8DF861
:100EB0004F30237A8DF85030E3798DF85130A37993
:100EC0008DF8523063798DF8533023798DF8543092
:100ED000E3788DF85530A3788DF8563063788DF827
:100EE00057300D22002116A806F004F89DF81030A6
:100EF0008DF867309DF811308DF8663012A89DF896
:100F000012308DF86530FFF761FF9DF877209DF86E
:100F100076308DF80C208DF80D3003229DF8753059
:100F20008DF80E3003A902A805F0C6FF00288ED167
:100F3000BDF81C302A48BDF8061003EB83025200AE
:100F400084188152BDF824200898E2804FF6FF7281
:100F5000C4F8020091429DF8260020723FF466AF6B
:100F6000002212A8ADF84A30ADF84C108DF8482098
:100F700001F0F0FD12A8FFF7EBFA1EB070BD05AE50
:100F80000DF1060532462946072000F093FD0622A2
:100F900080B106999DF82030487C434013F0FE0F45
:100FA00001F11201EED10DF1210005F085FF0028BD
:100FB000E8D1BDE7BDF81C300949089803EB83036D
:100FC0005B004FF6FF74CA18CC52BDF824109DF890
:100FD0002630C2F80200D18013721EB070BD00BF6F
:100FE0001872002070B5102204460D460130013100
:100FF00005F062FF002852D16378FBB9A378EBB902
:10100000E378DBB92379CBB96379BBB9A379ABB901
:10101000E3799BB9237A8BB9637A7BB9A37A6BB9ED
:10102000E37A5BB9237B4BB9637B3BB9A37B2BB9D9
:10103000E37B1BB9237C0646002B31D06B78002B59
:101040005CD1AB78002B59D1EB78002B56D12B79A2
:10105000002B53D16B79002B50D1AB79002B4DD1A4
:10106000EB79002B4AD12B7A002B47D16B7A002BDE
:1010700044D1AB7A002B41D1EB7A002B3ED12B7BB4
:10108000002B3BD16B7B002B38D1AB7B002B35D1B8
:10109000EB7B9BBB287C061E18BF012600E00026C8
:1010A000637C6A7C83EA020111F0FE0F0BD003F02F
:1010B000FE03042B1ED0062B1CD002F0FC02042AD7
:1010C00018D0002070BD062205F1120104F11200B3
:1010D00005F0F2FE637C03F0FE03042B0AD0062B1E
:1010E00008D06B7C03F0FC03042B03D00028E8D16C
:1010F000012070BD002EE4D00120FAE70126CFE7E1
:1011000030B585B005460C4600F0CCFC03E0BDF8D8
:101110000630A3420BD102AA0DF10601072000F010
:10112000C9FC0028F3D14FF6FF7005B030BD03991C
:101130002846FFF757FF0028EDD0BDF80600F4E77A
:1011400013280DD810B50446FEF7A8FB28B1064BAE
:1011500004EB840433F8140010BD4FF6FF7010BD8B
:101160004FF6FF70704700BF18720020132816D882
:1011700038B504460D46FEF791FB68B1094804EB0B
:10118000840400EB44040020E388D4F80220AB8000
:10119000237A2A60AB7138BD43F2020038BD43F2B6
:1011A000020070471872002008B502887AB9837867
:1011B0006BB9C3785BB903794BB943793BB9837990
:1011C0002BB9C3791BB9037A0BB9437A13B10B88D6
:1011D000934201D0002008BD08220231023005F000
:1011E0006BFEB0FA80F0400908BD00BF30B585B095
:1011F000044600F057FCA51C02AA0DF106010720C9
:1012000000F058FC002855D023880399002B34D1D6
:10121000A278002A52D1E378002B44D12279002A07
:1012200041D16279002A3ED1A279002A3BD1E279EC
:10123000002A38D1227A002A35D1627A002A32D1A6
:1012400023795BB9627952B9A07938B9E379002B77
:1012500039D1227A1AB9637A002BCDD000234A8D76
:101260009A42C9D108222C31284605F025FE0028D3
:10127000C2D1BDF8060005B030BDB1F846209A4293
:10128000EDD108224831284605F016FE0028F0D09E
:1012900023880399002BE2D1A278002ADFD1E378DA
:1012A000002BCDD0DAE7B1F84620002AE9D0002B98
:1012B000C6D0D3E74FF6FF7005B030BDB1F8462079
:1012C000002ACCD1DDE70346C9E700BF4FF6FF7324
:1012D00098422DE9F04118D00024DFF83880074605
:1012E000254601E0642C10D038F81430BB42AEB271
:1012F00004F1050405F10105F4D13046FEF7CEFAFC
:101300000028EFD03046BDE8F0814FF6FF7630463A
:10131000BDE8F08118720020038893B9837883B9FF
:10132000C37873B9037963B9437953B9837943B9FE
:10133000C37933B9037A23B9407A003818BF012042
:1013400070470120704700BF132804D8024B00EB00
:10135000800023F81010704718720020F8B54FF67F
:10136000FF7398421FD00024114F0646254603E024
:10137000642C05F1010515D037F81430B34204F19F
:101380000504A8B2F4D1FEF789FA0028F0D030465F
:1013900000F030FE28B905EB85054FF6FF7327F8FE
:1013A0001530F8BD3046BDE8F84000F023BE00BF60
:1013B0001872002090DF7047A5DF7047B5DF7047D7
:1013C00070B5214B214CE41AE408002661F30F06A6
:1013D000240484B00A4661F31F4603461C490546AF
:1013E00044F00400F5F78EFB00236A4602A9284664
:1013F000029603930093ADF80430FFF7DBFF064637
:1014000010B9304604B070BDF9F70EFC44F0010489
:10141000034610492A462046F5F774FBBDF8002024
:10142000BDF8023052EA030103D00B492046F5F71C
:1014300069FBBDF80420002AE3D020460749F5F7F0
:1014400045FC304604B070BDA4BF030014C00300C7
:10145000389F0300689F0300B49F0300F49F0300BC
:1014600008B90E20704730B41B220271074C01618D
:1014700000234FF0801541F61B320560C0F806408E
:101480004381828130BC1846704700BF800017003E
:1014900040B1A1F11703692B02D8018000207047E9
:1014A000072070470E2070472DE9F041868886B0EE
:1014B000002E7BD10388242B05460C461BD80F2B0E
:1014C00051D9103B142B4ED8DFE813F0AC00680064
:1014D0004D004D004D004D004D004D004D004D00A4
:1014E0004D004D004D004D004D004D004D004D0094
:1014F0004D00F700BF003A2B5BD0552B33D1954BF5
:10150000954AC78895499D1AED082D0445F00400B9
:101510003B4632460390F5F7F5FAA6720096E3884B
:1015200003988F49172F3A4638BF17229A4228BF8F
:101530001A462281F5F706FAE1883046FFF73EFFAA
:10154000002840F0D180E37A6BB922695AB1218931
:10155000ADF8141040F67720ADF81000ADF8123059
:1015600004A920469047A37A03B3E1880020FFF73F
:1015700023FF0346002844D0112817D0F9F754FB65
:10158000744B7849024674481B1ADB081B0443F06D
:10159000010006B0BDE8F041F5F798BB7249C4F808
:1015A0000610002241F61B336281A38106B0BDE81C
:1015B000F0816A89E388684966489A4228BF1A46DA
:1015C000401A172A4FEAD00038BF172200043346CA
:1015D0006649228140F00400F5F794FA23696BB163
:1015E000E27A5AB140F677212289ADF81010ADF8B1
:1015F0001260ADF8142004A92046984700236381A7
:10160000D4E7554A5348801A4FF48071C00861816D
:10161000E2885749000440F0040006B0BDE8F041FC
:10162000F5F770BA09792173C37B012B65D0022BC2
:1016300058D16288E2802389934261D3637B8B42D5
:1016400091D20020FFF7BCFE8DE706898789B0F8AC
:101650000E804589404B3F48C01AC008F2B20004D2
:10166000002340F004004A7342490390F5F74AFA18
:10167000414903982A46F5F729FB40490398324629
:10168000F5F724FB3E4903984246F5F71FFB3D4919
:1016900003983A46F5F71AFB2369002B3FF463AF32
:1016A000627B8DF8142000204DF67A218DF815000C
:1016B0000491204604A9984755E7274B25482E7AE0
:1016C0003149C01AC008000440F00400334600222B
:1016D000F5F718FA217BA888B14228BF3146FFF7F9
:1016E0006FFE40E7E288A6E7F9F79EFA274902462F
:1016F00045F00100F5F7EAFA25E72288E2809AE74B
:101700001549144D6D1AED082D0445F004062049C5
:1017100030460023F5F7F6F9E1880020FFF74CFE8C
:1017200018B90123217BE37288E7112809D0F9F762
:101730007BFA0C49024645F00100F5F7C7FA217B18
:101740007CE701231349A37200223046F5F7BEFA65
:10175000217B73E714C00300A4BF030050A1030062
:101760008CA10300E0A003008000170014A1030077
:10177000B4A20300FCA103002CA2030040A20300BA
:1017800054A2030064A2030074A20300CCA10300CE
:101790004CA003008CA003002DE9F041DFF8C480C9
:1017A0008AB000210822684688F8001005F0A2FBE4
:1017B0004FF6FF7000F03CFF4FF6FF76B04220D0AE
:1017C000044648F2096707E000F0DEFE204600F01C
:1017D0002FFFB042044614D0A4F58045ADB26A464E
:1017E00002A92846F7F70CFE0346BB422046EBD081
:1017F0002846F7F79BFC48F207639842054624D039
:1018000015B90AB0BDE8F081134A14481449801A8A
:10181000C008000423462A4640F00100F5F772F99B
:101820000023CDE90533CDE9083308224FF6FF73D5
:1018300005A88DF81420ADF818400795ADF81630BE
:1018400000F07AFA0AB0BDE8F081012388F8003090
:101850000AB0BDE8F08100BFA4BF03006CC0030064
:101860000CA30300E872002010B58389017886B0CC
:1018700003F5804300229BB20429CDE90122CDE982
:1018800003220592ADF8083041D02CD84A1E022A16
:1018900037D843F6FE729342C38953D8D0E901206A
:1018A000A1F10301B1FA81F149098DF80C308DF8ED
:1018B0000D100490002A4BD19DF8143043F0010321
:1018C00009228DF81430274C8DF804204FF6FF7351
:1018D00001A8ADF8063000F02FFA2378ABB1FFF77E
:1018E0005BFF06B010BD05290BD143683BBB14223A
:1018F0004FF0FF3301A88DF80420CDF8063000F03A
:101900001BFA184C2378002BE9D106B010BD43F622
:10191000FE729342F5D8C289002AF2D14268D2B150
:101920000C238DF8043003920E4C01224FF6FF7306
:1019300001A82270ADF8063000F0FEF9E2E703934B
:101940001522D5E703F58044A4B29442A6D9D8E77E
:1019500005920A22B7E70B2218468DF8042000F002
:1019600013FEE1E7E872002030B5254889B0F7F7AB
:10197000B9F838BBF7F7CEF80546002831D100F0AA
:10198000C7FD0822294603A805F0B4FA0CE0F7F7D2
:101990000DFA019B9C8804F5804405A8A4B2F7F7D2
:1019A00033FA204600F0BCFD05A903AA4CF207005B
:1019B000F7F7B2FC034601A905A8002BE7D028469B
:1019C00009B030BD0F4A104B10499B1ADB081B04AD
:1019D000024643F00100F5F779F90325284609B0DE
:1019E00030BD084B08480A49C01AC00800042A46FE
:1019F00040F00100F5F76AF98625284609B030BDA8
:101A000069180300A4BF03006CC0030058A30300BF
:101A10009CA30300F0B5FF2887B008D8012904462D
:101A20000D4617461E4606D00B1F052B03D907246B
:101A3000204607B0F0BD0822002101A805F05AFA9F
:101A4000A4F58040A5F5804180B289B201AB03AA1C
:101A5000F7F7EAFBF8B901A903A8F7F7A7F90446D5
:101A6000C8B9019BBD705B883B808EB136687868D1
:101A700002999D00AE4228BF2E46324605F02CFA50
:101A8000B5420CD803A8F7F7BFF9204607B0F0BD60
:101A9000029B7B60F6E70524204607B0F0BD0C24CE
:101AA000C6E700BF02480822002105F023BA00BFA4
:101AB000E072002070B5012886B004460E46154637
:101AC00002D0031F052B1CD8A4F580400E4A80B21B
:101AD00003A9F7F721FC20B901A903A8F7F766F9D4
:101AE00010B1002006B070BD019BAC705A882A80EE
:101AF000029A6A609B8803F5804303A83380F7F756
:101B000083F9012006B070BDE0720020F0B5FF2817
:101B100089B00AD891F802C0BCF1010F05461646FB
:101B200007D0ACF10403052B03D90724204609B0E4
:101B3000F0BD4B680393ACF5804CA5F580470B884E
:101B400004931FFA8CF4BFB2082200216846ADF856
:101B50000870ADF80A4005F0CDF96B4621463846CD
:101B600005AAF7F761FB40BB02A905A8F7F728FA19
:101B700004464CB3A4F50643023B0B2B09D80B2BB0
:101B800007D8DFE803F0280606062C160606060628
:101B90000616144B14481549C01AC0080004224602
:101BA0002B4640F00100F4F7ADFF0324204609B0B6
:101BB000F0BD1124204609B0F0BD02A905A8F7F731
:101BC0004DF90446002CD5D1002EAFD0314605A8E2
:101BD000F7F78AFCAAE71024204609B0F0BD862456
:101BE000A4E700BFA4BF03006CC00300DCA3030094
:101BF0004FF6FF7000F094BCFF2806D808B500F03F
:101C0000AFFCFFF7C9FD002008BD0720704700BFEB
:101C100000F0CEBC00F0D6BC00F00ABD10B582B01A
:101C20008278417A044600233D48CDE900338DF89F
:101C3000022001F0D9FD002865D0237AA2788DF822
:101C4000022003EB83039B00013A0190ADF80030C2
:101C5000072A08D8DFE802F00407070707043C2337
:101C60000123ADF800302246694632F8040BFFF735
:101C70004DFF112820D005D800283ED007282BD1B1
:101C800002B010BD862827D1A37A264A23F0030389
:101C900043F001030121A372117002B010BD8388CB
:101CA000224609339B0832F8040BADF80030694630
:101CB000FFF72CFF1128DED1A37A1A4A23F0030381
:101CC00043F0020301210020A372117002B010BD85
:101CD0001423ADF80030C6E7F8F7A6FF12492388B1
:101CE000024612480C1AE408240444F0010010498A
:101CF000F4F708FF032002B010BDA37A23F003031A
:101D0000A37202B010BD094B0748627A0949C01A94
:101D1000C008000440F00100F4F7D8FF0320AFE74B
:101D2000307400202C74002064C00300A4BF0300A2
:101D300088A4030048A403002DE9F043764DC3684E
:101D40006A68934287B0044600F0CA802A699342C9
:101D500000F0DB80EA69934200F0D980AA6A9342DE
:101D600000F0D78003780A2B04D00027142B52D020
:101D7000092B7FD0204600F061FD204602F08EFD49
:101D8000664E2046FEF7BEFE2046FEF725FC337861
:101D900013B907B0BDE8F08300233370DFF8788112
:101DA00000244FF0010904EB440305EB8303404694
:101DB0009B7A13F0020F4FEA440708F10C0808D091
:101DC00086F80090FFF72AFF40B90134042CEAD1CD
:101DD000DFE7D90748BF86F80090F6E73C44A40047
:101DE0004FF6FF722B5BADF806208628ADF8083061
:101DF00063D107238DF8043001A800F01FFD01A86E
:101E000002F04CFD01A8FEF77DFE01A8FEF7E4FB01
:101E100007B0BDE8F083204600F010FD204602F038
:101E20003DFD3E4E2046FEF76DFE2046FEF7D4FBFC
:101E30003378002BADD00024DFF8DC8034704FF015
:101E4000010904EB440305EB830367009B7A9A07BF
:101E500001D4DB0706D5404686F80090FFF7DEFE8A
:101E60000028BBD10134042C08F10C08E9D107B0DB
:101E7000BDE8F083667A002E7FF47CAF002F3FF43C
:101E800079AF3B7A5BB1DFF8A480797A3144C9B28B
:101E9000404601F0C1FC3B7A01369E42F5D34FF635
:101EA000FF733B80BB70BB7A00227A6023F0030390
:101EB0004FF47F423A81BB725CE708238DF804300F
:101EC0000390F8F7B1FE16492B5B024615480C1A31
:101ED000E4082404144944F00100F4F713FE8BE7EE
:101EE0000027237807EB47070A2B05EB87077FF4CA
:101EF0003DAF627A002A7FF43DAFBB7A074E7A602D
:101F000043F00203BB72327048E70127E9E702277A
:101F1000E7E70327E5E700BF407400202C740020AA
:101F200064C00300A4BF0300B8A403003074002001
:101F300010B5294CA07D94F8223094F80AC020F006
:101F4000030082B023F00303A07594F82E0084F8F8
:101F5000223050234FF6FF7200212CF0030C20F0AA
:101F600003000193042384F80AC022804FF47F4CBD
:101F7000A2706160A281A27321612283A276E161D5
:101F80000093A284154B84F82620A16284F82E00C9
:101F900013491448A4F808C04FF4A072A4F814C060
:101FA000A4F820C0A4F82CC001F0B0FB034610B97F
:101FB000184602B010BDF8F737FE0B4B0B4902462E
:101FC0000B481B1ADB081B0443F00100F4F77EFEEC
:101FD0000323184602B010BD407400207074002026
:101FE000EC7200203074002064C0030018A50300C8
:101FF000A4BF03002DE9F8435F4D2B8883420646BA
:1020000028D0AB89834200F0B2802B8B834200F052
:10201000B080AB8C834208BF03271CD03046FFF74B
:10202000EBFD034608B1072802D11846BDE8F88346
:10203000F8F7FAFD514C524A5249A41AE408240414
:102040000346324644F00100F4F75CFD03231846D2
:10205000BDE8F88300272B88DFF8388107EB4702BB
:10206000B34205EB820229D0AB89B34279D02B8BE6
:10207000B34273D0AB8CB34276D0032F07F1010388
:10208000CCD003EB430235F82220B24260D0022FBD
:1020900007F10203C2D003EB430235F82220B2421B
:1020A00056D0002FBAD1AB8CB342B7D103272B88BF
:1020B00007EB4702B34205EB8202D5D12E4C002339
:1020C0009078A278824220D0032B03F10101D4D072
:1020D00001EB410235F82220B2423BD0022B03F142
:1020E0000202CAD002EB420135F82110B14233D0CE
:1020F000012BC2D0AB8CB342BFD1032303EB43040B
:1021000005EB8404A2788242DED1A27A9207DBD169
:10211000D4F80490B9F1000FD6D1237A53B1617A83
:1021200049444046C9B201F077FB237A09F101091D
:102130009945F4D3A37A4FF6FF7200204FF47F4104
:1021400023F003032280A27060602181A37294E7D0
:102150001F46ACE70B46D1E71346CFE70A4C0223F4
:10216000AEE70A4C0123ABE7094C0323A8E701279C
:1021700071E702276FE700BF4074002064C00300CE
:10218000A4BF030038A50300587400204C7400203D
:1021900064740020307400200023FFF73BBC00BFB4
:1021A000002B00F08E802DE9F0419846CB1F012BCB
:1021B0000E4651D8531E032B17464DD8DFF8DCC10D
:1021C000BCF80020904200F0BF80BCF80C30834285
:1021D00000F0C980BCF81830834200F0C680BCF81B
:1021E0002430834208BF032417D04FF6FF739A426E
:1021F0006ED0BCF80C209A4200F0A280BCF81820E7
:102200009A4200F09F80BCF824209A4208BF032322
:102210005FD01120BDE8F0812C4604EB44050CEBA7
:10222000850595F802E0B64519D0032C04F10105A7
:10223000DBD005EB45033CF823308342ECD0022C85
:1022400004F10205D1D005EB45033CF8233083426D
:10225000E2D0002CC3D0C8E70720BDE8F081AB7AFC
:102260009907E2D16B68002BDFD12B7ABB4225D1D5
:10227000697AFF2918D0002444482F7201F0B4FA7B
:10228000002863D007EB87031B010333C3F38D03DF
:1022900088F80260C8F80400A8F800300CB1082ED5
:1022A00011D00020BDE8F0813946384801F044FAE9
:1022B000FF28014668725AD00124DDE70F20BDE8EF
:1022C000F0810E2070479B00063B83800020A1E731
:1022D000002303EB43050CEB85054FF6FF71AA784D
:1022E000FF2A22D0032B03F1010292D002EB420419
:1022F0003CF824408C4221D0022B03F1020288D00A
:1023000002EB42043CF824408C4217D0002B80D1D1
:10231000BCF824308B427FF47CAF032303EB4305EE
:102320000CEB8505AA78FF2ADCD1AA7A9207D9D1CD
:102330006A68002AD6D12880AE7099E71346EDE787
:102340000123C6E70223C4E7002466E7104B1148C7
:102350006A7A1149C01AC008000440F00100F4F77D
:10236000B5FC032056E7012457E7022455E7AB7A72
:10237000A9704FF6FF72002023F003032A804FF468
:102380007F4268602A81AB72112043E730740020DD
:10239000A4BF030064C003008CA5030040740020A8
:1023A000F8B52D4D2B8883424FD0AB8983424ED058
:1023B0002B8B83424DD0AB8C834208BF032303D0C9
:1023C00005263046F8BD134603EB430405EB8404B1
:1023D000A2788A4216D0032B03F10102F0D002EB5F
:1023E000420435F824408442EDD0022B03F102026E
:1023F000E6D002EB420435F824408442E3D0002BBF
:10240000D9D0DDE7A27A9207E5D16668002EE2D145
:10241000237A5BB1114F3546617A29443846C9B2F7
:1024200001F0FAF9237A01359D42F5D3A37A4FF6EC
:10243000FF72002123F003032280A2704FF47F4239
:1024400061602281A3723046F8BD0023BCE70123FE
:10245000BAE70223B8E700BF4074002030740020C0
:10246000CB1F012B49D870B5044610460D461646C1
:10247000FFF7CEFB80B325490B88A3423FD08B8961
:10248000A3423ED00B8BA3423DD08B8CA34208BF0E
:10249000032302D0052070BD034603EB430E01EB7E
:1024A0008E0E9EF80200A84218D0032B03F1010003
:1024B000F0D000EB400231F82220A242ECD0022BF7
:1024C00003F10200E6D000EB400231F82220A242E4
:1024D000E2D0002BD9D0DDE7072070BD9EF80A209E
:1024E0009207E2D1DEF80420002ADED1AEF80060C7
:1024F0007046BDE87040FFF791BB0720704700238E
:10250000CBE70123C9E70223C7E700BF40740020DF
:1025100002484022002104F0EDBC00BF747400208A
:102520004FF6FF73984210B50DD0FF28044602D92C
:102530004FF6FF7010BD09482146F7F761F90028F2
:10254000F6D1204610BD05484FF48071F7F77CF9AD
:1025500080B2B0F5807FEBD010BD00BF7474002056
:1025600008B54FF6FF73984202D0FF28014601D903
:10257000002008BD0348F7F743F90028F8D10120EF
:1025800008BD00BF94740020FF2800D9704710B523
:10259000044621460448F7F741F921460348BDE8BF
:1025A0001040F7F73BB900BF74740020947400200A
:1025B000FF28014601D9002070470148F7F73AB9D2
:1025C00074740020F8B54FF6FF7398422AD001309A
:1025D00084B2FF2C22D8144D03E09CB2B4F5807F66
:1025E0001CD021462846F7F725F9631C0028F4D0B3
:1025F0000E4FA7F1200621463846F7F71BF978B1B0
:102600000134A5B207E029463046F7F713F9ACB21A
:1026100001350028EFD1B5F5807FF4D14FF6FF7476
:102620002046F8BD0024D6E774740020947400207E
:1026300038B54FF6FF73984216D0013084B2FF2CA4
:102640000ED80A4D03E09CB2B4F5807F08D0214635
:102650002846F7F7EFF8631C0028F4D0204638BD71
:102660004FF6FF74204638BD0024EAE7947400203A
:102670002DE9F04F87B083464FF6FF708A469146AA
:102680000193FFF7C7FA0423039302AB00250593D8
:1026900004AA03AB0621044602950495FFF7BAF994
:1026A000072852D04FF6FF770346B8464FF0FF3663
:1026B0000AE0052B15D1FFF7ADFA03AB04AA0621FA
:1026C0000446FFF7A7F903462046002BF1D1029BF1
:1026D000AB4224BFA0461D46B3423CBF27461E4620
:1026E000E9E74FF6FF7294421AD1A0452BD0A742DA
:1026F0000CBF05200020BBF1000F01D0ABF800801B
:10270000BAF1000F01D0CAF80050B9F1000F01D0A2
:10271000A9F80070019B03B11E6007B0BDE8F08FFF
:102720001846F8F781FA0B4D0B4B0C49ED1AED08E2
:102730002D040246234645F00100F4F7E3F9032097
:1027400007B0BDE8F08F0520D5E7052007B0BDE84C
:10275000F08F00BF3CC00300A4BF030014A6030019
:102760002F4B1B7803B970472DE9F0410388868809
:10277000102B86B0044612D02A4B30461978FDF74C
:102780001DF900283CD12046FEF722FB204602F02E
:10279000EDF8204606B0BDE8F041FDF7F5BF002595
:1027A0001422294601A8DFF890808DF8035004F028
:1027B000A1FB01228DF804204FF6FF72ADF808202E
:1027C00098F80030ADF8066004F1080203920DF1AC
:1027D000030204924BB1144F57F8043B01A89847E9
:1027E00098F8003001359D42F6DB0E4B9DF8032032
:1027F00019783046FDF7FEF89DF803000028C2D096
:102800000A4A0B48A3880B49801AC0082288000492
:1028100040F0040006B0BDE8F041F4F773B900BF22
:10282000CA7400204D370020BC740020A4BF0300F0
:102830003CC003005CA60300CB7400202DE9F043EC
:10284000044687B08088FEF741FD23786080093B0D
:10285000032B08D8DFE803F04B3A1702964B1A789F
:10286000002A40F0D880954F3B784BB1944E00251C
:1028700056F8043B204698473B7801359D42F7DBEC
:1028800007B0BDE8F0838C4D2B78002B7AD18D4DAD
:102890002B78002BE7D08C4EA38832889A42E2D165
:1028A0008A4B1F78002F48D0DFF828828648002303
:1028B0001A464146FFF7DCFE052800F0E080B0FA3A
:1028C00080F35B092B70002FDAD0CCE7637A002B02
:1028D000C9D17F490A68002AC5D0E0688242C2D1C6
:1028E0007C480B600268E360013A0260BBE7667AED
:1028F0002EBB774A13681BB1E1688B4200F0B980A8
:10290000704D2B78002BAED06F4EA28833889A4240
:10291000A9D1237A062BA6D16C4B1F786FB1DFF8B3
:10292000B48100231A4641463046FFF7A1FE052830
:1029300000F0AD80B0FA80F77F092F7093E7012E89
:1029400091D1604D2B78002B8DD05F4FA2883B88B2
:102950009A4288D1237A062B85D15C4B1B78002BB9
:1029600000F0A580DFF86C8100231A464146384606
:10297000FFF77EFE052800F09280B0FA80F6760917
:102980002E7070E74FF6FF70FFF744F94FF6FF73B4
:10299000984206467FF47BAFFFF73EF9B0427FF4E2
:1029A00076AF00260DF10408142231464046434F0D
:1029B0002E7004F09FFA0D238DF804304FF0FF3392
:1029C000CDF806303B78ABB1DFF8F49035464E4693
:1029D00056F8043B204698473B7801359D42F7DB8B
:1029E00043B1002559F8043B404698473B780135F0
:1029F0009D42F7DB334D2B78002B3FF441AF324E35
:102A0000A38832889A427FF43BAF304B1B78002B6F
:102A100050D0002748E700250DF10408142229466C
:102A200040461D7004F066FA0E23244F8DF80430E2
:102A30004FF0FF33CDF80630A36803933B78002BAB
:102A40003FF41EAF1E4EB14659F8043B204698474E
:102A50003B7801359D42F7DB002B3FF411AF00249A
:102A600056F8043B404698473B7801349C42F7DBDC
:102A700006E7154BA18816601980E660F3E64FF66D
:102A8000FF7333800023C8F8003001231AE74FF6A4
:102A9000FF7333800023C8F800302F70E3E64FF651
:102AA000FF733B800023C8F800302E70DBE61E4623
:102AB0002E70D8E62B70E3E6B8740020CB740020AB
:102AC000BC740020CC740020C8740020CA7400209C
:102AD000D0740020B474002078B1F8B5074F3B786B
:102AE00053B1074E0546002456F8043B2846984744
:102AF0003B7801349C42F7DBF8BD7047CB74002073
:102B0000BC740020F8B5074F3B7853B1064D06461C
:102B1000002455F8043B304698473B7801349C42EA
:102B2000F7DBF8BDCB740020BC740020F8B5074F6C
:102B30003B7853B1064D0646002455F8043B304619
:102B400098473B7801349C42F7DBF8BDCB740020FA
:102B5000BC740020F8B5074F3B7853B1064D0646CC
:102B6000002455F8043B304698473B7801349C429A
:102B7000F7DBF8BDCB740020BC74002010B5FEF765
:102B8000F3FE28BBFFF7D4F9002843D101F0A6FEDD
:102B900078BB00F0CFFE00284DD1FDF793FD002853
:102BA0005AD1FDF7BBFF0446002865D13A4A3B4B9A
:102BB0003B483C4904604FF6FF7CA2F800C001226C
:102BC0001A700C70FCF7F0FE374B1870204610BDE1
:102BD000F8F72AF8354C364A364903463648241A5F
:102BE000E408240444F001000324F3F78BFF20469B
:102BF00010BDF8F719F82D4C2D4A304903462E48E0
:102C0000241AE408240444F001000324F3F77AFFB3
:102C1000204610BDF8F708F8244C254A28490346F9
:102C20002548241AE408240444F001000324F3F79F
:102C300069FF204610BDF7F7F7FF1C4C1C4A2149DD
:102C400003461D48241AE408240444F00100032428
:102C5000F3F758FF204610BDF7F7E6FF134C144A70
:102C6000194903461448241AE408240444F00100D6
:102C7000F3F748FF0324A9E7F7F7D6FF0B4C0E49FB
:102C80000B4A641AE40824040346104944F0010086
:102C9000F3F738FF032499E7C8740020CA740020B2
:102CA000D0740020CC7400204D3700203CC00300BD
:102CB0005CA80300A4A60300A4BF0300FCA60300B5
:102CC000D0A6030028A7030054A7030080A7030091
:102CD0000A4B1B786BB10A4A1378022B0BD810B43D
:102CE000591C084C117044F8230000205DF8044B77
:102CF0007047082070470420704700BFCA74002046
:102D0000CB740020BC740020034B1B780BB101F086
:102D100047BE0820704700BFCA74002008B5054BA5
:102D20001B782BB101F082FE082808BF112008BDD6
:102D3000082008BDCA740020034B1B780BB101F0BA
:102D400011BD0820704700BFCA740020034B1B78D8
:102D50000BB1FEF703BB0820704700BFCA74002008
:102D6000F0B52B4F3B7889B083B32A4D01234FF642
:102D7000FF702B70FEF74EFF4FF6FF76B042044611
:102D800028D03B78204663B1FEF7E8FA0546204696
:102D900045B9FEF73FFFB0420446F2D1284609B0DC
:102DA000F0BD08252846F7F73FFF1B4D1B4A1C497D
:102DB000009403461B482D1AED082D0445F0010030
:102DC000F3F7C0FD0325284609B0F0BD08252846C5
:102DD00009B0F0BD0024144E2C701422214603A823
:102DE00004F088F80D2233788DF80C204FF0FF3274
:102DF000CDF80E2043B10D4D55F8043B03A898477C
:102E0000337801349C42F7DB0025284609B0F0BD39
:102E1000CA740020B87400203CC003004CA8030012
:102E2000ACA70300A4BF0300CB740020BC74002037
:102E300010B4054C24781CB15DF8044BFFF718BCA6
:102E400008205DF8044B7047CA7400202DE9F04358
:102E50004C4B1A7889B0002A57D04B4A4B4F064644
:102E600092E803003C7801AD85E80300002C35D0E2
:102E7000474F3C68002C43D1464BDFF830811B881C
:102E8000B342D8F800304AD05A1C43D00133404AEC
:102E9000C8F8003029463046FEF738FE044680B3B5
:102EA000D8F80030013BC8F8003011284FF000037B
:102EB0003B6025D0862824D0072822D0F7F7B4FE1F
:102EC000354C364B3649E41AE408240402463346AE
:102ED00044F00100F3F716FE032412E0DFF8CC9073
:102EE000DFF8B0802346224649464046FFF7C0FB44
:102EF00005283ED000280CBF012300233B70B7D02B
:102F00001124204609B0BDE8F0830824204609B00A
:102F1000BDE8F0831324204609B0BDE8F083002B00
:102F2000B4D01422214603A803F0E4FF092330465D
:102F30008DF80C30FEF7CAF99DF81C30194FADF82A
:102F40000E0064F300038DF81C303B78ADF8106080
:102F50000622ADF814200694002BD2D0124E25463E
:102F600056F8043B03A898473B7801359D42F7DBB0
:102F7000C7E701233B704FF6FF73C9F80040A8F87C
:102F8000003075E7CA74002044A80300CC74002008
:102F9000D0740020C87400203CC00300A4BF03000C
:102FA000F4A70300CB740020BC740020B47400208C
:102FB00076DF70472DE9F04F037887B00446152B74
:102FC0000FD8DFE803F0830E0E980E0E0E110E0BD5
:102FD0000E0B0E0E0E0E0E0E0E0E2F6BA14B0122BF
:102FE0001A7007B0BDE8F08F9F4D2B78002BF8D1F9
:102FF0009E4B9F4C9B4F9F49E41AE408240444F0E5
:1030000003084046F3F740FF3B78002B00F0D780E1
:10301000F6F7CEF8002800F0F28048F207629042FE
:10302000DFD063E0914B924FDFF850928E498D4A8A
:10303000D9F80040904DDFF848A2FF1AFF0800239E
:103040003F040B70137047F0040704F108084FF6B3
:10305000FF76634203F0070304F0070258BF5A42A9
:1030600035F812B0B345584612D025F81260FFF774
:10307000EDFE862802467DD011287BD0831F012BD0
:1030800040F29380132800F0908008B1F4F73EFBE3
:103090000134A045DDD107B0BDE8F08F83687249E7
:1030A00048F20D6200209342087002D0B3F5064F3B
:1030B00097D10023072201A8CDE90133CDE90333DD
:1030C00005938DF80420FFF775FF8AE78088FFF7E6
:1030D000BDFE862803461FD011281DD0821F012A5D
:1030E00036D9132834D000283FF47BAF07B0BDE8B1
:1030F000F04FF4F70BBB037A012B3FF672AF0023BE
:103100008288059301A8CDE90133CDE90333ADF8F9
:103110000820FFF74FFF64E7584857490268A48822
:1031200021F81240531C594201F0070103F0070334
:1031300058BF4B4200220360072301A80192CDE94A
:103140000222CDE904228DF80430FFF733FF48E76F
:103150001846F7F769FD4649A388024643480C1A0A
:10316000E4082404464944F0040007B0BDE8F04FE9
:10317000F3F7C8BCD9F8003025F813B001335A4230
:1031800002F0070203F0070358BF5342C9F80030AA
:103190000023CDE90133CDE90333059301A80723CB
:1031A0008DF80430FFF706FF72E71046F7F73CFD95
:1031B0005B46024651463846F3F7A4FC68E701A88F
:1031C000F6F79CF990BBBDF80A30002B14BF012321
:1031D00000233B707FF41CAF002301AA1946184658
:1031E000FFF726FE064690B1052E2BD0062E2FD0D7
:1031F000002E3FF40DAF3046F4F788FAF1E621498E
:1032000044F00400F3F740FE01232B70E9E6BDF81B
:1032100004201D494046F3F759FDBDF80400FFF7AF
:1032200095FD0646D0B901233B70DDE7F4F76EFA51
:10323000BDF80A30002B14BF012300233B707FF43C
:10324000D0AEC9E7114944F00100F3F71DFEC8E60E
:103250000F4944F00200F3F717FEC2E6F4F756FAFE
:10326000E1E700BF4E370020F2740020A4BF030046
:1032700054C0030064A8030050370020F4740020F9
:1032800030A903000CA9030080A80300ACA8030028
:10329000CCA8030070B5914B914C02789149E41A87
:1032A000E408914B2404054644F0040653F8222018
:1032B00084B03046F3F70AFD2A78152A00F20B8114
:1032C000DFE812F0F300F100E000CE009B0099006F
:1032D000970093008B0073005A0055004A00460087
:1032E0003E0039002F002D002B002900220016007F
:1032F000A868F7F799FC7D49024644F0020004B043
:10330000BDE87040F3F7E2BC7949304604B0BDE84F
:103310007040F3F7B9BD7749F7E77749F5E77749A3
:10332000F3E7AB886A88764944F0020004B0BDE850
:103330007040F3F7E7BBAB886A8872493046F5E71F
:10334000A868F7F771FC7049024644F00100D6E71F
:103350006E4944F00300D9E7AA88A8680292F7F7FB
:1033600063FC029A6A49034644F00100DEE7AA883A
:10337000684944F00100C2E7297A687A664A674BD7
:1033800052F8206053F82130AA88286903920293EA
:10339000F7F74AFCDDE9023201906149009644F0FA
:1033A0000200F3F7E5F904B070BD687A5A4A2B7C45
:1033B00052F8202000925B49AA882D7A13F0010F61
:1033C000564B44F00300584C53F8253008BF0C46C8
:1033D00001945649F3F7CCF9E5E7A868F7F724FC20
:1033E0005349024644F0010089E7524944F0020083
:1033F0008CE7514989E7514987E76888FCF758FA13
:103400004F4B504953F820204F4B44F003002C7A87
:1034100053F8243000936B8901936B88F3F7A8F974
:10342000698941F2060399424DD041F23D03994228
:103430004BD0B1F5885F4AD041F20113994248D090
:103440004248434B434A0091B1F5805F38BF034681
:1034500041481E2103F056FD3F4A404930464EE7A1
:103460006888FCF725FA297A374B354A53F82160EA
:1034700052F820206B883A49009644F00300F3F795
:1034800061FA90E76888FCF713FA297A2E4B2C4AE8
:1034900053F8214052F820206B883249009430467E
:1034A000F3F750FA7FE730492FE76888FCF700FA16
:1034B000234AAC886B8852F820202C49009430466F
:1034C000F3F740FA6FE72A4AC7E72A4AC5E72A4ACC
:1034D000C3E72A4AC1E72A490FE700BFA4BF030098
:1034E00054C0030014AA030078B4030058AE0300CC
:1034F00034AE03000CAE0300E4AD0300C0AD030026
:1035000084AD030040AD03001CAD030008AD030013
:10351000D8AC0300B0AC030048B4030050B40300BF
:1035200064AC030014AC03000497030020AC030058
:10353000E8AB0300D0AB0300B4AB030094AB0300D3
:10354000D0B4030020AB0300DCB40300ECA90300FB
:1035500000AA030074AB0300D474002080AB030006
:10356000E0AA030090AA03006CAA030020AA0300AB
:10357000A4A9030084A9030064A90300CCA9030043
:1035800088AE030030B5044683B0FFF783FE23788E
:103590001BB1082B37D003B030BD658801A9284680
:1035A000FFF7CAFB43F20204A04200D040BB9DF8E3
:1035B000041011F0020134D12846FFF7AFFB044696
:1035C0000028E8D01128E6D00D2843D00B285ED083
:1035D00043F2020398422FD0F7F726FB2E4902460A
:1035E0002E482B460D1AED082D0445F001002C49FC
:1035F000F3F788FA204603B0BDE83040F4F786B808
:10360000F4F784F8D3E7254B23482649C01AC008AD
:10361000000440F00100F3F737FCA0680028BAD09E
:10362000E9E71E4B1C482049C01AC008000440F0BE
:103630000400F3F729FCAEE71748184B1B49C01AE2
:10364000C00800042A4640F0020003B0BDE8304044
:10365000F3F73CBB114B104C1549E41AE408240461
:1036600044F0020420462A46F3F730FB1321284693
:10367000FFF79EFC00288ED0F7F7D6FA0D490246D8
:103680002B46204603B0BDE83040F3F73BBA024872
:10369000024B0949D3E700BF54C00300A4BF030095
:1036A00028B0030064B00300A8AE0300DCAF030041
:1036B000D0AE030044AF03007CAF03000378042BBB
:1036C00000D0704710B50E4B0E4904460E48628874
:1036D000C01AC008000440F00200F3F7F7FA60884F
:1036E0001321FFF765FC43F202029042034602D029
:1036F00033F0080300D110BDBDE81040F4F706B860
:10370000A4BF030070B0030054C0030030B4DDE96F
:10371000024570B169B163B105FB04FC944508D85A
:103720003CB135B1C0E90013C0E90245002030BC0E
:103730007047072030BC70472DE9F04100284FD07A
:1037400003688046002B4BD04068002848D0D8F84A
:103750000830002B44D000250F46FF2429460FE0F7
:10376000FF2C08BF2C462B1B0133BB4239D0D8F8A5
:1037700008300135EDB29D42294631D2D8F8040017
:10378000F6F73EF8BFF35F8F0028E9D0FF2C01D198
:10379000FF24ECE7AC42FBD20134D8F80020E4B2BD
:1037A00005E0A542F4D9D8F800200134E4B2631E44
:1037B000DEB2002AF5D0D8F804000028F1D0FF2EA0
:1037C000F3D0BFF35F8F3146F6F734F80028E8D026
:1037D000D8F80400BFF35F8F3146F6F71FF8E0E733
:1037E000FF242046BDE8F081A0B138B50368044647
:1037F00073B1406860B1FF290D4609D0BFF35F8FF8
:10380000F6F718F820B1E168206801FB050038BD23
:10381000002038BD0020704748B138B50368044621
:1038200023B1406810B1FF290D4601D138BD704762
:10383000BFF35F8FF5F7FEFF0028F7D06068BFF396
:103840005F8F2946BDE83840F5F7E8BF7EDF704757
:103850007FDF704785DF704786DF70472DE9F043D3
:103860002F4B87B08846197805461746FCF7A6F80F
:1038700005F5807300284FF0070198B214BF4FF090
:1038800001094FF00209FEF78BFD10B1052806462D
:1038900023D101AC234B002219780192042328463E
:1038A000C4E90122C4E903228DF804308DF80C909C
:1038B000ADF80E80ADF806508DF81070FCF79AF850
:1038C000BDF80600FDF73CFC03462046ADF8083085
:1038D00000F09CFF07B0BDE8F083F7F7A5F9124BA5
:1038E000124902461248C01AC00800042B4640F094
:1038F0000100F3F707F90023CDE90133CDE90433E3
:10390000284608230396ADF806508DF80430FDF7DD
:1039100017FC01ACADF80800204600F077FFB9E7CE
:103920006237002061370020A4BF0300E8B4030021
:103930007CC00300F8B51C4C2378182B30D01B4DED
:103940002B78182B28D01A4E3378182B20D0194FEB
:103950003878182818D02378182B09D02B78182BF2
:1039600006D03378182B03D0182801D00020F8BDDA
:10397000114B12481249C01AC008000440F001005F
:10398000F3F782FA0320F8BDFCF70EF83870E2E78F
:10399000FCF70AF83070DAE7FCF706F82870D2E78F
:1039A000FCF702F82070CAE7613700206337002077
:1039B0006237002060370020A4BF03007CC00300F2
:1039C000549B03002DE9F04190B00C461746064683
:1039D000FBF76EFF2022054600210DEB020003F0ED
:1039E00089FA012D3ED0002D50D0002C43D0304616
:1039F000FDF7A6FB2378DB0751D503AB06F58070F6
:103A0000072180B20122FEF7CBFB1128014639D0F5
:103A100000287CD15022049803F06CFA049B1D709E
:103A20000499434B0F9301F13403089301F11803F8
:103A30000C9330464B1C11310B970D93FDF796FB01
:103A4000014680B3F7F7F0F83A4C3B4B3B49E41A98
:103A5000E40824040246334644F00200F3F752F827
:103A600008210FE0DFF8DC80002298F800103046D3
:103A7000FBF7C0FFDCB9852108AB22463046FFF7D3
:103A8000E7FE0146084610B0BDE8F08143F20201AE
:103A9000084610B0BDE8F0812278D207AED40021EC
:103AA000234B0B970F93012D18BF0024E4E73046FA
:103AB000FDF746FB4FF6FF7398429BD098F8001035
:103AC0003046FBF77BFF002894D103AB014614225C
:103AD0001846019303F00EFA052230468DF80C20AB
:103AE000ADF80E60FDF72CFB019BADF810001846F9
:103AF00000F08CFE98F800103046FBF75FFF019B4A
:103B00000028C9D12378D907B5D48521C8E7F7F7AC
:103B10008BF8084C084B0A49E41AE40824040246CE
:103B2000334644F00100F2F7EDFF0321AAE700BF9E
:103B3000F87400207CC00300A4BF0300B8B50300E4
:103B400054B5030060370020F0B58BB004460E4634
:103B50001546FBF7ADFE012855D002284ED1002EA8
:103B600052D0654B2A4619782046FBF743FF204682
:103B7000FDF7E6FA4FF6FF739842074601D0002D95
:103B800051D031462046FFF761FE04285B4B0546C5
:103B900000F08280B0FA80F2197836785209204617
:103BA000FBF728FF65BB564B06F00106C6F102067F
:103BB00019780122F6B22046FBF71CFF514BA6F103
:103BC0000102B2FA82F2197820465209FBF712FF7D
:103BD000CDE9085502230595CDE906558DF8143039
:103BE0002046ADF816408DF81C60FDF7A9FA034693
:103BF00005A8ADF8183000F009FE01E043F2020517
:103C000028460BB0F0BD56B131462046FFF71EFEE8
:103C100004280546F4D1112528460BB0F0BD3546E1
:103C200028460BB0F0BD03AA0721FEF7B5FA70BB1A
:103C3000049D95F84420D30734D505F1340205F1ED
:103C400046012046FFF706FE2C4BB0FA80F20546EF
:103C5000197852092046FBF7CDFE002DD0D1284B14
:103C60002A4619782046FBF7C5FE264B20461978D0
:103C70002A46FBF7BFFE0223CDE90555CDE90755DE
:103C800020468DF81430ADF816400995ADE70528AB
:103C900001D0112811D1194B197800222046FBF7C9
:103CA000A9FEB8E705F12A0108460191FDF734FBAA
:103CB00018350199B8B12A46C3E7F6F7B5FF12499E
:103CC00002461248081AC008000411493B4640F059
:103CD0000100F2F717FF094B2A4619782046FBF737
:103CE00089FE03258CE7054B024619782046FBF731
:103CF00081FE0B2584E700BF60370020613700207C
:103D000063370020623700207CC00300A4BF03009B
:103D100008B603002DE9F04F0388113B8DB004462F
:103D20000D2B2ED8DFE813F056002D000E00770083
:103D30002D002D002D002D00C50040012D002D006F
:103D40002D0030008088FBF7B3FD0128054600F008
:103D5000088207AD34F8040F0023062204340793C9
:103D6000C5E90133C5E903338DF81C20ADF81E0009
:103D70000994FDF7E5F903462846ADF8203000F038
:103D800045FD0DB0BDE8F08FC94B80881978FBF771
:103D900015FE03460028F4D134F8040F07930122DE
:103DA000ADF81E001325211D09A8CDE90833CDE982
:103DB0000A338DF81C5003F08FF8BDF81E00FDF794
:103DC000BFF9034607A8ADF8203000F01FFD0DB085
:103DD000BDE8F08F037A8588B54E3D2B317841F2EE
:103DE0003D0328460CBF1C464FF48854FBF7E6FD04
:103DF0000028C6D0AF4B28461978FBF7DFFD0246F6
:103E0000002800F0EE810022214628460DB0BDE8D2
:103E1000F04FFFF723BD00F110094846FDF7E6F922
:103E20004FF6FF7306469E428346A08800F0E58069
:103E3000DFF87C823146FDF787FAA08898F80010F9
:103E400003900122FBF7D6FD9A4B039819780022C4
:103E5000FBF7D0FD984B039819780022FBF7CAFDB9
:103E600007AD002307930398C5E90133C5E9033380
:103E70000223ADF81E008DF81C30FDF761F9ADF896
:103E80002000284600F0C2FC05AA07213046FEF7B4
:103E900083F9002840F03B81A77E17F0010700F06E
:103EA000DC80069F97F84430D90740F128813437E9
:103EB000D3E0067A8788002E40F006817C4B32469C
:103EC00019783846FBF796FD637A5B0740F121814C
:103ED00007F580791FFA89F905AB012207214846C9
:103EE000FEF75EF98046002840F0C3813846FDF7B2
:103EF00027F94FF6FF7398420646054600F00982FF
:103F0000C24607AD484632460721FEF7A9FA804669
:103F1000002800F09C81862800F08581F6F784FE59
:103F2000664B6749009602466648C01AC0080004FE
:103F30004FF0000940F001003B46F2F703FDCDF8D9
:103F40001C900823C5E90199C5E9039938468DF805
:103F50001C30CDF82480ADF81E70FDF7F1F8ADF8F7
:103F60002000284600F052FC637AA0888DF8259046
:103F700013F0040F14BF012302238DF82430032310
:103F80008DF81C30ADF81E00FDF7DAF80346284620
:103F9000ADF8203000F03AFCBAF1000F3FF4F1AE7A
:103FA0003046FDF7DBF9ECE6424B80881978FBF7E9
:103FB00005FD054600287FF4E4AEA088FBF7ACFCC5
:103FC0000246002840F02081394B07921978A088DA
:103FD000ADF81E0004238DF81C3041F20603CDE934
:103FE0000922ADF82630012308920B928DF8283073
:103FF000FBF700FDBDF81E00E1E6FDF7A1F8DFF8D4
:10400000B080B4F804A098F800100646012250468B
:10401000FBF7F0FC274B002219785046FBF7EAFC2F
:10402000254B07AD1978002200275046FBF7E2FC2C
:1040300007970223C5E90177C5E9037750468DF854
:104040001C30ADF81EA0FDF77BF8ADF82000284627
:1040500000F0DCFB5E457FF417AF0023A0881A4612
:104060003946FFF7F9FB0828814600F0AF800028A9
:1040700059D1A37EDA077FF584AE002F7FF481AE9D
:1040800004230797A08898F80010C5E90177C5E9CF
:1040900003773A468DF81C3041F20603ADF81E0056
:1040A000ADF82630FBF7A6FCBDF81E0061E600BFA8
:1040B000613700206337002062370020A4BF03006F
:1040C000CCB703007CC00300BA4C427A2178384652
:1040D000C2F3010802F00305FBF770FC00283FF46F
:1040E00050AEB54B38461978FBF768FCB6B20246BD
:1040F000002800F0F2802A463146384686E64946D6
:1041000007F14600FDF750F800287FF4D0AE0027F5
:10411000A3E7A088ADF81E00032202238DF81C201F
:10412000ADF824304BE6F6F77FFDA4490096024631
:10413000A348A388401AC008000440F00100A14928
:10414000F2F700FC0023A08807930822C5E9013399
:10415000C5E903338DF81C20ADF81E00CDF824907E
:1041600007E6237A934AA0881178039003F00103AD
:10417000C3F102032A46DEB2FBF73CFC8E4B0398E8
:1041800019782A46FBF736FC8F4B03981978A6F16D
:104190000102B2FA82F25209FBF72CFC0023CDE9AE
:1041A0000733CDE9093303980B9302238DF81C30B4
:1041B000ADF81E008DF82460FCF7C2FF07AD034682
:1041C0002846ADF8203000F021FBC3E57B4B7C484E
:1041D0007E49C01AC008000440F00200F2F754FE05
:1041E000CFE507900990042328463178ADF82640A2
:1041F000CDE90A22ADF81E5008928DF81C30FBF76D
:10420000F9FBBDF81E00DAE56A4BA08819782A464A
:10421000FBF7F0FBA088ADF81E0003238DF81C30DF
:10422000ADF82450CBE5002307930722C5E90133FD
:10423000C5E9033338468DF81C20ADF81E70FCF735
:104240007FFF03462846ADF8203000F0DFFA637A9E
:10425000A088ADF81E0013F0040F14BF0122022243
:10426000032101238DF81C108DF824208DF82530B2
:104270007FE5F6F7D9FC514B554902465048C01A24
:10428000C008000440F001003B46F2F73BFC082365
:104290003846CDE90766CDE90A668DF81C30CDF8C1
:1042A0002480ADF81E70FCF74BFF07AD034628468F
:1042B000ADF8203000F0AAFA637AA088ADF81E00AD
:1042C00013F0040F14BF0123022303228DF81C20D6
:1042D0008DF824308DF825604BE5079009900A9001
:1042E00004232178089238460B928DF81C30ADF8E3
:1042F0002660ADF81E708DF82880FBF77BFBBDF8BB
:104300001E00FCF71DFFADF8200007A800F07EFAA4
:1043100037E501460698FCF7F3FEA84206468246BA
:104320003BD0DFF8B0B001463846FDF70DF89BF8FA
:1043300000103846FBF742FB824600287FF4E0ADD0
:1043400007AD01461422284602F0D4FD0523384665
:104350008DF81C30ADF81E70FCF7F2FEADF82000B1
:10436000284600F053FA9BF800103846FBF726FB6E
:10437000034600287FF4C6AD627AA088ADF81E001F
:1043800012F0040F14BF0122022203218DF81C1029
:104390008DF824208DF82530EBE4FDF729FC5045FD
:1043A000064619D031463846FCF7CEFF4FF0010AD9
:1043B00007ADA7E56137002063370020A4BF0300E5
:1043C0007CC00300CCB60300623700205CB603005B
:1043D0003CB7030060370020174B18481849C01A33
:1043E000C008000440F00100F2F74EFD0823CDE9BB
:1043F000078838468DF81C3004230993CDE90A88D4
:10440000ADF81E70FCF79CFE07AD03462846ADF8DC
:10441000203000F0FBF9637AA088ADF81E0013F09D
:10442000040F14BF0123022303228DF81C208DF8F2
:1044300024308DF825809CE4A4BF03007CC00300D9
:1044400098B7030031F0080335D070B511298AB050
:104450000C462ED00D2906462ED00846F6F7E4FB72
:10446000304B314902463148181AC008000433461F
:1044700040F00100F2F746FB00233046CDE905335A
:10448000CDE907330993FCF75BFE0823ADF816600E
:10449000ADF818008DF814300DF1140CBCE80F00C5
:1044A0006D460FC5DCF800302B6068460294FEF7BD
:1044B00013FB0AB070BD70471C4B1A481C49C01A48
:1044C000C008000440F0020015463246F2F7FEFB39
:1044D00000233046CDE90533CDE907330993FCF7D6
:1044E0002FFE0423ADF81660ADF818008DF81430D7
:1044F00005AC0FCC6E460FC6236833607DB12B78B8
:1045000003F00103C3F10203DBB241F2011268467A
:104510008DF80830ADF80A20FEF7DEFAC9E702236D
:10452000F3E700BF74C00300F0B80300A4BF0300AA
:1045300038B803002DE9F041244B8EB00026CDE9B8
:104540000A66CDE90C661B68099309AC05468846E6
:1045500094E8070001AF87E8070009962846A6609F
:10456000FCF7EEFD0623ADF82800ADF826508DF8D7
:1045700024300FCC0DF1100CACE80F002368CCF800
:10458000003004A8CDF818800797FEF7A5FA104B65
:1045900001991A682846FFF715FA0E4BA0F111028F
:1045A000B2FA82F21978044652092846FBF722FA39
:1045B000094B324619782846FBF71CFA019A214626
:1045C0002846FFF73FFF0EB0BDE8F081447500209C
:1045D0003875002067370020663700200021FFF77C
:1045E000A9BF00BF2DE9F04306468FB01746984695
:1045F0000C46002961D1454B0A91CDE90C111B688D
:10460000099309AD0B9195E807000DF1040989E8BC
:10461000070030460994FCF793FD0623ADF8280007
:10462000ADF826608DF82430AC46BCE80F0004AD30
:104630000FC5DCF80030CDF81C9004A82B60FEF705
:104640004BFA334BDDF804901B78002B38D04946E9
:104650003A463046FFF778FA2E4B1128197805466E
:1046600041D000223046FBF7C5F9112D0AD80D2D97
:104670000CD8DFE805F02B0B0B0B0B0B0B0B2B0BEC
:104680000B2B0B2B43F202039D421FD02846F6F75B
:10469000CBFA214B214902462148C01AC008000428
:1046A00040F001003346F2F72DFA0324B8F1000F71
:1046B00010D120460FB0BDE8F0834FF00009C6E7E7
:1046C0009DF80D30002BC2D10524F2E72C46B8F13D
:1046D000000FEED030464A462946FFF7B3FE20468B
:1046E0000FB0BDE8F08301223046FBF783F90D4B94
:1046F000224619783046FBF77DF90B4B3A4619787C
:104700003046FBF777F90024D0E700BF447500205E
:104710004175002066370020A4BF03005CB9030088
:1047200074C00300653700206437002010B50B4BC0
:1047300082B019780446FBF741F9094B0246197813
:1047400001922046FBF73AF9019A014601232046DF
:1047500002B0BDE81040FFF745BF00BF643700203E
:104760006537002000294FD0F0B583B006460C46CF
:10477000FBF7B8F8054670B33046FCF7E1FCA5F14D
:10478000020507464FF6FF70381A2378B5FA85F50B
:1047900018BF01206D0923F0090345EAC0051D4338
:1047A00025703046FBF7B8F8237860F34103237097
:1047B0003046FBF7C9F8237860F382032370304654
:1047C000FBF7DAF8054650B12378002065F30413AF
:1047D000237003B0F0BD43F2020003B0F0BD3046D9
:1047E000FBF79AF806460028EED06A4638460721BD
:1047F000FDF7D2FC0028E7D1019B93F8443013F079
:10480000010F18BF3546DFE70E20704770B50378FB
:10481000062B82B0044615D0132B0DD11E4B1A68FF
:10482000BAB14088FBF778F80546A0B9024660881F
:1048300001232946FFF7D6FE204602B0BDE87040AE
:10484000FEF74AB98168408802B0BDE87040FFF7C2
:1048500071BE0125EBE7237A6088C3F34006C3F3FA
:104860000002B60046EAC206C3F3800346EA031616
:1048700001A9E0238DF80430FFF774FF06F01C0651
:104880009DF80430F6B220B936EA030314BF0125BF
:1048900000252A460025CAE74475002008B503789C
:1048A0000C2B02D8082B02D808BD142BFCD1074BC7
:1048B000074918780022FBF7E1F8064B06491878FB
:1048C0000022BDE80840FBF7D9B800BF67370020D9
:1048D000DD450300663700202D47030010B51C4C52
:1048E0002378182B0DD01B4C2378182B10D01A4C82
:1048F0002378182B13D0194C2378182B16D00020AE
:1049000010BDFBF751F82070124C2378182BEED114
:10491000FBF74AF82070104C2378182BEBD1FBF7EB
:1049200043F820700D4C2378182BE8D1FBF73CF8A6
:1049300018282070E3D10A4B0A480B49C01AC00856
:10494000000440F00100F2F79FFA032010BD00BF01
:104950006637002064370020653700206737002065
:10496000A4BF030074C00300549B030008B5FFF705
:10497000D1F9074B074918780022FBF77FF8064B5F
:10498000064918780022BDE80840FBF777B800BF59
:1049900067370020DD450300663700202D47030000
:1049A0000346002835D0027802F0820180292ED0FB
:1049B000C2F3021104292AD802F0F201322926D0CA
:1049C00041788078814222D8062920D910281ED823
:1049D000D97848071BD4187910F0040F17D1014378
:1049E000080714D4D00710D58A0710D010B40C4A89
:1049F000186810601B790B490B4C137101230B7065
:104A0000226000205DF8044B70478907EED0072034
:104A100070470548034A036001211170184670472A
:104A20003C75002041750020447500202DE9F041BF
:104A30003F4B8EB00025CDE90A55CDE90C551B68DA
:104A4000099309AC06460F4694E807000DF10408E7
:104A500088E8070009953046A560FCF771FB06233E
:104A6000ADF82800ADF826608DF824300FCC0DF19C
:104A7000100CACE80F002368CCF8003004A8CDF887
:104A80001C80FEF729F82B4B01991B781BB99DF868
:104A90000D30002B47D03A463046FFF755F8112825
:104AA000254B044611D0197800223046FAF7A2FFB0
:104AB000112C20D80D2C22D8DFE804F01921212157
:104AC000212121211921211921191978012230468A
:104AD000FAF790FF194B002219783046FAF78AFF4F
:104AE000174B3A4619783046FAF784FF00242046DF
:104AF0000EB0BDE8F08143F202039C42F7D020469D
:104B0000F6F792F80F4C104902461048241AE408B0
:104B1000240444F001003346F1F7F4FF0324204657
:104B20000EB0BDE8F081052420460EB0BDE8F0814E
:104B3000447500204175002066370020653700204D
:104B40006437002074C003005CB90300A4BF0300F5
:104B500010DF704711DF704770B53D4D2B7884B082
:104B6000002B67D13B4E3C49012302A83370F6F776
:104B700019F8039B23B90FE0F6F71EF8039B5BB10E
:104B8000D3E9003100209847034602A8002BF3D157
:104B90001C46204604B070BD304902A8F6F702F862
:104BA000039B4BB1D3E900310020984702A8F6F7E8
:104BB00003F8039B002BF5D1294B00221B680193BE
:104BC00002A88DF80820F3F797F8264901A8FFF707
:104BD000BFFFB0FA80F304465B099DF808002B7014
:104BE000F3F7B0F8002CD4D11F4B20491C7034705F
:104BF00091F81623EC2352091341DB071ED51C4BF9
:104C00009A6802B31A6842F480021A60134902A833
:104C1000F5F7C8FF039B002BBBD0D3E9003101207F
:104C2000984702A8F5F7C8FF039B002BF5D1204653
:104C300004B070BD0824204604B070BD42F20200EA
:104C4000F2F764FDE2E74FF480030B60DEE700BF9C
:104C50004975002048750020D0B90300E8B9030069
:104C6000CCB903002D7702004A75002000E100E076
:104C70007C3E0020F0B5344D2B7883B0002B5AD009
:104C8000324E3349012368463370F5F78BFF019BA1
:104C900023B90FE0F5F790FF019B5BB1D3E9003139
:104CA0000120984703466846002BF3D11C46204656
:104CB00003B0F0BD27496846F5F774FF019B4BB17F
:104CC000D3E90031022098476846F5F775FF019B4C
:104CD000002BF5D1002768468DF80070F3F70CF82B
:104CE000FFF738FF04469DF800002F70F3F72AF80D
:104CF000002CDCD1184B34709A6802BB174B4FF470
:104D00008002C3F88020BFF34F8FBFF36F8F11492C
:104D10006846F5F747FF019B002BC8D0D3E9003167
:104D2000032098476846F5F747FF019B002BF5D114
:104D3000204603B0F0BD0824204603B0F0BD1A6839
:104D400022F480021A60E2E74975002048750020CD
:104D5000D0B90300E8B903007C3E002000E100E088
:104D6000054B1B7833B1054B1B780BB1FFF782BFA6
:104D7000FFF7F2BE082070474875002049750020F3
:104D8000014B1878704700BF4975002000B583B00B
:104D900008496846F5F706FF019B43B1D3E90020B7
:104DA00090476846F5F708FF019B002BF6D103B04A
:104DB0005DF804FBDCB9030060DF704769DF704712
:104DC00061DF704730B5134DC5B04FF482740DF1FB
:104DD000020103A8ADF80240FFF7F2FF88B92946A7
:104DE00001A8F5F7DFFE029B002BF0D0D3E90031DC
:104DF00003A8984701A8F5F7DFFE029B002BF5D129
:104E0000E5E7052801D145B030BD45B0BDE83040EB
:104E1000F2F77CBC80BC0300024B1B780BB1FFF7A0
:104E2000D1BF70474B750020002900F0C78030B516
:104E3000644B0B6085B005460C460C22002101A88E
:104E400002F058F801238DF8063022688DF80450DE
:104E5000062301A92020ADF80830FFF7AFFF002896
:104E600055D10C22002101A802F044F80123ADF82D
:104E700005302268002301A940208DF80730FFF794
:104E80009DFF002840F08C800C22002101A802F038
:104E900031F8802322688DF8045001A92320ADF851
:104EA0000630FFF78BFF00286CD10C22002101A8EF
:104EB00002F020F8022322688DF8043001A90120B5
:104EC000FFF77CFF00284FD10C22002101A802F03F
:104ED00011F84FF480532268019301A9A120FFF734
:104EE0006DFF98BB0C22002101A802F003F89DF889
:104EF0000430226843F0010301A9A0208DF804309A
:104F0000FFF75CFF034680B9184605B030BDF5F7E2
:104F10008BFE2D4B2D4902462D48181AC00800045F
:104F200040F00100F1F7D2FE9BE7F5F77DFE264B3E
:104F30002849024626481B1ADB081B0443F00100DF
:104F4000F1F7C4FE0023184605B030BDF5F76CFE3E
:104F50001D4B214902461E48181AC008000440F0A3
:104F60000100F1F7B3FEBDE7F5F75EFE164B1B49F6
:104F700002461748181AC008000440F00100F1F773
:104F8000A5FEA1E7F5F750FE0F4B15490246104864
:104F9000181AC008000440F00100F1F797FE84E7FA
:104FA000F5F742FE084B0F4902460948181AC00897
:104FB000000440F00100F1F789FE65E70E23184672
:104FC000704700BF683500202CC00300F4B903000F
:104FD000A4BF030070BB03001CBB0300D0BA0300D6
:104FE00088BA03003CBA030070B5044682B0066874
:104FF000FFF7E2FE2368B342054606D82DBB1B4BE4
:10500000012228461A7002B070BD194B19481A497E
:10501000C01AC008000440F002000190F1F734FF0C
:105020002368164901983246F1F76CFD4FF0805322
:105030002268D3F80C31124901989B0203F1005306
:105040009A1AF1F743FE002DD9D02846F5F7ECFD6A
:10505000084B0C49024606481B1ADB081B0443F0A8
:105060000100F1F733FE284602B070BD4B750020F9
:10507000A4BF03002CC00300C4BB0300F4BB0300A7
:1050800028BC030054BC03004BDF704710B5124C22
:1050900084B001A8FFF7F8FFA8B9214602A8F5F7E8
:1050A00081FD039B002BF4D0D3E900310198984790
:1050B00002A8F5F781FD039B002BF5D101A8FFF7AE
:1050C000E3FF0028E9D0052801D104B010BD04B0E9
:1050D000BDE81040F2F71ABB98BC03002DE9F0417F
:1050E00090F804E03B4F0EEB4E0307EB83059C006A
:1050F0002B7A82B0002B68D13A514A686A604279B3
:105100004FEA4E0882B11A461E469B00046803F51A
:10511000A07C013244F80C6054F80C50447901959D
:10512000D3B29C42019DF0D80268CB7842F3073499
:10513000002C4FEA123241DB04F160445B0104F5BC
:105140006144DBB284F80033026842F30733002B7A
:105150004FEA123409DB204D5B09012204F01F04E1
:1051600002FA04F445F823400268D2F804554B785B
:1051700025F0030503F003032B43C2F8043505684B
:105180008B78D5F8082503F0030322F003021343BC
:10519000C5F8083500680B78D0F81025C64422F011
:1051A0000F0203F00F0307EB8E0713430124C0F82F
:1051B000103500203C7202B0BDE8F081074C02F0CF
:1051C0000F025B01DBB2A354BEE7082002B0BDE8CA
:1051D000F08100BF4C75002000E100E014ED00E01C
:1051E0000368054A01211960037903EB430302EBCD
:1051F00083030221197270474C7500200368054A29
:1052000001211961037903EB430302EB8303197254
:10521000704700BF4C75002003680122DA607047B8
:1052200010B48B0040330268DBB20124D45001F586
:10523000A87103685DF8044B53F82100704700BF64
:10524000F0B4056840F2011404FA01FCD5F80042FC
:1052500024EA0C04C5F80042056882B0D5F8007253
:105260009DF818604FF480343B438C40C5F8003201
:105270009EB18B00056803F5A0730026EE50EB5835
:1052800001930368019DC3F80443036801F5A87105
:1052900043F8212002B0F0BC70470368C3F808430C
:1052A000F3E700BF2DE9F041114D124FDFF84880C0
:1052B00082B000244FF480362B6806FA04F20134E1
:1052C0007BB1D7F8043305F5E0401A424FF00001F6
:1052D00080B206D029602B680193D8E90031019A89
:1052E0009847042C05F10405E6D102B0BDE8F08131
:1052F00040910040009000404C7500202DE9F041A5
:10530000114D124FDFF8488082B000244FF48036F0
:105310002B6806FA04F201347BB1D7F8043305F5A3
:10532000C0401A424FF0000180B206D029602B68BD
:105330000193D8E90331019A9847042C05F104053B
:10534000E6D102B0BDE8F08140A1004000A00040DD
:105350004C7500202DE9F041114D124FDFF84880C7
:1053600082B000244FF480362B6806FA04F2013430
:105370007BB1D7F8043305F5C0401A424FF0000165
:1053800080B206D029602B680193D8E90631019AD2
:105390009847062C05F10405E6D102B0BDE8F0817E
:1053A00040A1014000A001404C750020F0B58E4B9B
:1053B000047903EBC40589B02D79002D40F0F58008
:1053C00043F8342091F800E0BEF1FF0F4FEAC40C1F
:1053D00000F0CC802EF080041EF0800F049440F08A
:1053E000FC8001254FF0A046A540C6F80C5504F5F9
:1053F000E0744FF0A045032645F8246091F801E0E1
:10540000BEF1FF0F00F0BB802EF080041EF0800F75
:10541000059440F0DB8001254FF0A046A540C6F87A
:105420000C5504F5E0744FF0A045032645F82460C0
:1054300091F802E0BEF1FF0F00F0AA802EF0800488
:105440001EF0800F069440F0BA8001254FF0A04670
:10545000A540C6F80C5504F5E0744FF0A0450326AE
:1054600045F8246091F803E0BEF1FF0F00F0998049
:105470002EF080044FF0A0460125A5401EF0800FBD
:10548000079414BFC6F80855C6F80C5504F5E07427
:105490004FF0A045032645F824600468049DC4F835
:1054A0006055059DC4F86455069DC4F86855079D70
:1054B000C4F86C5504680125C4F8005504680D89CA
:1054C0008E794F79C4F80C75C4F80465C4F8085592
:1054D00004684D89C4F8105505680024C5F80042D9
:1054E0000568C5F800430568C5F81C41D5F81C518E
:1054F0000495049D0568C5F81041D5F81051039531
:10550000039D0568C5F81441D5F814510295029D14
:105510000568C5F80441D5F804410194019CFAB12D
:1055200004680A7944F3073100294FEA14343FDB59
:1055300001F16041520101F56141D2B281F80023CD
:10554000026842F3073100294FEA123208DB0120DA
:1055500002F01F0200FA02F24909244840F8212013
:105560006344012200201A7109B0F0BD91F801E0F6
:105570004FF0FF34BEF1FF0F04947FF445AF91F874
:1055800002E04FF0FF34BEF1FF0F05947FF456AFF9
:1055900091F803E04FF0FF34BEF1FF0F06947FF463
:1055A00067AF4FF0FF34079477E7082009B0F0BDEC
:1055B0000F4904F00F045201D2B20A55C0E7012589
:1055C0004FF0A046A540C6F8085544E701254FF026
:1055D000A046A540C6F8085523E701254FF0A04690
:1055E000A540C6F8085502E77075002000E100E00C
:1055F00014ED00E0026890F804C042F30733002B7A
:105600004FEA12310EDB01225B0901F01F0102FAA1
:1056100001F12033074A42F82310BFF34F8FBFF345
:105620006F8F0268044B03EBCC030021C2F8001516
:105630001971704700E100E07075002070B50468D2
:105640000D6890F804C0C4F820558D88C4F824551E
:105650008D68C4F82855CD68C4F82C5504680D68C9
:10566000C4F840558D88C4F844558D68C4F8485531
:10567000C968C4F84C15046802F0010101EB52023C
:10568000C4F81425DA0782B041D413F0020240D1E5
:105690000029016814BF4FF00C0E4FF0080EC1F83E
:1056A0000022DCB2254A02EBCC0152F83C204C71BE
:1056B00002250D71D2B104F00402002A04F008069C
:1056C00005BFA2214FF0220CB22182221EBF4FF053
:1056D000320C92221225002E04BF1146AC460268FD
:1056E00014F0100F18BF6146C2F8001301680022C1
:1056F000C1F80421D1F8041101911B06019911D4BC
:1057000003680121104643F80E1002B070BD10224C
:10571000BEE759B102680821C2F80012DCB24FF0AE
:105720000C0EBFE70068704402B070BD026804212F
:10573000C2F80012DCB24FF0080EB3E7707500201B
:1057400010B502680024C2F800420268194C012317
:105750005360027904EBC20CD2009CF804E0BEF165
:10576000020F09D00168D1F8041119B122440120B7
:10577000107110BD184610BD0368D3F8040100284D
:10578000F4D169B99CF8041002290ED0D3F8043181
:10579000002BEBD1012010BDD3F804110029E5D175
:1057A0009CF804100229F1D1F6E7D3F8040100288F
:1057B000DCD1DEE77075002000B52C4BD3F810214A
:1057C00085B052B100212A4AC3F81011D3F8101144
:1057D000537903910399590741D4244BD3F81421E9
:1057E00052B10021224AC3F81411D3F8141153798D
:1057F00002911B0702992CD41C4BD3F81C215AB1DF
:105800001B4A0021C3F81C115079D3F81C310193B5
:1058100010F01000019B17D0144BD3F8042182B173
:10582000134A0021C3F80411D3F80411136800913E
:1058300001210098117123B1032005B05DF804EB3C
:10584000184705B05DF804FB1368002BE4D09847B7
:10585000E2E71368002BCFD002209847CCE713680B
:10586000002BBAD001209847B7E700BF00C0014025
:105870007075002010B584B002780D4C0D4B8DF87A
:1058800000208268B0F804C053F821308DF806205B
:1058900054F82110C268446900690290ADF804C050
:1058A00003948DF807206846984704B010BD00BFE8
:1058B00078750020807500202DE9F04F164690F88D
:1058C00000A03A4A42F82A60394A42F82A304B7B13
:1058D00081B080460C4663B9364A002E534608BF55
:1058E0003246214608F1040001B0BDE8F04F00F057
:1058F00023BC0B68304F4FF0A04503F5E07340F236
:105900000C6245F823204B6803F5E0734FF0010962
:1059100045F823200B6809FA03F3C5F808354B68EE
:1059200009FA03F3C5F808350B6803F5E07340F294
:105930000D6245F823204B6803F5E07347EA090739
:1059400045F823204FF48070B8474FF0000BD5F88E
:1059500010356268D340DB074FF4807022D423688F
:1059600009FA03F3C5F80C35B847236809FA03F3BD
:105970000BF1010B4FF48070C5F80835B847BBF147
:10598000090FE4D1626801254FF0A04905FA02F23F
:10599000C9F80C254FF48070B84763689D40C9F87A
:1059A000085599E7BBF1000FEDD195E78075002010
:1059B0007875002075580300B0BC0300F0B48EB0B9
:1059C00000239E4A0092C0F80431D0F804210492CA
:1059D000049AC0F82431D0F824210392039AC0F825
:1059E0001C31D0F81C210292029AC0F808318A6A50
:1059F000D0F808410194012A019C4B6381F82F30B3
:105A000016D00123C0F800320123036291F82D2043
:105A1000022A18BF03600A688AB140F286238B60AD
:105A20008B68C0F80433002318460EB0F0BC7047F2
:105A30000B6A5B06E5D40223C0F80032E4E7009B62
:105A4000002B28DD01264FF0020CD0F8043133B1D1
:105A5000C0F80421D0F804310D930D9B012391F877
:105A60002F4034B3C0F82421D0F824410A940A9C72
:105A7000C0F81C21D0F81C410B940B9CC0F80821E5
:105A8000D0F808410C940C9C0BBB009B013B00938D
:105A9000009B002BD9DC91F82F30F3B9009A002A33
:105AA000C2DC00230522C0F800350323C0F800251E
:105AB000BAE7D0F8245155B3C0F82441D0F82441B6
:105AC0000994099C466181F82F60002BDDD091F884
:105AD0002F30002281F82D209BB3D0F8C424C0F8C9
:105AE000C424002A3FD012F0010F18BF4FF4024324
:105AF00048F2012108BF032312F0020F18BF0B4622
:105B000048F2022112F0040F18BF0B46C6E7D0F886
:105B10001C417CB3C0F81C514C6BD0F81C71089729
:105B200001344C63089FD0F82471002F39D0C0F89D
:105B30002451D0F824410794079C466181F82F60D6
:105B4000A2E74C6B8A6A9442A8D001220524C0F8CF
:105B50000035C0F8004581F82F20D0F8C424C0F8E3
:105B6000C424002ABFD1009A002A4FF003033FF754
:105B70005BAF96E7D0F80851002D85D0C0F80841FA
:105B8000D0F808510695069DD0F824518DB1C0F883
:105B90002441D0F824410594059C466181F82F608A
:105BA00072E78D6AAC4218D24D6A2C5DC0F81C4574
:105BB0006AE74C6B8D6AAC42BFF466AF4D6AD0F8B1
:105BC00018752F554C6B8F6A01347D1EAC424C63A7
:105BD0001DD0BC4221D0066256E791F82C4024B972
:105BE0000C6A670609D446614EE70123C36191F848
:105BF0002F30002B3FF452AF6FE70122C26191F8C2
:105C00002F3081F82D20002B3FF448AF65E70D6A57
:105C10006D060FD4C0F800C2DDE70C6A64067FF59C
:105C200033AF91F82F30022281F82D20002B3FF462
:105C300035AF52E7BC42CED1F3E700BFA0860100EA
:105C4000F0B48EB00023A74A0092C0F80431D0F817
:105C500004210492049AC0F82431D0F8242103923C
:105C6000039AC0F81C31D0F81C210292029AC0F8A5
:105C70000831D0F8082101920122019CC0F80032BD
:105C80004B6381F82F30026291F82D30934218BF98
:105C900082604B6B8A6A934210D24A6AD35CC0F826
:105CA0001C350A68EAB140F286238B608B68C0F825
:105CB0000433002318460EB0F0BC704791F82C3026
:105CC000002B40F0C0800B6A13F0400F4FF001032F
:105CD00014BFC36143610A6818BF81F82D30002AE0
:105CE000E1D1009B002B28DD01264FF0020CD0F8FB
:105CF000043133B1C0F80421D0F804310D930D9B69
:105D0000012391F82F4034B3C0F82421D0F8244166
:105D10000A940A9CC0F81C21D0F81C410B940B9CDF
:105D2000C0F80821D0F808410C940C9C0BBB009BD8
:105D3000013B0093009B002BD9DC91F82F30F3B985
:105D4000009A002AB6DC00230522C0F800350323A0
:105D5000C0F80025AEE7D0F8245155B3C0F824416F
:105D6000D0F824410994099C466181F82F60002BEA
:105D7000DDD091F82F30002281F82D209BB3D0F890
:105D8000C424C0F8C424002A3FD012F0010F18BF69
:105D90004FF4024348F2012108BF032312F0020F1F
:105DA00018BF0B4648F2022112F0040F18BF0B4631
:105DB000C6E7D0F81C417CB3C0F81C514C6BD0F83E
:105DC0001C71089701344C63089FD0F82471002F90
:105DD0003CD0C0F82451D0F824410794079C466178
:105DE00081F82F60A2E74C6B8A6A9442A8D0012206
:105DF0000524C0F80035C0F8004581F82F20D0F800
:105E0000C424C0F8C424002ABFD1009A002A4FF04D
:105E100003033FF74FAF96E7D0F80851002D85D028
:105E2000C0F80841D0F808510695069DD0F82451D5
:105E3000A5B1C0F82441D0F824410594059C4661E1
:105E400081F82F6072E70123C3612AE78D6AAC42B3
:105E500018D24D6A2C5DC0F81C4567E74C6B8D6A03
:105E6000AC42BFF463AF4D6AD0F818752F554C6B38
:105E70008F6A01347D1EAC424C631DD0BC4221D0E0
:105E8000066253E791F82C4024B90C6A670609D4DE
:105E900046614BE70123C36191F82F30002B3FF49B
:105EA0004FAF6CE70122C26191F82F3081F82D20AD
:105EB000002B3FF445AF62E70D6A6D060FD4C0F8C2
:105EC00000C2DDE70C6A64067FF530AF91F82F3031
:105ED000022281F82D20002B3FF432AF4FE7BC4265
:105EE000CED1F3E7A086010070B5904BD3F8042122
:105EF00090B03AB10022C3F80421D3F804310993D9
:105F0000099B01228A4C894B94F82F10A9B10021DA
:105F1000C3F82411D3F8240106900698C3F81C1185
:105F2000D3F81C0107900798C3F80811D3F808317B
:105F30000893089B8AB910B070BDD3F824010028DB
:105F40003CD0C3F82411D3F8241105910121059800
:105F500084F82F105961002AEDD094F82F300022D8
:105F600084F82D2063B9616BA26A914260D06F4AB8
:105F700005210120C2F8003584F82F00C2F8001571
:105F80006C4D6A4E0FCD0DF12C0CACE80F002B6858
:105F9000CCF80030D6F8C434C6F8C4349A0728D4F4
:105FA000580773D502238DF82830002384F8303049
:105FB000D4E900310AA8984710B070BDD3F81C117D
:105FC000D9B1C3F81C01D3F81C110491616B049D75
:105FD00001316163D3F82451002D74D0C3F824013A
:105FE000D3F8241103910121039884F82F105961EB
:105FF000A0E701238DF82830D7E7D3F8080100285F
:1060000098D0C3F80811D3F8080102900298D3F889
:106010002401002841D0C3F82411D3F824110191A0
:106020000121019884F82F10596183E70122DA6178
:10603000237B9A1E012A0FD93E4E00238DF828306B
:1060400084F830300FCE0BAD0FC533682B60236A58
:106050005B07ADD510B070BD616AA2699142EBD10A
:10606000D4E907026169C2F34012C4E90901032BB4
:106070004FF0000184F82D102C482D4984F82C2075
:1060800033D010B0BDE87040FFF798BCD9074CBFC3
:10609000032304238DF8283087E7616BA06A8142CF
:1060A000BFF448AF606AD3F818554554616BA06AD5
:1060B0000131451EA942616321D0814226D01B4B8C
:1060C0000121196236E7A06A814204D2606A415C0C
:1060D000C3F81C152EE794F82C100029A6D1216ACC
:1060E000490607D40121596124E710B0BDE870408A
:1060F000FFF7A6BD0122DA6184F82D2098E7256A12
:106100006E060FD40221C3F80012D8E7236A5D0699
:106110007FF510AF94F82F30022284F82D20002B49
:1061200086D02DE78142CAD1F4E700BF003000409D
:1061300088750020947500202DE9F04F0779DFF86D
:1061400000910C46C7EB071109EB810683B092461C
:1061500096F82E209B463B010193002A5BD1054611
:106160004FEA810800683349F5F732FD00285DD118
:1061700049F808A0B060C6F804B086F8300086F888
:106180002D0086F83100627B86F8382022684FF0B7
:10619000A04102F5E07240F20C6641F822606268AC
:1061A00002F5E07241F82260D4E900262968019BDB
:1061B000C1F80825C1F80C65A268C1F82425BAF118
:1061C000000F1FD02968227B41F30734002C4FEACF
:1061D000113124DB04F16044520104F56144D2B270
:1061E00084F800232A6842F3073100294FEA12326B
:1061F00008DB114D4909012402F01F0204FA02F2E2
:1062000045F82120DF1B09EB8707012387F82E3093
:1062100003B0BDE8F08F082003B0BDE8F08F074C55
:1062200001F00F015201D2B26254DBE7112003B03A
:10623000BDE8F08FE95E030000E100E014ED00E04E
:1062400088750020F8B506792A4D0268C6EB06135A
:10625000044655F823303701B3B142F30733002B1E
:106260004FEA123110DB5B0923482033012201F091
:106270001F0102FA01F140F82310BFF34F8FBFF363
:106280006F8F2379226800E033461C49C2F8081357
:10629000D2F80012C3EB031321F00301C2F800127D
:1062A00005EB83030021C2F80015012283F82E209C
:1062B0002068F5F7B3FCBB1B05EB830393F838307C
:1062C00083B92368D3F808354FF0A04203F5E07393
:1062D000022142F823102368D3F80C3503F5E0734C
:1062E00042F82310BE1B05EB8605002385F82E30EF
:1062F000F8BD00BF8875002000E100E08642040080
:106300000379064A0168C3EB031302EB83030520FC
:106310000222C1F8000583F82E20704788750020FE
:106320002DE9F84390F804C0244E9DF820E0006861
:10633000CCEB0C1506EB8504BEF1000F94F82D7024
:1063400014BF4FF020094FF00009022F28D01C4F36
:10635000C0F8087394F8308008F0FF07B8F1000F18
:1063600025D1CCEB0C1C06EB8C0CAD004FF00108DA
:1063700084F83080C4F820908CF80C70C0F8881530
:1063800061732361A362C4E9062784F82CE06146A7
:1063900067616262FFF754FC735923B1BDE8F8836B
:1063A0000820BDE8F88384F83030BDE8F883A3689E
:1063B000C0F804331120BDE8F88300BF88750020C1
:1063C00086420400F8B590F804C01C4F0068CCEB7E
:1063D0000C1507EB85040E4694F82D10012923D0E7
:1063E0001749C0F8081394F8301001F0FF0E01BBF4
:1063F000CCEB0C1C07EB8C0C0121AD0084F83010A9
:10640000C4F820E08CF80C102361A362C4E9062EC6
:106410006146C0F888656673C4F814E06262FFF7ED
:10642000CDFA7B5913B1F8BD0820F8BD84F830309F
:10643000F8BDA368C0F804331120F8BD88750020AA
:106440008642040010B5084CD4F8003182B04BB13C
:10645000064B1B6898470023C4F80031D4F800317C
:106460000193019B02B010BD00000140C8750020DF
:1064700070B5114B114A1D781160DDB9104E0278CC
:1064800001211970C6F80C25416804464FF47A7250
:106490000023C803490C01F041FEC6F80405237A25
:1064A000084A5B01DBB282F810334FF4803313608B
:1064B000284670BD082070BDC5750020C875002035
:1064C0000000014000E100E0044B054901220220E8
:1064D000C3F804231A600870704700BF0000014031
:1064E000C575002030B583B0054600240DF10700C6
:1064F0008DF80740F1F700FC0F4A1378072B12D8EC
:106500000E492B70581C1070D1F80805012202FAB0
:1065100003F30343C1F808359DF80700F1F712FCB7
:10652000204603B030BD9DF80700F1F70BFC0424B2
:10653000204603B030BD00BFC475002000000140FC
:10654000034B044A00F5C07043F82020704700BF99
:10655000000001403546526EA8DF7047ADDF70473E
:10656000AEDF7047B0DF704762DF70473CDF7047D7
:106570003DDF70470549064B5B1ADB081B040246EA
:10658000044943F00400F0F7A1BB00BFA4BF03001F
:10659000F4BF0300C0BC030000282ED0F0B5038870
:1065A000512B89B0044629D00AD8102B1CD0112BAE
:1065B00004D1334B81889A8891421AD009B0F0BD3A
:1065C000532BFBD12E4DC288EB889A42F6D12B7EFD
:1065D000002BF3D000F0DCF90028EFD06B6902202B
:1065E00009B0BDE8F0401847254B82889A8009B071
:1065F000F0BD4FF6FF729A80E0E77047204D828829
:10660000AB889A42DAD18679022ED7D10289EB88FB
:106610009A42D3D1837B043B022BCFD91022002195
:106620000DEB020000F066FC01AF6989A8888DF8C7
:10663000106002AACDE90267FFF790FF064690B10D
:1066400040F2FD16ADF81460A88804A9FFF78AFF90
:106650001128F9D0BDF81430002BAFD104F1080097
:1066600000F024F9AAE73846F9F73CFA0028E7D009
:106670009DF8163043F001038DF81630E2E700BFB5
:10668000CC75002030B587B00C461022002105469D
:1066900002A800F02FFC124B8DF806400322ADF843
:1066A00002202022022498888DF80420DA88ADF890
:1066B000082000230DEB0402ADF80C3002A901AB59
:1066C000CDE904238DF805508DF80A40FFF748FF07
:1066D00020B9BDF80230032B18BF0C2007B030BD25
:1066E000CC750020114B12481249C01AC008000492
:1066F00010B540F00400F0F7C7FB4FF0FF31002069
:10670000FFF736FF044608B1204610BDB121FFF760
:106710002DFF04460028F7D1074B01205B699847FD
:106720000220F4F7D3F9204610BD00BFA4BF030038
:10673000F4BF0300E8BC0300CC75002010B51B4B70
:1067400084460FCB86B002AC84E80F00604650B39D
:10675000174B4FF6FF729A80DCF800205A61002137
:106760001976EAB1124800F05FF808B106B010BD22
:1067700001204FF659630F4A8DF8060001A9ADF8C4
:106780000430FFF7E9FE0028F0D109492046FFF761
:10679000EBFE0028EAD1064800F060F806B010BD14
:1067A000054A5A61DEE70E2006B010BD1CBD03008D
:1067B000CC750020CE750020756503004FF0030CEA
:1067C00000DF704716490B68BBB14B68ABB110B521
:1067D00008319847082803460ED0124C70B9226839
:1067E000012102205376FFF74DFF28B123680320D3
:1067F000BDE810405B69184710BD70472368002250
:1068000006215A760220FFF73DFF18B123680320C6
:106810005B69984723680220BDE810405B69184710
:106820000876002004760020034618B1024A0020B2
:10683000136070470E2070470476002008B5F8F703
:10684000EBF800B108BD0448FFF7B8FF0028F9D104
:10685000BDE80840F8F71CB90876002010B588B0EC
:10686000044620220021684600F044FBBDF80C30AD
:10687000608823F4235323F03F03224643F420533C
:10688000032143F0010312F806CBADF80010ADF878
:106890000C3069464FF0013317248DF802C0ADF873
:1068A00004400493F9F722F908B010BD70B504460E
:1068B000007B01281FD0022812D1627B531E132BAC
:1068C00029D905212C4DFFF7DDFE18B12B680320D7
:1068D0005B6998472B680220BDE870405B691847E8
:1068E000254D0221FFF7CEFE0028F3D02B680320B0
:1068F0005B699847EEE7204D2B685E7E0EBB1876ED
:106900000146FFF7BFFED8B12B6811281E76207B09
:1069100030D00421E6E7194E174D04F10E01301D69
:1069200000F0DAFA627B2B68B2615B7E03BB14492C
:10693000304651F8083B984770B92B6801225A76C7
:1069400070BD0621FFF79EFE0028F9D02B680320BA
:10695000BDE870405B6918470F2809D109480A4B08
:106960000A49C01AC008000440F00100F0F78CFA90
:10697000207BCEE70621B5E704760020E8750020ED
:1069800008760020F4BF0300A4BF03002CBD030061
:1069900008B5044B1B6800205B699847BDE80840B8
:1069A000FFF7A0BE047600202DE9F041674B684F49
:1069B000D3F8042188B012B30021C3F80411D3F82E
:1069C000040197F82E2000900098002A3BD17868A7
:1069D000F968069038898DF81420ADF81C0000295C
:1069E00000F0A180388B7960012178833881FA60CA
:1069F00019603B6805A89847002387F82F3097F85F
:106A00002E3023BB514BD3F810216AB10022C3F8BA
:106A10001021D3F81031039302218DF814103B6834
:106A200003993A7405A89847484BD3F8144164B3C6
:106A30000022C3F81421D3F814310593059B3A744E
:106A400008B0BDE8F08197F82F30002B4ED13F4BB6
:106A5000D3F80021002AD5D00020C3F8000197F810
:106A60002D107A8BD3F8004101948A42019C8CB29C
:106A70004BD85BD0354B0022C3F80421D3F8042156
:106A80000292012202995A60BCE77E69002ED7D09B
:106A90004FF000480125B6FA86F101F146039B004C
:106AA00003F1804202F5E042A3F58C73D2F800E0D6
:106AB00083F0040028FA01F1C0F3800CDB0805A87C
:106AC00026EA0106BEF1000F0BD014601268049292
:106AD0008DF818303A688DF814508DF819C0049B61
:106AE0009047002ED7D108B0BDE8F081FB687868E8
:106AF0003A898DF814100690ADF81C209BB13A8BA2
:106B00007A837B603A81F96073E73889121B92B20D
:106B100080B27A83801A7A6802EB4002C3F82C268E
:106B2000C3F83016A6E700233B7462E7FA6842B167
:106B30007883012087F82F00C3F82C26C3F830167D
:106B400098E7012387F82F307A8393E7007000409D
:106B50001476002030B4264A92F82C4084B0002CE1
:106B600042D1244B05781160C3F8F0554178C3F841
:106B7000F415C17882F82E1001256FF000411474CD
:106B800082F82C5082F82D40546182F82F40C3F8CF
:106B90000813C3F80441D3F8041103910399C3F80F
:106BA0000041D3F8001102910299C3F81441817891
:106BB000D3F81401019001980F484901C9B280F837
:106BC00007138021016092F82E200221C3F80413DC
:106BD0003AB9084B01220020C3F8002504B030BCAC
:106BE0007047C3F80453F4E7082004B030BC704782
:106BF000147600200070004000E100E0334A137C6E
:106C0000002B60D110B403F0FF040B79012B4ED997
:106C100000F10C0C02EB4C04247924B992F82D40BD
:106C2000013482F82D4002EB4C021B0403F4E02CEB
:106C3000B1F8073093804B788A781B01120202F476
:106C4000E06203F0300313430A7802F003021343B7
:106C5000CA78120302F4805213434A79120502F4EF
:106C6000801213438A79120602F080721343184A85
:106C700002EB0014000143EA0C0300F18040C4F869
:106C8000183500F5E040CB790C7AC0F81445C0F80F
:106C900010350B79012B03D900205DF8044B7047A8
:106CA0000123C2F8003500205DF8044B7047084B03
:106CB00000F10C0CC3F8004502EB4C040B7924796D
:106CC000002CB0D1AAE71120704700BF1476002035
:106CD0000070004070B45A4C237C83B0002B40F00D
:106CE000AB8094F82DC0012503F0FF02554B2574AD
:106CF0000326AC45C3F80863C3F82C16C3F8305616
:106D00001FD9C3F81425C3F81025C3F82425C3F8E8
:106D10002025C3F83425C3F83025C3F84425C3F82B
:106D20004025C3F85425C3F85025C3F86425C3F89B
:106D30006025C3F87425C3F87025C3F88425C3F80B
:106D4000802500F10C02000104EB420200F18043B7
:106D500003F5E04310793B495279C3F81425012229
:106D6000C3F810050A6042F210734A6001E0013B6B
:106D700003D0D1F80421002AF9D0324B0022C3F805
:106D80000021D3F8001101910199C3F8042194F86E
:106D90002D20D3F804110091012A00993BD9217FBD
:106DA000607FA27FC3F81405C3F81015E07F94F844
:106DB0002010C3F82405C3F8202594F8210094F886
:106DC0002220C3F83405C3F8301594F8230094F852
:106DD0002410C3F84405C3F8402594F8250094F81E
:106DE0002620C3F85405C3F8501594F8270094F8EA
:106DF0002810C3F86405C3F8602594F8290094F8B6
:106E00002A20C3F87405C3F8701594F82B10C3F842
:106E10008415C3F8802594F82E3043B9094B02221B
:106E2000C3F804230020207403B070BC7047054BE6
:106E30000322C3F80423F5E7112003B070BC7047A8
:106E4000147600200070004008B5074B044613B1CB
:106E50000021AFF30080054B1868836A03B198479F
:106E6000204600F06BFD00BF0000000004BF0300DF
:106E700070B50D4D0D4C641BA4100026A64209D11F
:106E80000B4D0C4C01F0CCFA641BA4100026A6425A
:106E900005D170BD55F8043B98470136EEE755F82B
:106EA000043B98470136F2E7CC370020CC3700206E
:106EB000CC370020D037002010B501390244904271
:106EC00001D1002005E0037811F8014FA34201D061
:106ED000181B10BD0130F2E70A44914200F1FF3364
:106EE00000D1704710B511F8014B03F8014F9142E2
:106EF000F9D110BD02440346934200D1704703F814
:106F0000011BF9E70CB430B5174B0C1E1D689DB082
:106F100008DA8B232B604FF0FF301DB0BDE8304006
:106F200002B070474FF40273ADF8143014BF04F18F
:106F3000FF332346049307934FF6FF7302900690A6
:106F4000ADF81630209A21AB02A92846019300F033
:106F5000B3F8431CBCBF8B232B60002CDDD0029BFD
:106F600000221A70D9E700BF68370020034611F8E5
:106F7000012B03F8012B002AF9D17047034613F8BF
:106F8000012B002AFBD1181A0138704730B514467E
:106F9000002C9BB005461A4605DA8B2303604FF0A0
:106FA000FF301BB030BD4FF40273ADF80C3014BF8E
:106FB00004F1FF332346029305934FF6FF730091CC
:106FC0000491ADF80E3069461E9B00F075F8431C25
:106FD000BCBF8B232B60002CE3D0009B00221A70D7
:106FE000DFE7000007B5009313460A460146034851
:106FF0000068FFF7CBFF03B05DF804FB68370020A3
:107000002DE9F0478E689E4282460C4690461F4608
:1070100038D88A8912F4906F32D025680969A5EBB7
:107020000109656905EB450505EBD57501334B4451
:107030006D109D4238BF1D46530531D5294600F0DD
:10704000A5FB064650B90C23CAF80030A38943F0CB
:107050004003A3814FF0FF30BDE8F08721694A4625
:10706000FFF73AFFA38923F4906343F08003A381E1
:10707000266165614E44A5EB09052660A5603E4684
:10708000BE4200D93E4620683246414600F0F8FA3A
:10709000A3689B1BA3602368334423600020DBE7C5
:1070A0002A4600F0E7FB06460028E1D12169504658
:1070B00000F000FBC7E700002DE9F04F98468B89F0
:1070C0001B069DB007460D4614460ED50B6963B9E5
:1070D000402100F05BFB2860286120B90C233B6055
:1070E0004FF0FF30D1E040236B6100230993202350
:1070F0008DF82930CDF80C803023DFF8A8818DF889
:107100002A304FF0010923469A4613F8012B0AB1A1
:10711000252AF9D1BAEB040B0BD05B46224629464F
:107120003846FFF76DFF013000F0AA80099A5A44F3
:1071300009929AF80030002B00F0A28000234FF053
:10714000FF32CDE905230AF1010A049307938DF874
:1071500053301A935446052214F8011B514800F08D
:107160003FFA049AD8B9D00644BF20238DF8533093
:10717000110744BF2B238DF853309AF800302A2B87
:1071800015D0079A544600204FF00A0C214611F8FA
:10719000013B303B092B4ED9B0B1079214E0A0EB74
:1071A000080309FA03F313430493A246D2E7039BAF
:1071B000191D1B680391002BBBBF5B4242F002020A
:1071C00007930793B8BF049223782E2B0CD16378D2
:1071D0002A2B35D1039B1A1D1B680392002BB8BFC5
:1071E0004FF0FF3302340593DFF8C8A02178032263
:1071F000504600F0F5F940B14023A0EB0A0003FA35
:1072000000F0049B03430134049314F8011B264847
:107210008DF82810062200F0E3F9002838D0234B1F
:107220001BBB039B073323F0070308330393099B1E
:107230003344099367E70CFB02320C460120A5E7B3
:1072400000230134059319464FF00A0C204610F82C
:10725000012B303A092A03D9002BC5D00591C3E789
:107260000CFB012104460123F0E703AB00932A46FF
:107270000F4B04A93846AFF30080421C0646D6D116
:10728000AB895B063FF52CAF09981DB0BDE8F08FC8
:1072900003AB00932A46064B04A9384600F07AF85F
:1072A000EBE700BF08BF030012BF030000000000AF
:1072B000017003000EBF03002DE9F0471646994602
:1072C0008A680B69DDF820809342B8BF13463360AB
:1072D00091F8432007460C460AB101333360236816
:1072E000990642BF336802333360256815F00605FE
:1072F00006D104F1190AE36832689B1AAB4226DC16
:1073000094F84320131E226818BF012392062BD441
:1073100004F1430249463846C04701301ED0236875
:10732000E568326803F00603042B08BFAD1AA368B2
:1073300022690CBF25EAE57500259342C4BF9B1A5C
:10734000ED1800261A34B5421AD1002008E00123B6
:10735000524649463846C047013003D14FF0FF300E
:10736000BDE8F0870135C6E7E1185A1C302081F8E6
:107370004300224494F8451082F843100233C7E7D3
:107380000123224649463846C0470130E6D001363F
:10739000D9E700002DE9FF470F7E0C9D782F91461D
:1073A00080460C469A4601F1430207D8622F0AD85C
:1073B000002F00F0D880582F00F0A38004F1420580
:1073C00084F842703AE0A7F16303152BF6D801A1C7
:1073D00051F823F02D74030041740300BD730300C2
:1073E000BD730300BD730300BD730300417403004C
:1073F000BD730300BD730300BD730300BD730300C1
:107400004D750300717403002F750300BD730300F5
:10741000BD7303006F750300BD7303007174030037
:10742000BD730300BD730300377503002B681A1D7D
:107430001B682A6004F1420584F842300123A3E06E
:1074400020682968060601F104030AD50E682B603E
:10745000002E03DA2D23764284F843305E480A2357
:1074600019E00E682B6010F0400F18BF36B2EFE73E
:107470002B682068191D2960010601D51E6802E0ED
:107480004606FBD51E8854486F2F0CBF08230A23DD
:10749000002184F843106568A560002DA2BF216813
:1074A00021F0040121600EB9002D4DD01546B6FB28
:1074B000F3F103FB1167C75D05F8017D3746BB4259
:1074C0000E46F4D9082B0BD12368DE0708D52369B3
:1074D00061689942DEBF302305F8013C05F1FF35B4
:1074E000521B2261CDF800A04B4603AA214640461C
:1074F000FFF7E2FE01304CD14FF0FF3004B0BDE8A1
:10750000F087354881F845702968236851F8046B85
:1075100029601D0614D5DF0744BF43F02003236014
:107520001EB9236823F0200323601023B0E72368EB
:1075300043F0200323607823284884F84530E3E7AC
:10754000590648BFB6B2E6E71546BBE72B68266882
:107550006169181D286035061B6801D5196002E0B5
:107560007006FBD51980002323611546BAE72B6806
:107570001A1D2A601D6862680021284600F030F854
:1075800008B1401B606063682361002384F84330C6
:10759000A8E723692A4649464046D0470130ABD088
:1075A00023689B0713D4E068039B9842B8BF184632
:1075B000A4E70123324649464046D04701309BD0DC
:1075C0000135E36803995B1AAB42F2DCEBE7002577
:1075D00004F11906F5E700BF19BF03002ABF030035
:1075E00001F0FF01102A2BDB10F0070F08D010F874
:1075F000013B013A8B422DD010F0070F42B3F6D178
:10760000F0B441EA012141EA014122F007047FF090
:1076100000070023F0E80256083C85EA010586EAE7
:10762000010685FA47F5A3FA87F586FA47F6A5FA23
:1076300087F68EB9EED1F0BC01F0FF0102F007022F
:1076400032B110F8013B013A83EA010313B1F8D1DA
:107650000020704701387047002D06BF35460338BB
:10766000073815F0010F07D1013015F4807F02BFF4
:10767000013015F4C03F0130F0BC0138704700BF45
:10768000884210B501EB020402D98442234607D890
:10769000431EA14208D011F8012B03F8012FF8E78F
:1076A000024401468A4200D110BD13F8014D02F890
:1076B000014DF7E737B5002944D051F8043C01905B
:1076C000002BA1F10404B8BFE41800F013F91E4A1E
:1076D0000198136833B96360146003B0BDE83040AB
:1076E00000F00EB9A34208D9256861198B4201BF89
:1076F00019685B6849192160EDE71A465B680BB1B0
:10770000A342FAD911685518A5420BD12468214427
:107710005418A3421160E0D11C685B685360214497
:107720001160DAE702D90C230360D6E725686119F6
:107730008B4204BF19685B68636004BF491921600C
:107740005460CAE703B030BD4476002070B50E4ED9
:107750000C463168054611B900F0BCF8306021468E
:10776000284600F0B7F8431C0AD0C41C24F00304D8
:10777000A04207D0211A284600F0ACF8013001D110
:107780004FF0FF34204670BD487600202DE9F041CF
:10779000CD1C25F0030508350C2D38BF0C25002D18
:1077A000074601DBA94205D90C233B600026304681
:1077B000BDE8F0812E4E00F09DF833681C4634BBC6
:1077C00029463846FFF7C2FF431C04464DD13468B2
:1077D0002646002E40D123683146384604EB030884
:1077E00000F078F880453AD1216803356D1A25F00C
:1077F000030508350C2D38BF0C2529463846FFF700
:10780000A5FF01302BD023682B4423600EE02268B3
:10781000521B1ED40B2A16D96119A342256018BF2A
:107820005960636808BF316062514B60384604F1AB
:107830000B0600F065F826F00706231DF21AB6D0F5
:107840009B1BA350B3E76268A3420CBF32605A602F
:10785000ECE723466468B2E734467668B9E70C2360
:107860003B60384600F04CF8A1E72560DEE700BF3A
:10787000447600202DE9F041804614460E4621B999
:10788000BDE8F0411146FFF781BF2AB9FFF712FFAB
:1078900025462846BDE8F08100F038F884420746C6
:1078A00002D8B4EB500F12D821464046FFF76EFFC6
:1078B00005460028EDD0BC422246314628BF3A4654
:1078C000FFF70AFB31464046FFF7F4FEE1E7354695
:1078D000DFE7000038B5064D0023044608462B605C
:1078E00000F01EF8431C02D12B6803B1236038BDA1
:1078F0004C760020014800F011B800BF50760020FF
:10790000014800F00CB800BF5076002051F8043C4C
:10791000181F002BBCBF0B58C0187047704770472A
:10792000044A05491368002B08BF0B461844106031
:10793000184670475476002058760020FEE700BFB6
:1079400081F0004102E000BF83F0004330B54FEA10
:1079500041044FEA430594EA050F08BF90EA020F7D
:107960001FBF54EA000C55EA020C7FEA645C7FEA10
:10797000655C00F0E2804FEA5454D4EB5555B8BF33
:107980006D420CDD2C4480EA020281EA030382EAA4
:10799000000083EA010180EA020281EA0303362D36
:1079A00088BF30BD11F0004F4FEA01314FF4801C09
:1079B0004CEA113102D0404261EB410113F0004F1B
:1079C0004FEA03334CEA133302D0524263EB4303D2
:1079D00094EA050F00F0A780A4F10104D5F1200E70
:1079E0000DDB02FA0EFC22FA05F2801841F10001CB
:1079F00003FA0EF2801843FA05F359410EE0A5F19F
:107A000020050EF1200E012A03FA0EFC28BF4CF0CF
:107A1000020C43FA05F3C01851EBE37101F0004585
:107A200007D54FF0000EDCF1000C7EEB00006EEB92
:107A30000101B1F5801F1BD3B1F5001F0CD349081C
:107A40005FEA30004FEA3C0C04F101044FEA445273
:107A500012F5800F80F09A80BCF1004F08BF5FEAFA
:107A6000500C50F1000041EB045141EA050130BDDA
:107A70005FEA4C0C404141EB0101013C28BFB1F5EC
:107A8000801FE9D291F0000F04BF01460020B1FA37
:107A900081F308BF2033A3F10B03B3F120020CDA0A
:107AA0000C3208DD02F1140CC2F10C0201FA0CF0E8
:107AB00021FA02F10CE002F11402D8BFC2F1200C4D
:107AC00001FA02F120FA0CFCDCBF41EA0C01904003
:107AD000E41AA2BF01EB0451294330BD6FEA04044C
:107AE0001F3C1CDA0C340EDC04F11404C4F1200237
:107AF00020FA04F001FA02F340EA030021FA04F349
:107B000045EA030130BDC4F10C04C4F1200220FA9F
:107B100002F001FA04F340EA0300294630BD21FADD
:107B200004F0294630BD94F0000F83F4801306BFA3
:107B300081F480110134013D4EE77FEA645C18BF97
:107B40007FEA655C29D094EA050F08BF90EA020F2E
:107B500005D054EA000C04BF1946104630BD91EA26
:107B6000030F1EBF0021002030BD5FEA545C05D129
:107B70004000494128BF41F0004130BD14F5800468
:107B80003CBF01F5801130BD01F0004545F0FE41DC
:107B900041F470014FF0000030BD7FEA645C1ABF11
:107BA000194610467FEA655C1CBF0B46024650EA48
:107BB000013406BF52EA033591EA030F41F4002174
:107BC00030BD00BF90F0000F04BF0021704730B5FA
:107BD0004FF4806404F132044FF000054FF00001CF
:107BE00050E700BF90F0000F04BF0021704730B590
:107BF0004FF4806404F1320410F0004548BF404265
:107C00004FF000013EE700BF42004FEAE2014FEAB9
:107C100031014FEA02701FBF12F07F4393F07F4F94
:107C200081F06051704732F07F4208BF704793F097
:107C30007F4F04BF41F40021704730B54FF46074AA
:107C400001F0004521F000411CE700BF50EA0102AD
:107C500008BF704730B54FF000050AE050EA010256
:107C600008BF704730B511F0004502D5404261EBC6
:107C700041014FF4806404F132045FEA915C3FF407
:107C8000D8AE4FF003025FEADC0C18BF03325FEAA4
:107C9000DC0C18BF033202EBDC02C2F1200300FA55
:107CA00003FC20FA02F001FA03FE40EA0E0021FA7A
:107CB00002F11444BDE600BF70B54FF0FF0C4CF468
:107CC000E06C1CEA11541DBF1CEA135594EA0C0F1A
:107CD00095EA0C0F00F0DEF82C4481EA030621EA55
:107CE0004C5123EA4C5350EA013518BF52EA033590
:107CF00041F4801143F4801338D0A0FB02CE4FF042
:107D00000005E1FB02E506F00042E0FB03E54FF071
:107D10000006E1FB03569CF0000F18BF4EF0010E69
:107D2000A4F1FF04B6F5007F64F5407404D25FEA65
:107D30004E0E6D4146EB060642EAC62141EA555118
:107D40004FEAC52040EA5E504FEACE2EB4F1FD0C5A
:107D500088BFBCF5E06F1ED8BEF1004F08BF5FEAD8
:107D6000500E50F1000041EB045170BD06F000468A
:107D700046EA010140EA020081EA0301B4EB5C0437
:107D8000C2BFD4EB0C0541EA045170BD41F480112F
:107D90004FF0000E013C00F3AB8014F1360FDEBF54
:107DA000002001F0004170BDC4F10004203C35DA30
:107DB0000C341BDC04F11404C4F1200500FA05F3B3
:107DC00020FA04F001FA05F240EA020001F0004254
:107DD00021F0004110EBD37021FA04F642EB0601CA
:107DE0005EEA430E08BF20EAD37070BDC4F10C04F4
:107DF000C4F1200500FA04F320FA05F001FA04F2B8
:107E000040EA020001F0004110EBD37041F10001A3
:107E10005EEA430E08BF20EAD37070BDC4F12005AE
:107E200000FA05F24EEA020E20FA04F301FA05F216
:107E300043EA020321FA04F001F0004121FA04F2BE
:107E400020EA020000EBD3705EEA430E08BF20EA8E
:107E5000D37070BD94F0000F0FD101F000464000C8
:107E600041EB010111F4801F08BF013CF7D041EA4A
:107E7000060195F0000F18BF704703F0004652004E
:107E800043EB030313F4801F08BF013DF7D043EA1F
:107E90000603704794EA0C0F0CEA135518BF95EAD5
:107EA0000C0F0CD050EA410618BF52EA4306D1D15C
:107EB00081EA030101F000414FF0000070BD50EA7B
:107EC000410606BF1046194652EA430619D094EA05
:107ED0000C0F02D150EA013613D195EA0C0F05D1EF
:107EE00052EA03361CBF104619460AD181EA030143
:107EF00001F0004141F0FE4141F470014FF00000FB
:107F000070BD41F0FE4141F4780170BD70B54FF095
:107F1000FF0C4CF4E06C1CEA11541DBF1CEA135515
:107F200094EA0C0F95EA0C0F00F0A7F8A4EB0504F7
:107F300081EA030E52EA03354FEA013100F08880EE
:107F40004FEA03334FF0805545EA131343EA1263B7
:107F50004FEA022245EA111545EA10654FEA00266C
:107F60000EF000419D4208BF964244F1FD0404F525
:107F7000407402D25B084FEA3202B61A65EB030581
:107F80005B084FEA32024FF480104FF4002CB6EB3E
:107F9000020E75EB030E22BFB61A754640EA0C00BE
:107FA0005B084FEA3202B6EB020E75EB030E22BFFE
:107FB000B61A754640EA5C005B084FEA3202B6EB3F
:107FC000020E75EB030E22BFB61A754640EA9C00FE
:107FD0005B084FEA3202B6EB020E75EB030E22BFCE
:107FE000B61A754640EADC0055EA060E18D04FEA8C
:107FF000051545EA16754FEA06164FEAC30343EA2C
:1080000052734FEAC2025FEA1C1CC0D111F4801FF8
:108010000BD141EA00014FF000004FF0004CB6E7F1
:1080200011F4801F04BF01430020B4F1FD0C88BF90
:10803000BCF5E06F3FF6AFAEB5EB030C04BFB6EB9B
:10804000020C5FEA500C50F1000041EB045170BD8E
:108050000EF0004E4EEA113114EB5C04C2BFD4EBBB
:108060000C0541EA045170BD41F480114FF0000E3F
:10807000013C90E645EA060E8DE60CEA135594EABB
:108080000C0F08BF95EA0C0F3FF43BAF94EA0C0FBE
:108090000AD150EA01347FF434AF95EA0C0F7FF433
:1080A00025AF104619462CE795EA0C0F06D152EA87
:1080B00003353FF4FDAE1046194622E750EA41066B
:1080C00018BF52EA43067FF4C5AE50EA41047FF47C
:1080D0000DAF52EA43057FF4EBAE12E74A0011D22E
:1080E00012F5001211D20DD56FF47873B3EB625212
:1080F0000ED44FEAC12343F0004343EA505323FA1E
:1081000002F070474FF00000704750EA013002D192
:108110004FF0FF3070474FF00000704753B94AB935
:10812000002908BF00281CBF4FF0FF314FF0FF307F
:1081300000F074B9ADF1080C6DE904CE00F006F85A
:10814000DDF804E0DDE9022304B070472DE9F047D3
:10815000089D04468E46002B4DD18A42944669D92B
:10816000B2FA82F252B101FA02F3C2F1200120FA0E
:1081700001F10CFA02FC41EA030E94404FEA1C485C
:10818000210CBEFBF8F61FFA8CF708FB16E341EA58
:10819000034306FB07F199420AD91CEB030306F1DE
:1081A000FF3080F01F81994240F21C81023E6344FF
:1081B0005B1AA4B2B3FBF8F008FB103344EA0344A3
:1081C00000FB07F7A7420AD91CEB040400F1FF33B8
:1081D00080F00A81A74240F207816444023840EAF5
:1081E0000640E41B00261DB1D4400023C5E900432E
:1081F0003146BDE8F0878B4209D9002D00F0EF80B1
:108200000026C5E9000130463146BDE8F087B3FAE3
:1082100083F6002E4AD18B4202D3824200F2F980CB
:10822000841A61EB030301209E46002DE0D0C5E9CE
:10823000004EDDE702B9FFDEB2FA82F2002A40F01A
:108240009280A1EB0C014FEA1C471FFA8CFE01261D
:10825000200CB1FBF7F307FB131140EA01410EFBC1
:1082600003F0884208D91CEB010103F1FF3802D268
:10827000884200F2CB804346091AA4B2B1FBF7F062
:1082800007FB101144EA01440EFB00FEA64508D985
:108290001CEB040400F1FF3102D2A64500F2BB80C2
:1082A0000846A4EB0E0440EA03409CE7C6F1200711
:1082B000B34022FA07FC4CEA030C20FA07F401FA57
:1082C00006F31C43F9404FEA1C4900FA06F3B1FBE0
:1082D000F9F8200C1FFA8CFE09FB181140EA014145
:1082E00008FB0EF0884202FA06F20BD91CEB0101E2
:1082F00008F1FF3A80F08880884240F28580A8F13A
:1083000002086144091AA4B2B1FBF9F009FB10118B
:1083100044EA014100FB0EFE8E4508D91CEB010129
:1083200000F1FF346CD28E456AD90238614440EACC
:108330000840A0FB0294A1EB0E01A142C846A6464C
:1083400056D353D05DB1B3EB080261EB0E0101FAD5
:1083500007F722FA06F3F1401F43C5E90071002632
:108360003146BDE8F087C2F12003D8400CFA02FC88
:1083700021FA03F3914001434FEA1C471FFA8CFE98
:10838000B3FBF7F007FB10360B0C43EA064300FB88
:108390000EF69E4204FA02F408D91CEB030300F126
:1083A000FF382FD29E422DD9023863449B1B89B2DD
:1083B000B3FBF7F607FB163341EA034106FB0EF366
:1083C0008B4208D91CEB010106F1FF3816D28B4213
:1083D00014D9023E6144C91A46EA004638E72E46DF
:1083E000284605E70646E3E61846F8E64B45A9D2D7
:1083F000B9EB020864EB0C0E0138A3E74646EAE746
:10840000204694E74046D1E7D0467BE7023B6144F3
:1084100032E7304609E76444023842E7704700BF5C
:10842000F8B500BFF8BC08BC9E467047F8B500BF61
:10843000F8BC08BC9E467047000000000000000029
:108440000338FDD870470000FD620200716302002E
:10845000F96202007274745F6C6F675F6261636BD4
:10846000656E64004261636B656E647320666C7553
:10847000736865640000000061707000383D002082
:108480007F000000B83D00201B5B313B33316D00A5
:1084900025734C6F67732064726F70706564202859
:1084A00025642925730D0A001B5B306D0000000058
:1084B0003C25733E2025733A200000000D0A000081
:1084C0002025303278000000202020007C000000B1
:1084D000256300001B5B313B33306D001B5B313B80
:1084E00033326D001B5B313B33336D001B5B313B23
:1084F00033346D001B5B313B33356D001B5B313B0F
:1085000033366D001B5B313B33376D006572726F24
:10851000720000007761726E696E6700696E666F47
:10852000000000006465627567000000A884030015
:10853000D484030088840300DC840300E484030003
:10854000EC840300F4840300FC840300048503002E
:10855000000000000C850300148503001C85030047
:10856000248503006170705F627574746F6E000023
:1085700070350020466174616C206572726F720004
:1085800053797374656D2072657365740000000023
:108590006170705F74696D65720000000100060013
:1085A00000000000F43D002099770200525443205F
:1085B000696E7374616E636520616C726561647964
:1085C00020696E697469616C697A65642E000000C7
:1085D0005254433A20696E697469616C697A6564C2
:1085E0002E0000000000000000000000000000005D
:1085F0000338FDD8704700000000FFFFDEC0ADDE8D
:10860000FE011EF1DEC0ADDEFF011EF1303132335E
:10861000343536373839414243444546705F6673D6
:1086200000000000257320636865636B2066616944
:108630006C656420696E2025732829207769746829
:108640002076616C756520307825782E000000005A
:10865000705F617069000000705F66732D3E705F2F
:1086600061706900705F6465737400006C656E0012
:10867000616464725F69735F616C69676E656433BE
:108680003228737263290000616464725F69735FEA
:1086900077697468696E5F626F756E647328705F66
:1086A00066732C207372632C206C656E29000000A9
:1086B000705F73726300000021286C656E202520B6
:1086C000705F66732D3E705F666C6173685F696E84
:1086D000666F2D3E70726F6772616D5F756E697443
:1086E00029000000616464725F69735F616C69678F
:1086F0006E65643332286465737429006164647242
:108700005F69735F616C69676E65643332282875D1
:10871000696E7433325F7429705F7372632900006D
:10872000616464725F69735F77697468696E5F62C0
:108730006F756E647328705F66732C206465737444
:108740002C206C656E290000616464725F69735F40
:10875000706167655F616C69676E656428705F66EC
:10876000732C20706167655F61646472290000008A
:10877000616464725F69735F77697468696E5F6270
:108780006F756E647328705F66732C207061676507
:108790005F616464722C20286C656E202A20705FF3
:1087A00066732D3E705F666C6173685F696E666F9D
:1087B0002D3E65726173655F756E697429290000CD
:1087C0006E72665F6673746F7261676500000000A9
:1087D0006E72665F6673746F726167655F65726102
:1087E000736500006E72665F6673746F72616765B1
:1087F0005F777269746500006E72665F6673746F8E
:10880000726167655F696E697400000000100000A6
:10881000040000000100000059A4020039A4020075
:1088200029A4020085A60200F9A60200FDA3020009
:1088300001A4020005A402007077725F6D676D7479
:1088400000000000A0BF0300A4BF0300040000005C
:10885000736F72746C697374000000004E52465F4F
:1088600053554343455353004E52465F4552524F72
:10887000525F5356435F48414E444C45525F4D4909
:108880005353494E470000004E52465F4552524FE7
:10889000525F534F46544445564943455F4E4F54EB
:1088A0005F454E41424C4544000000004E52465F39
:1088B0004552524F525F494E5445524E414C000072
:1088C0004E52465F4552524F525F4E4F5F4D454D9F
:1088D000000000004E52465F4552524F525F4E4FCD
:1088E000545F464F554E44004E52465F4552524FDC
:1088F000525F4E4F545F535550504F5254454400B1
:108900004E52465F4552524F525F494E56414C4976
:10891000445F504152414D004E52465F4552524FC6
:10892000525F494E56414C49445F535441544500AF
:108930004E52465F4552524F525F494E56414C4946
:10894000445F4C454E475448000000004E52465F7D
:108950004552524F525F494E56414C49445F464C36
:10896000414753004E52465F4552524F525F494E67
:1089700056414C49445F4441544100004E52465FC9
:108980004552524F525F444154415F53495A45004A
:108990004E52465F4552524F525F54494D454F55D6
:1089A000540000004E52465F4552524F525F4E55A2
:1089B0004C4C00004E52465F4552524F525F464F5C
:1089C0005242494444454E004E52465F4552524F32
:1089D000525F494E56414C49445F41444452000065
:1089E0004E52465F4552524F525F42555359000016
:1089F0004E52465F4552524F525F434F4E4E5F4379
:108A00004F554E54000000004E52465F4552524FA3
:108A1000525F5245534F5552434553004E52465FA5
:108A20004552524F525F4D4F44554C455F4E4F5447
:108A30005F494E495449414C495A454400000000A1
:108A40004E52465F4552524F525F4D555445585F06
:108A5000494E49545F4641494C4544004E52465F99
:108A60004552524F525F4D555445585F4C4F434B02
:108A70005F4641494C4544004E52465F4552524F75
:108A8000525F4D555445585F554E4C4F434B5F46D2
:108A900041494C45440000004E52465F4552524FFA
:108AA000525F4D555445585F434F4E445F494E49C0
:108AB000545F4641494C4544000000004E52465F19
:108AC0004552524F525F4D4F44554C455F414C52B9
:108AD000454144595F494E495449414C495A4544DE
:108AE000000000004E52465F4552524F525F5354B1
:108AF0004F524147455F46554C4C00004E52465F31
:108B00004552524F525F4150495F4E4F545F494D5D
:108B1000504C454D454E5445440000004E52465F72
:108B20004552524F525F464541545552455F4E4F54
:108B3000545F454E41424C45440000004E52465F52
:108B40004552524F525F494F5F50454E44494E4740
:108B5000000000004E52465F4552524F525F445251
:108B6000565F5457495F4552525F4F5645525255D2
:108B70004E0000004E52465F4552524F525F4452E3
:108B8000565F5457495F4552525F414E41434B0037
:108B90004E52465F4552524F525F4452565F5457B1
:108BA000495F4552525F444E41434B004E52465F2F
:108BB0004552524F525F424C455F495053505F52AD
:108BC000585F504B545F5452554E434154454400F6
:108BD0004E52465F4552524F525F424C455F49509C
:108BE00053505F4348414E4E454C5F414C524541C6
:108BF00044595F4558495354530000004E52465F54
:108C00004552524F525F424C455F495053505F4C62
:108C1000494E4B5F444953434F4E4E4543544544A0
:108C2000000000004E52465F4552524F525F424C88
:108C3000455F495053505F504545525F52454A4544
:108C40004354454400000000556E6B6E6F776E20F4
:108C50006572726F7220636F64650000000000002F
:108C60005C88030001000000688803000200000027
:108C70008888030003000000AC88030004000000A3
:108C8000C088030005000000D4880300060000002F
:108C9000E8880300070000000089030008000000C6
:108CA0001889030009000000308903000A00000051
:108CB0004C8903000B000000648903000C000000D5
:108CC0007C8903000D000000908903000E00000065
:108CD000A48903000F000000B48903001000000005
:108CE000C889030011000000E089030012000000A1
:108CF000F089030013000000088A030080000000D0
:108D00001C8A030081000000408A030082000000EA
:108D10005C8A030083000000788A0300840000005E
:108D2000988A030085000000BC8A030086000000CA
:108D3000E48A030090000000FC8A03009100000018
:108D40001C8B0300920000003C8B0300008200009B
:108D5000548B030001820000748B03000282000028
:108D6000908B030000840000AC8B030001840000A2
:108D7000D08B030002840000FC8B030003840000FE
:108D8000248C03000000010101000000000000012C
:108D900001000000000000000100000001000000D0
:108DA000000000000D0E0F1011121314636C6F639E
:108DB0006B000000434C4F434B0000004750494FAD
:108DC00054450000505253005541525400000000D9
:108DD00055415254450000000D0003003DBC020007
:108DE0000E0003003DBC02000F0003003DBC02006A
:108DF000100003003DBC0200A0350020C03500205B
:108E0000E03500205761746368646F672074696D92
:108E1000656F7574212053797374656D2077696C63
:108E20006C2072657365742E000000005457493A37
:108E30002041646472657373204E41434B20726518
:108E400063656976656400005457493A204461744B
:108E500061204E41434B207265636569766564000D
:108E60004661696C656420746F20646973636F6E1A
:108E70006E65637420636F6E6E656374696F6E2ECA
:108E800020436F6E6E656374696F6E2068616E64F7
:108E90006C653A202564204572726F723A20256411
:108EA00000000000446973636F6E6E6563746564EF
:108EB00020636F6E6E656374696F6E2068616E64A7
:108EC0006C6520256400000050574D207374617458
:108ED000653A2025640000004C4544202564206F3D
:108EE0006E3A20256420757300000000626C655F97
:108EF0006164766572746973696E675F73746172B9
:108F0000742829206661696C65642E204572726F31
:108F10007220636F64653A2030782530385800003D
:108F2000506F776572206D616E6167656D656E74F7
:108F30002077616E747320746F207265736574207E
:108F4000746F20444655206D6F64652E000000004C
:108F50003D3D3D205354494D554C4154494F4E20C1
:108F6000434F4D504C45544544203D3D3D0000008D
:108F7000506F776572206D616E6167656D656E74A7
:108F800020616C6C6F77656420746F207265736507
:108F90007420746F20444655206D6F64652E000068
:108FA00044657669636520697320707265706172CB
:108FB000696E6720746F20656E74657220626F6FD2
:108FC000746C6F61646572206D6F64652E000000C3
:108FD000446973636F6E6E656374656420256420F5
:108FE0006C696E6B732E000044657669636520774B
:108FF000696C6C20656E74657220626F6F746C6F43
:1090000061646572206D6F64652E00005265717534
:1090100065737420746F20656E74657220626F6F63
:10902000746C6F61646572206D6F64652066616940
:109030006C6564206173796E6368726F6E656F75BD
:10904000736C792E00000000526571756573742091
:10905000746F2073656E64206120726573706F6E2B
:10906000736520746F20636C69656E742066616936
:109070006C65642E00000000556E6B6E6F776E207D
:109080006576656E742066726F6D20626C655F64D4
:1090900066755F627574746F6E6C6573732E000015
:1090A000436F6E6E656374656400000044697363AA
:1090B0006F6E6E6563746564000000005374696DC3
:1090C000756C6174696F6E20616C72656164792082
:1090D0006163746976652C2069676E6F72696E676B
:1090E0002074726967676572000000005457492058
:1090F000696E697469616C697A656420737563630C
:1091000065737366756C6C7900000000537461724E
:1091100074696E672049494D343236353220696EA4
:10912000697469616C697A6174696F6E2E2E2E00A4
:1091300054574920696E697469616C697A61746910
:109140006F6E206661696C6564207769746820655C
:1091500072726F723A203078253038580000000063
:1091600054574920696E697469616C697A617469E0
:109170006F6E206661696C65640000004661696C11
:10918000656420746F2077726974652057484F5F5B
:10919000414D5F492072656769737465722061642F
:1091A00064726573732E204572726F7220636F64F0
:1091B000653A2030782530385800000057726974BD
:1091C000696E6720746F20726561642057485F4143
:1091D0004D5F492072656769737465722074696DAB
:1091E0006564206F7574000057726974696E67203A
:1091F000746F20726561642057484F5F414D5F492D
:109200002072656769737465722074696D65642086
:109210006F75740052656164696E672057484F5FCF
:10922000414D5F4920726567697374657220746986
:109230006D6564206F7574004661696C65642074A7
:109240006F20726561642057484F5F414D5F492030
:1092500072656769737465722E204572726F722031
:10926000636F64653A20307825303858000000007C
:1092700057484F5F414D5F49207265676973746558
:10928000722076616C75653A20307825303258202E
:109290002865787065637465643A203078364629AD
:1092A0000000000057484F5F414D5F4920636865EB
:1092B000636B206661696C65642E20476F743A2089
:1092C0003078253032582C20457870656374656499
:1092D0003A2030783646000057484F5F414D5F498D
:1092E00020636865636B207061737365642C206311
:1092F0006F6E6669677572696E6720494D552E2ECF
:109300002E00000049494D2D343236353220696E29
:10931000697469616C697A6174696F6E20666169EC
:109320006C6564202D20494D552072656164696E1D
:10933000677320756E617661696C61626C650000AF
:109340004661696C656420746F20636F6E6669673F
:1093500075726520706F776572206D616E616765EB
:109360006D656E742E204572726F7220636F646536
:109370003A2030782530385800000000494D5520FB
:10938000706F77657220636F6E666967757261745E
:10939000696F6E2074696D6564206F7574000000DC
:1093A000506F776572206D616E6167656D656E7473
:1093B00020636F6E66696775726564207375636399
:1093C00065737366756C6C79000000004779726F85
:1093D00073636F706520636F6E6669677572617421
:1093E000696F6E2074696D6564206F75740000008C
:1093F0004661696C656420746F20636F6E6669678F
:10940000757265206779726F73636F70652E204582
:1094100072726F7220636F64653A2030782530383D
:10942000580000004779726F73636F706520636F37
:109430006E666967757265643A20313030487A2CFF
:1094400020C2B13230303064707300004661696C04
:10945000656420746F20636F6E666967757265203E
:10946000616363656C65726F6D657465722E20450E
:1094700072726F7220636F64653A203078253038DD
:1094800058000000416363656C65726F6D657465BB
:109490007220636F6E66696775726174696F6E20A2
:1094A00074696D6564206F757400000041636365C5
:1094B0006C65726F6D6574657220636F6E66696747
:1094C000757265643A20313030487A2C20C2B1314F
:1094D00036670000494D5520636F6E666967757287
:1094E0006174696F6E20636F6D706C6574652100C7
:1094F000494D5520636F6E66696775726174696F57
:109500006E206661696C65642E204572726F7220F0
:10951000636F64653A2030782530385800000000C9
:109520004661696C656420746F2077726974652088
:109530004354524C5F524547312E204572726F7230
:1095400020636F64653A2030782530385800000079
:109550004661696C656420746F2077726974652058
:109560004354524C5F524547322E204572726F72FF
:1095700020636F64653A2030782530385800000049
:109580004661696C656420746F2077726974652028
:109590004354524C5F524547332E204572726F72CE
:1095A00020636F64653A2030782530385800000019
:1095B0004C4953324D444C545220636F6E66696778
:1095C0007572656420666F7220636F6E74696E7564
:1095D0006F7573206D6F6465204020313030487A9C
:1095E0002E0000004661696C656420746F20637210
:1095F0006561746520494D552074696D6572000080
:10960000436F6E6E656374696F6E20696E74657208
:1096100076616C3A204D696E203D202564206D7383
:109620002C204D6178203D202564206D73000000C2
:109630005048592075706461746520726571756554
:1096400073742E004741545420436C69656E742036
:1096500054696D656F75742E0000000047415454C5
:10966000205365727665722054696D656F75742E2E
:10967000000000004D61676E65746F6D6574657202
:1096800020636F6E66696775726174696F6E2066BC
:1096900061696C65642E204572726F7220636F641D
:1096A000653A203078253038580000004C45442079
:1096B0006F66663A20256420757300004A4F4E2D70
:1096C0004F2D3030303100005761746368646F672C
:1096D0002074696D657220696E697469616C697A5C
:1096E00065642077697468202564206D732074692F
:1096F0006D656F7574000000457261736520626F5F
:109700006E647321000000004164766572746973B1
:10971000696E6720737461727465642E00000000C6
:1097200073657175656E63655F6C656E67746800FF
:109730006C65645F73656C656374696F6E000000CF
:109740006475726174696F6E000000007065726903
:109750006F64000070756C73655F7769647468008E
:10976000616D706C697475646500000070776D5F81
:10977000667265710000000072616D705F75705FE8
:1097800074696D650000000072616D705F646F77D1
:109790006E5F74696D65000000000000000000004D
:1097A000000000000000000000140100011401008E
:1097B0000214010004000306000000000CFFFFFF7C
:1097C0000700000040010200000000000200000449
:1097D0000000000000000000020000030000000084
:1097E00001000000D0070000060000000307060586
:1097F0000204010005060704030100020090004076
:10980000000400000200060000000000000000004C
:109810000338FDD870470000D86D00204437002081
:109820000100000020970300A06D0020603600209A
:109830005000000030970300646D002018360020AF
:109840001400000040970300A86D0020F4360020AB
:10985000140000004C970300B06D00200837002072
:109860001400000054970300486D002000360020CB
:109870000A00000060970300B86D00201C3700202C
:10988000280000006C970300D06D0020246E00209B
:109890001400000078970300C86D0020106E0020AF
:1098A000140000008897030038360020C8360020D6
:1098B000C06D002004000000000000000000000057
:1098C0000000000000300040000000000000000028
:1098D00053657474696E6720766563746F72207463
:1098E00061626C6520746F20626F6F746C6F61646D
:1098F00065723A2030782530387800004661696C0E
:1099000065642072756E6E696E672073645F736F35
:1099100066746465766963655F766563746F725FAC
:109920007461626C655F626173655F73657400008A
:109930004E6F20626F6F746C6F6164657220776127
:109940007320666F756E640053657474696E67206A
:10995000766563746F72207461626C6520746F2029
:109960006D61696E206170703A20307825303878EA
:10997000000000005465726D696E616C00000000AB
:1099800052545400534547474552000054686520DF
:109990006C6F63616C2064617461626173652068DF
:1099A0006173206368616E6765642C20736F207338
:1099B0006F6D6520737562736372697074696F6E21
:1099C0007320746F206E6F74696669636174696F68
:1099D0006E7320616E6420696E6469636174696F7F
:1099E0006E7320636F756C64206E6F7420626520E7
:1099F000726573746F72656420666F7220636F6E38
:109A00006E5F68616E646C65202564006773636DCA
:109A10005F6C6F63616C5F64625F63616368655F05
:109A20006170706C7928292072657475726E656436
:109A30002025732077686963682073686F756C648C
:109A4000206E6F742068617070656E2E20636F6E7B
:109A50006E5F68616E646C653A20256400000000EA
:109A6000466C6173682066756C6C2E20436F756C54
:109A700064206E6F742073746F726520646174610A
:109A800020666F7220636F6E6E5F68616E646C65D6
:109A90003A202564000000006773636D5F6C6F639C
:109AA000616C5F64625F63616368655F7570646168
:109AB000746528292072657475726E65642025733B
:109AC00020666F7220636F6E6E5F68616E646C6596
:109AD0003A20256400000000556E65787065637457
:109AE0006564206572726F72207768656E206C6F96
:109AF0006F6B696E6720666F72207365727669633B
:109B000065206368616E67656420434343443A207F
:109B1000257300006773636D5F73657276696365B3
:109B20005F6368616E6765645F696E645F73656ECD
:109B30006428292072657475726E6564202573200F
:109B4000666F7220636F6E6E5F68616E646C653AFB
:109B500020256400436F756C64206E6F7420616310
:109B6000717569726520636F6E6E5F737461746581
:109B7000207573657220666C6167732E20496E6371
:109B8000726561736520424C455F434F4E4E5F5393
:109B9000544154455F555345525F464C41475F43DE
:109BA0004F554E5420696E2074686520626C655F65
:109BB000636F6E6E5F7374617465206D6F64756C36
:109BC000652E000043415220636861722076616C0B
:109BD000756520636F756C646E27742062652073F1
:109BE000746F72656420286572726F723A202573F3
:109BF000292E205265617474656D70742077696CCC
:109C00006C2068617070656E206F6E2074686520CE
:109C10006E65787420636F6E6E656374696F6E2E07
:109C200000000000556E65787065637465642047B8
:109C300041545420737461747573207768696C653E
:109C40002067657474696E672043415220636861C0
:109C5000722076616C75653A2030782578000000B6
:109C60004D756C7469706C6520282564292043410A
:109C700052206368617261637465726973746963A9
:109C80007320666F756E642C207573696E6720741F
:109C900068652066697273742E000000556E6578E1
:109CA000706563746564204341522063686172612A
:109CB0006374657269737469632076616C7565207D
:109CC0006C656E67746820282564292C2073746F76
:109CD000726520302E000000706565725F6D616EE8
:109CE000616765725F67636D000000000100FFFF40
:109CF00000000000010000007064735F7065657211
:109D00005F646174615F73746F7265282920726586
:109D10007475726E6564202573207768696C6520A0
:109D200073746F72696E67207365727669636520FC
:109D30006368616E676564737461746520666F72D1
:109D400020706565722069642025642E0000000083
:109D50007064625F706565725F646174615F707486
:109D6000725F67657428292072657475726E656408
:109D700020257320666F7220636F6E6E5F68616E60
:109D8000646C653A202564004C6F63616C206462EA
:109D900020697320616C726561647920757020742C
:109DA0006F20646174652C20736B697070696E67D5
:109DB0002077726974652E0044696420616E6F7447
:109DC00068657220746872656164206D616E697087
:109DD000756C61746520504D5F504545525F44413C
:109DE00054415F49445F474154545F4C4F43414C99
:109DF00020666F7220706565725F6964202564203B
:109E00006174207468652073616D652074696D6587
:109E10003F207064625F77726974655F6275665F28
:109E200072656C6561736528292072657475726E40
:109E300065642025732E000073645F626C655F6744
:109E4000617474735F7379735F617474725F736547
:109E50007428292072657475726E6564204E5246AE
:109E60005F4552524F525F494E56414C49445F4400
:109E700041544120666F72204E554C4C20706F69E2
:109E80006E7465722077686963682073686F756C9B
:109E900064206E657665722068617070656E2E2034
:109EA000636F6E6E5F68616E646C653A2025640056
:109EB00073645F626C655F67617474735F696E6918
:109EC0007469616C5F757365725F68616E646C65FF
:109ED0005F67657428292072657475726E656420E9
:109EE00025732077686963682073686F756C6420D8
:109EF0006E6F742068617070656E2E00706565729B
:109F00005F6D616E616765725F6773636D0000000E
:109F100001000100209F030001000100249F0300B5
:109F20000100000000000000706565725F6D616EE9
:109F3000616765725F696D005570646174696E6711
:109F40002064617461206C656E67746820746F2092
:109F50002575206F6E20636F6E6E656374696F6E1A
:109F600020307825782E000073645F626C655F672F
:109F700061705F646174615F6C656E6774685F7562
:109F80007064617465282920287265717565737421
:109F900029206F6E20636F6E6E656374696F6E202B
:109FA000307825782072657475726E65642025732B
:109FB0002E000000546865207265717565737465C4
:109FC000642054582F5258207061636B6574206C64
:109FD000656E67746820697320746F6F206C6F6E94
:109FE000672062792025752F2575206F637465744D
:109FF000732E000054686520726571756573746511
:10A000006420636F6D62696E6174696F6E206F6644
:10A0100020545820616E64205258207061636B6533
:10A0200074206C656E6774687320697320746F6F39
:10A03000206C6F6E67206279202575206D696372D0
:10A040006F7365636F6E64732E00000052657175E7
:10A05000657374696E6720746F20757064617465D0
:10A0600020415454204D545520746F202575206292
:10A0700079746573206F6E20636F6E6E65637469AB
:10A080006F6E20307825782E0000000073645F62C8
:10A090006C655F67617474635F65786368616E6740
:10A0A000655F6D74755F72657175657374282920BD
:10A0B0006F6E20636F6E6E656374696F6E203078AB
:10A0C00025782072657475726E6564206275737987
:10A0D0002C2077696C6C2072657472792E000000F8
:10A0E00073645F626C655F67617474635F657863F6
:10A0F00068616E67655F6D74755F726571756573B4
:10A100007428292072657475726E65642025732E1B
:10A1100000000000415454204D5455207570646176
:10A1200074656420746F20257520627974657320CE
:10A130006F6E20636F6E6E656374696F6E2030782A
:10A1400025782028726573706F6E7365292E000064
:10A1500050656572206F6E20636F6E6E6563746903
:10A160006F6E20307825782072657175657374651F
:10A170006420616E20415454204D5455206F662058
:10A1800025752062797465732E0000005570646136
:10A1900074696E6720415454204D545520746F20CB
:10A1A000257520627974657320286465736972650A
:10A1B000643A20257529206F6E20636F6E6E65638B
:10A1C00074696F6E20307825782E000073645F62AA
:10A1D0006C655F67617474735F65786368616E67EF
:10A1E000655F6D74755F7265706C79282920726582
:10A1F0007475726E65642025732E0000446174616D
:10A20000206C656E67746820757064617465642085
:10A21000746F202575206F6E20636F6E6E6563749A
:10A22000696F6E2030782530782E00006D61785F80
:10A2300072785F6F63746574733A2025750000004F
:10A240006D61785F74785F6F63746574733A20250D
:10A25000750000006D61785F72785F74696D653AB2
:10A26000202575006D61785F74785F74696D653A5B
:10A270002025750050656572206F6E20636F6E6ECD
:10A28000656374696F6E203078257820726571750A
:10A29000657374656420612064617461206C656E0F
:10A2A000677468206F662025752062797465732E47
:10A2B0000000000052657175657374696E672074E3
:10A2C0006F2075706461746520415454204D54555D
:10A2D00020746F202575206279746573206F6E205D
:10A2E000636F6E6E656374696F6E203078257820B9
:10A2F000287265747279292E000000006E72665F04
:10A30000626C655F6761747400000000436F756C78
:10A3100064206E6F742064656C657465207065657B
:10A320007220646174612E206664735F66696C6577
:10A330005F64656C65746528292072657475726E3A
:10A340006564203078257820666F722070656572AC
:10A350005F69643A20256400436F756C64206E6FFA
:10A360007420696E697469616C697A6520666C61D4
:10A3700073682073746F726167652E206664735F03
:10A3800072656769737465722829207265747572C5
:10A390006E656420307825782E000000436F756C60
:10A3A00064206E6F7420696E697469616C697A6586
:10A3B00020666C6173682073746F726167652E200C
:10A3C0006664735F696E697428292072657475729A
:10A3D0006E656420307825782E000000436F756C20
:10A3E00064206E6F74207772697465206461746193
:10A3F00020746F20666C6173682E206664735F72D0
:10A4000065636F72645F7B77726974657C75706475
:10A410006174657D28292072657475726E6564208B
:10A42000307825782E20706565725F69643A202542
:10A4300064000000706565725F6D616E61676572D2
:10A440005F70647300000000706D5F627566666522
:10A45000725F7074725F676574282920636F756C12
:10A4600064206E6F7420726574726965766520521F
:10A47000414D206275666665722E20626C6F636B5B
:10A480005F69643A202564007064735F706565726B
:10A490005F646174615F73746F72652829207265EF
:10A4A0007475726E65642025732E20706565725F09
:10A4B00069643A2025640000536F6D6520706565FE
:10A4C00072206461746120776173206E6F742070F4
:10A4D000726F7065726C79207772697474656E2022
:10A4E000746F20666C6173682E2077726974655F83
:10A4F0006275665F73746F72652829207265747562
:10A50000726E656420257320666F722070656572B7
:10A510005F69643A20256400504D5F4255464645C8
:10A52000525F494E495428292072657475726E65D0
:10A53000642025732E000000506565722049442078
:10A54000256420776173206E6F742070726F706560
:10A55000726C792072656C65617365642E2070641D
:10A56000735F706565725F69645F667265652829EF
:10A570002072657475726E65642025732E20706577
:10A5800065725F69643A20256400000043616E6E65
:10A590006F742073746F7265206461746120746FCE
:10A5A00020666C61736820626563617573652070F5
:10A5B0006D5F6275666665725F7074725F67657401
:10A5C000282920636F756C64206E6F742072657427
:10A5D00072696576652052414D20627566666572C6
:10A5E0002E20497320626C6F636B5F696420256461
:10A5F000206E6F7420616C6C6F63617465643F00E2
:10A60000706565725F6D616E616765725F706462CF
:10A6100000000000436F756C64206E6F74207265DB
:10A620007472656976652072616E6B732E2070643A
:10A63000625F706565725F646174615F6C6F6164B5
:10A6400028292072657475726E65642025732E202A
:10A65000706565725F69643A2025640046696C74B0
:10A660006572696E6720424C45206576656E742080
:10A67000776974682049443A20307825303458206E
:10A68000746172676574696E67203078253034585C
:10A6900020636F6E6E656374696F6E2068616E64AF
:10A6A0006C6500002573206661696C6564206265D5
:10A6B0006361757365207064735F696E69742829BE
:10A6C0002072657475726E65642025732E0000001B
:10A6D0002573206661696C656420626563617573CA
:10A6E00065207064625F696E6974282920726574E0
:10A6F00075726E65642025732E0000002573206638
:10A7000061696C6564206265636175736520736D52
:10A710005F696E697428292072657475726E65644C
:10A720002025732E000000002573206661696C658A
:10A7300064206265636175736520736D645F696E23
:10A74000697428292072657475726E65642025739A
:10A750002E0000002573206661696C6564206265C7
:10A7600063617573652067636D5F696E697428291D
:10A770002072657475726E65642025732E0000006A
:10A780002573206661696C65642062656361757319
:10A7900065206773636D5F696E697428292072652F
:10A7A0007475726E65642025732E00002573282948
:10A7B000206661696C6564206265636175736520FC
:10A7C000612063616C6C20746F20706D5F706565D3
:10A7D000725F64656C657465282920726574757292
:10A7E0006E65642025732E20706565725F69643A1A
:10A7F00020256400436F756C64206E6F7420757043
:10A80000646174652072616E6B2E207064625F7289
:10A8100061775F73746F7265282920726574757231
:10A820006E65642025732E20706565725F69643AD9
:10A8300020256400706565725F6D616E6167657289
:10A840000000000001000600B4740020706D5F700D
:10A85000656572735F64656C65746500706D5F69D2
:10A860006E697400417474656D7074696E672074EC
:10A870006F20636C65616E20666C6173682E0000EA
:10A8800044656C6574696E67206C6F7765737420BE
:10A8900072616E6B656420706565722028706565F5
:10A8A000725F69643A20256429000000546865726B
:10A8B0006520617265206E6F20706565727320740B
:10A8C0006F2064656C6574652E00000050656572CC
:10A8D0002072616E6B732066756E6374696F6E6152
:10A8E0006C6974792069732064697361626C656452
:10A8F0002C20736F206E6F207065657273206172FB
:10A90000652064656C657465642E000052756E6E1A
:10A91000696E6720666C6173682067617262616747
:10A920006520636F6C6C656374696F6E2E00000048
:10A93000706D5F706565725F72616E6B5F6869678D
:10A940006865737428292072657475726E65642059
:10A95000257320666F7220706565722069642025FA
:10A9600064000000504D5F434F4E4E5F5345435FC0
:10A970004552524F525F444953434F4E4E45435404
:10A9800000000000504D5F434F4E4E5F5345435F04
:10A990004552524F525F4D49435F4641494C5552D3
:10A9A00045000000504D5F434F4E4E5F5345435F9F
:10A9B0004552524F525F50494E5F4F525F4B45597F
:10A9C0005F4D495353494E4700000000504D5F43CF
:10A9D0004F4E4E5F5345435F4552524F525F534D6A
:10A9E000505F54494D454F5554000000424C455F5F
:10A9F0004741505F5345435F535441545553000002
:10AA0000504D5F434F4E4E5F5345435F4552524F4B
:10AA1000520000004576656E74202573000000002A
:10AA200050726576696F75736C7920626F6E6465BC
:10AA300064207065657220636F6E6E656374656413
:10AA40003A20726F6C653A2025732C20636F6E6E0E
:10AA50005F68616E646C653A2025642C20706565C2
:10AA6000725F69643A20256400000000436F6E6ED7
:10AA7000656374696F6E20636F6E66696775726176
:10AA800074696F6E207265717565737400000000E3
:10AA9000436F6E6E656374696F6E20736563757264
:10AAA0006974792070726F63656475726520737460
:10AAB00061727465643A20726F6C653A2025732C5C
:10AAC00020636F6E6E5F68616E646C653A2025640A
:10AAD0002C2070726F6365647572653A202573006F
:10AAE000436F6E6E656374696F6E20736563757214
:10AAF00065643A20726F6C653A2025732C20636F71
:10AB00006E6E5F68616E646C653A2025642C2070FF
:10AB1000726F6365647572653A20257300000000EA
:10AB2000436F6E6E656374696F6E207365637572D3
:10AB3000697479206661696C65643A20726F6C652E
:10AB40003A2025732C20636F6E6E5F68616E646CB3
:10AB5000653A20307825782C2070726F63656475B3
:10AB600072653A2025732C206572726F723A202527
:10AB7000640000002573203078256878000000000C
:10AB80004572726F7220286465636F646564293A48
:10AB900020257300536563757269747920636F6E45
:10ABA00066696775726174696F6E2072657175652B
:10ABB00073740000536563757269747920706172F3
:10ABC000616D6574657220726571756573740000DE
:10ABD000466C6173682073746F7261676520697376
:10ABE0002066756C6C000000556E65787065637446
:10ABF000656420666174616C206572726F72206F8B
:10AC0000636375727265643A206572726F723A207E
:10AC1000257300002C206E6F206368616E676500ED
:10AC2000506565722064617461207570646174653B
:10AC30006420696E20666C6173683A207065657285
:10AC40005F69643A2025642C20646174615F6964E3
:10AC50003A2025732C20616374696F6E3A20257346
:10AC60002573000050656572206461746120757001
:10AC70006461746564206661696C65643A2070651E
:10AC800065725F69643A2025642C20646174615F99
:10AC900069643A2025732C20616374696F6E3A20D1
:10ACA00025732C206572726F723A202573000000A4
:10ACB000506565722064656C6574656420737563A6
:10ACC0006365737366756C6C793A20706565725F45
:10ACD00069643A2025640000506565722064656CE3
:10ACE0006574696F6E206661696C65643A20706591
:10ACF00065725F69643A2025642C206572726F72F8
:10AD00003A20257300000000416C6C20706565726C
:10AD1000732064656C657465642E0000416C6C2062
:10AD2000706565722064656C6574696F6E2066611C
:10AD3000696C65643A206572726F723A20257300FF
:10AD400050726576696F75736C792073746F726574
:10AD500064206C6F63616C204442206170706C6988
:10AD600065643A20636F6E6E5F68616E646C653A0D
:10AD70002025642C20706565725F69643A20256423
:10AD8000000000004C6F63616C20444220636F75CB
:10AD90006C64206E6F74206265206170706C6965F0
:10ADA000643A20636F6E6E5F68616E646C653A2012
:10ADB00025642C20706565725F69643A2025640003
:10ADC00053656E64696E67205365727669636520AA
:10ADD0004368616E67656420696E64696361746964
:10ADE0006F6E2E0053657276696365204368616EED
:10ADF00067656420696E6469636174696F6E20635E
:10AE00006F6E6669726D65642E0000005365637530
:10AE10007269747920526571756573742072656307
:10AE200065697665642066726F6D20706565722E47
:10AE300000000000466C61736820676172626167A0
:10AE40006520636F6C6C656374696F6E20636F6DF2
:10AE5000706C6574652E0000466C617368206761D4
:10AE6000726261676520636F6C6C656374696F6E95
:10AE7000206661696C656420776974682065727208
:10AE80006F722025732E0000556E657870656374AF
:10AE9000656420504D206576656E742049443A20E3
:10AEA000307825782E000000416C7265616479204D
:10AEB000656E637279707465642C20736B69707051
:10AEC000696E672073656375726974792E0000007E
:10AED000706D5F636F6E6E5F736563757265282951
:10AEE000206661696C6564206265636175736520C5
:10AEF000616E20534D502074696D656F75742069C3
:10AF0000732070726576656E74696E672073656311
:10AF10007572697479206F6E20746865206C696E33
:10AF20006B2E20446973636F6E6E656374696E6720
:10AF300020636F6E6E5F68616E646C652025642EA1
:10AF40000000000073645F626C655F6761705F643E
:10AF50006973636F6E6E65637428292072657475FA
:10AF6000726E6564202573206F6E20636F6E6E5F56
:10AF700068616E646C652025642E0000706D5F63EF
:10AF80006F6E6E5F736563757265282920666169EF
:10AF90006C65642062656361757365207468652003
:10AFA00073746F726564206461746120666F7220CF
:10AFB000636F6E6E5F68616E646C652025642064EB
:10AFC0006F6573206E6F74206861766520612076EE
:10AFD000616C6964206B65792E000000706D5F63A1
:10AFE0006F6E6E5F7365637572652829206661698F
:10AFF0006C6564206265636175736520636F6E6E56
:10B000005F68616E646C65202564206973206E6FD3
:10B010007420612076616C696420636F6E6E656375
:10B0200074696F6E2E000000417373657274696EEF
:10B03000672E20706D5F636F6E6E5F7365637572F0
:10B040006528292072657475726E656420257320E9
:10B050006F6E20636F6E6E5F68616E646C65202535
:10B06000642E0000417373657274696E672E000070
:10B07000446973636F6E6E656374696E6720636F96
:10B080006E6E5F68616E646C652025642E00000042
:10B09000557064617465000044656C6574650000FA
:10B0A0004F757464617465642028302900000000C5
:10B0B00053657276696365206368616E67656420B5
:10B0C00070656E64696E6720666C616700000000E1
:10B0D0004F75746461746564202832290000000093
:10B0E0004F75746461746564202833290000000082
:10B0F0004170706C69636174696F6E206461746122
:10B100000000000052656D6F7465206461746162B7
:10B1100061736500506565722072616E6B0000009E
:10B12000426F6E64696E67206461746100000000A4
:10B130004C6F63616C2064617461626173650000CF
:10B1400043656E7472616C20616464726573732010
:10B150007265736F6C7574696F6E0000504D5F455A
:10B1600056545F424F4E4445445F504545525F43FD
:10B170004F4E4E454354454400000000504D5F453E
:10B1800056545F434F4E4E5F434F4E4649475F52C2
:10B1900045510000504D5F4556545F434F4E4E5F42
:10B1A0005345435F5354415254000000504D5F4596
:10B1B00056545F434F4E4E5F5345435F5355434391
:10B1C0004545444544000000504D5F4556545F439B
:10B1D0004F4E4E5F5345435F4641494C4544000046
:10B1E000504D5F4556545F434F4E4E5F5345435F4E
:10B1F000434F4E4649475F5245510000504D5F4511
:10B2000056545F434F4E4E5F5345435F504152414A
:10B210004D535F5245510000504D5F4556545F53AA
:10B22000544F524147455F46554C4C00504D5F4589
:10B2300056545F4552524F525F554E455850454304
:10B2400054454400504D5F4556545F504545525F4C
:10B25000444154415F5550444154455F5355434325
:10B260004545444544000000504D5F4556545F50ED
:10B270004545525F444154415F5550444154455FF8
:10B280004641494C45440000504D5F4556545F507F
:10B290004545525F44454C4554455F5355434345EE
:10B2A0004544454400000000504D5F4556545F50F2
:10B2B0004545525F44454C4554455F4641494C45E0
:10B2C00044000000504D5F4556545F504545525371
:10B2D0005F44454C4554455F5355434345454445BC
:10B2E00044000000504D5F4556545F504545525351
:10B2F0005F44454C4554455F4641494C4544000038
:10B30000504D5F4556545F4C4F43414C5F44425F44
:10B3100043414348455F4150504C4945440000007B
:10B32000504D5F4556545F4C4F43414C5F44425F24
:10B3300043414348455F4150504C595F4641494C59
:10B3400045440000504D5F4556545F5345525649A1
:10B3500043455F4348414E4745445F494E445F5330
:10B36000454E5400504D5F4556545F534552564923
:10B3700043455F4348414E4745445F494E445F4320
:10B380004F4E4649524D454400000000504D5F4528
:10B3900056545F534C4156455F53454355524954AB
:10B3A000595F524551000000504D5F4556545F466D
:10B3B0004C4153485F474152424147455F434F4CE0
:10B3C0004C45435445440000504D5F4556545F463C
:10B3D0004C4153485F474152424147455F434F4CC0
:10B3E0004C454354494F4E5F4641494C454400004B
:10B3F000456E6372797074696F6E0000426F6E649F
:10B40000696E670050616972696E6700496E7661A6
:10B410006C696420526F6C650000000050657269B1
:10B4200070686572616C000043656E7472616C00D7
:10B43000706565725F6D616E616765725F68616E90
:10B44000646C65720000000090B0030098B00300C7
:10B45000A0B00300B0B00300D0B00300E0B0030020
:10B46000F0B0030004B1030014B1030020B10300E5
:10B4700030B1030040B103005CB103007CB10300B4
:10B4800094B10300ACB10300C8B10300E0B1030004
:10B49000FCB1030018B203002CB2030044B2030055
:10B4A00068B2030088B20300A8B20300C4B203006C
:10B4B000E4B2030000B3030020B3030044B303006D
:10B4C00064B303008CB30300A8B30300C8B3030044
:10B4D0000CB403001CB4030028B40300F0B3030051
:10B4E000FCB3030004B40300436F756C64206E6FFB
:10B4F0007420636C65616E2075702061667465727E
:10B50000206661696C656420626F6E64696E672095
:10B5100070726F6365647572652E207064625F7708
:10B52000726974655F6275665F72656C656173658B
:10B5300028292072657475726E65642025732E202B
:10B54000636F6E6E5F68616E646C653A2025642E71
:10B5500000000000436F756C64206E6F742072658C
:10B560007472696576652052414D20627566666524
:10B570007220666F7220696E636F6D696E672062FC
:10B580006F6E642E207064625F77726974655F62AB
:10B5900075665F67657428292072657475726E65BB
:10B5A000642025732E20636F6E6E5F68616E646C1D
:10B5B000653A202564000000696D5F626C655F611B
:10B5C0006464725F67657428292072657475726E91
:10B5D00065642025732E20636F6E6E5F68616E64F4
:10B5E0006C653A2025642E204C696E6B2077617360
:10B5F000206C696B656C7920646973636F6E6E652E
:10B60000637465642E000000436F756C64206E6F78
:10B61000742072657472696576652073746F7265E3
:10B620006420626F6E642E207064625F7065657264
:10B630005F646174615F7074725F6765742829204C
:10B6400072657475726E65642025732E2070656551
:10B65000725F69643A2025640000000073645F62D1
:10B660006C655F6761705F7365635F696E666F5F6E
:10B670007265706C7928292072657475726E6564C4
:10B68000204E52465F45524F525F494E56414C49FB
:10B69000445F53544154452C20776869636820699E
:10B6A0007320616E6572726F7220756E6C65737354
:10B6B00020746865206C696E6B20697320646973FF
:10B6C000636F6E6E656374696E672E00436F756C91
:10B6D00064206E6F7420636F6D706C657465206597
:10B6E0006E6372797074696F6E2070726F636564D7
:10B6F0007572652E2073645F626C655F6761705F51
:10B700007365635F696E666F5F7265706C79282917
:10B710002072657475726E65642025732E20636FC8
:10B720006E6E5F68616E646C653A2025642C2070D3
:10B730006565725F69643A2025642E0052414D2090
:10B7400062756666657220666F72206E657720622C
:10B750006F6E642077617320756E617661696C61CC
:10B76000626C652E207064625F77726974655F62D7
:10B7700075665F67657428292072657475726E65D9
:10B78000642025732E20636F6E6E5F68616E646C3B
:10B79000653A2025642E0000436F756C64206E6F3F
:10B7A0007420616C6C6F63617465206E65772070C6
:10B7B0006565725F696420666F7220696E636F6D84
:10B7C000696E6720626F6E642E000000436F756CB7
:10B7D00064206E6F742073746F726520626F6E6484
:10B7E0002E207064625F77726974655F6275665F50
:10B7F00073746F726528292072657475726E656442
:10B800002025732E20636F6E6E5F68616E646C65B9
:10B810003A2025642C20706565725F69643A2025A2
:10B8200064000000706565725F6D616E61676572CE
:10B830005F736D640000000043616E6E6F7420736F
:10B840006563757265206C696E6B206265636175F6
:10B85000736520612070726576696F7573207365FA
:10B860006375726974792070726F6365647572654F
:10B8700020656E64656420696E2074696D656F75FE
:10B88000742E20446973636F6E6E65637420616EFD
:10B89000642072657472792E20736D645F706172BA
:10B8A000616D735F7265706C792829206F722073E7
:10B8B0006D645F6C696E6B5F736563757265282973
:10B8C0002072657475726E6564204E52465F4552F3
:10B8D000524F525F54494D454F55542E20636F6E61
:10B8E0006E5F68616E646C653A202564000000003C
:10B8F000436F756C64206E6F7420706572666F7232
:10B900006D2073656375726974792070726F6365F9
:10B91000647572652E20736D645F706172616D7302
:10B920005F7265706C792829206F7220736D645F77
:10B930006C696E6B5F73656375726528292072652B
:10B940007475726E65642025732E20636F6E6E5F52
:10B9500068616E646C653A2025640000436F756C05
:10B9600064206E6F7420706572666F726D207365EF
:10B970006375726974792070726F6365647572653E
:10B980002E20736D645F6C696E6B5F736563757297
:10B990006528292072657475726E65642025732E82
:10B9A00020636F6E6E5F68616E646C653A2025641B
:10B9B00000000000706565725F6D616E61676572A1
:10B9C0005F736D006E72665F73646800010000074C
:10B9D00094C003009CC0030008000000B4C0030032
:10B9E000C4C00300080000009CC00300B4C00300F2
:10B9F0000800000073645F626C655F6366675F7375
:10BA0000657428292072657475726E6564202573CB
:10BA1000207768656E20617474656D7074696E67F7
:10BA200020746F2073657420424C455F434F4E4E27
:10BA30005F4346475F4741502E00000073645F62DA
:10BA40006C655F6366675F7365742829207265742F
:10BA500075726E6564202573207768656E20617449
:10BA600074656D7074696E6720746F2073657420DF
:10BA7000424C455F4741505F4346475F524F4C45FC
:10BA80005F434F554E542E0073645F626C655F6375
:10BA900066675F73657428292072657475726E65B8
:10BAA00064202573207768656E20617474656D70FD
:10BAB00074696E6720746F2073657420424C455F13
:10BAC000434F4E4E5F4346475F474154542E00005C
:10BAD00073645F626C655F6366675F736574282972
:10BAE0002072657475726E656420257320776865B1
:10BAF0006E20617474656D7074696E6720746F2058
:10BB000073657420424C455F434F4D4D4F4E5F432C
:10BB100046475F56535F555549442E0073645F6234
:10BB20006C655F6366675F7365742829207265744E
:10BB300075726E6564202573207768656E20617468
:10BB400074656D7074696E6720746F2073657420FE
:10BB5000424C455F47415454535F4346475F41540D
:10BB600054525F5441425F53495A452E0000000031
:10BB700073645F626C655F6366675F7365742829D1
:10BB80002072657475726E65642025732077686510
:10BB90006E20617474656D7074696E6720746F20B7
:10BBA00073657420424C455F47415454535F43468C
:10BBB000475F534552564943455F4348414E4745C9
:10BBC000442E0000496E73756666696369656E741C
:10BBD0002052414D20616C6C6F6361746564206616
:10BBE0006F722074686520536F667444657669636C
:10BBF000652E00004368616E676520746865205299
:10BC0000414D207374617274206C6F636174696F4D
:10BC10006E2066726F6D203078257820746F20302A
:10BC20007825782E000000004D6178696D756D20D3
:10BC300052414D2073697A6520666F722061707081
:10BC40006C69636174696F6E206973203078257840
:10BC50002E00000073645F626C655F656E61626CEC
:10BC60006528292072657475726E65642025732EAF
:10BC7000000000006E72665F7364685F626C65004E
:10BC800040BF030080BF0300080000006E72665FC3
:10BC90007364685F736F630080BF0300A0BF03001D
:10BCA0000800000054494D455200000050574D0017
:10BCB0000338FDD8704700005457490057445400DA
:10BCC00044756D6D79206576656E742068616E646B
:10BCD0006C6572207265636569766564206576655A
:10BCE0006E74203078257800496E20626C655F6440
:10BCF00066755F627574746F6E6C6573735F626F87
:10BD00006F746C6F616465725F73746172745F6687
:10BD1000696E616C697A650D0A00000050EADA30DC
:10BD20008883B89F604F15F30000C98E5468652062
:10BD3000626F6F746C6F61646572206861732077E5
:10BD4000726974652070726F7465637465642069CC
:10BD500074732073657474696E67732070616765AE
:10BD60002E20546869732070726F686962697473F9
:10BD70002073657474696E672074686520616476E9
:10BD80006572746973696E67206E616D652E2054EB
:10BD9000686520626F6F746C6F61646572206D7589
:10BDA000737420626520636F6D70696C65642077C1
:10BDB000697468204E52465F424C5F534554544963
:10BDC0004E47535F504147455F50524F544543548F
:10BDD0003D3020746F20616C6C6F772073657474D4
:10BDE000696E672074686520616476657274697332
:10BDF000696E67206E616D652E00000053414144FD
:10BE0000430000202020202020202020282828282F
:10BE1000282020202020202020202020202020201A
:10BE2000202020881010101010101010101010106A
:10BE3000101010040404040404040404041010107A
:10BE40001010101041414141414101010101010126
:10BE500001010101010101010101010101011010B4
:10BE600010101010424242424242020202020202FA
:10BE70000202020202020202020202020202101086
:10BE80001010200000000000000000000000000072
:10BE900000000000000000000000000000000000A2
:10BEA0000000000000000000000000000000000092
:10BEB0000000000000000000000000000000000082
:10BEC0000000000000000000000000000000000072
:10BED0000000000000000000000000000000000062
:10BEE0000000000000000000000000000000000052
:10BEF0000000000000000000000000000000000042
:10BF0000000000006C370020232D302B2000686CCF
:10BF10004C0065666745464700303132333435366C
:10BF200037383941424344454600303132333435A5
:10BF300036373839616263646566000000000000CE
:10BF40003DF702000000000061C102000000000097
:10BF5000FDF0020014690020A91403006C6D00209C
:10BF6000F5FD020000000000612703000000000052
:10BF700099650300CC75002021D00200000000006C
:10BF800095A50200000000003DB202000000000084
:10BF9000A1C2020000000000C5670300000000000D
:04BFA00031CB02009F
:10BFA400B48D030000000000BC8D030000000000FD
:10BFB400C48D030000000000ACBC030000000000BE
:10BFC400FCBD030000000000A4BC0300000000004E
:10BFD400B8BC030000000000C88D0300000000008E
:10BFE400D08D030000000000BCBC03000000000072
:10BFF400788403000000040464850300000000004A
:10C004009085030000000000AC8D030000000000D8
:10C01400FCA2030000000404C08703000000040421
:10C02400C4B903000000030374BC0300000003034D
:10C034008CBC03000000030334A8030000000404C4
:10C04400D89C030000000404FC9E030000000404C8
:10C0540030B4030000000404289F0300000004041B
:10C0640000A603000000040434A403000000040438
:10C07400B4B903000000040424B80300000004045D
:10C08400388803000000000050880300000000000E
:08C0940015A4020000000000E9
:10C09C0069A702000000000065B202000000000069
:08C0AC00C5C402000000000001
:10C0B400194E0300000000008D5003000000000032
:10C0C4004884030000000000548403006835002005
:10C0D400483800201039002018390020503800203A
:04C0E4001800000040
:08C0E80058A1FE7F01000000D9
:10C0F00000000000FF000000000000000000000041
:10C10000FFFFFFFFFFFFFFFF000000000000000037
:10C1100000000000000000000010014011000400B9
:10C120000090D003000000000000000000000000AC
:10C13000FFFFFFFFFFFFFFFF000000000000000007
:10C1400000000000000000000000000000000000EF
:10C15000FFFFFFFFFFFFFFFF0000000000000000E7
:10C1600000000000000000000000000000000000CF
:10C17000FFFFFFFFFFFFFFFF0000000000000000C7
:10C18000000000000000000064000000000000004B
:10C19000000000004A4F4E2D4F2D3030303100004E
:10C1A0002602000000000000000000000000000067
:10C1B00000000000323032362D4A616E2D323300DD
:10C1C0000000000000000000FFFFFFFFFFFFFFFF77
:10C1D000000000000000000000000000000000005F
:10C1E0006400000000000000FFFFFFFFFFFFFFFFF3
:10C1F000000000000000000000000000000000003F
:10C20000000000000000000000000000000000002E
:10C21000000000000000000000000000000000001E
:10C22000000000000000000000000000000000000E
:10C230000000000000000000F0EFCDAB7856341293
:10C240003412785634127856FFFF000000000000C8
:10C250000000000000000000FFFFFFFFFFFFFFFFE6
:10C2600000000000000000000000000000000000CE
:10C2700000C0014000000000020000006400000057
:10C2800000000000000000000000000000000000AE
:10C29000010000000000000000000000000000009D
:10C2A0000000000050C3000000000000000000007B
:10C2B000000000000000000000000000000000007E
:10C2C000000000000000000000000000010100006C
:10C2D000626C756500180100FFFFFFFFFFFFFFFFA5
:10C2E000FFFFFFFFFFFFFFFF181818181818181896
:10C2F0006C3700200000000000000000000000007B
:10C30000000000000000000000000000000000002D
:10C31000000000000000000000000000000000001D
:10C32000000000000000000000000000000000000D
:10C3300000000000000000000000000000000000FD
:10C3400000000000000000000000000000000000ED
:0CC35000000000002562020001620200F3
:10C35C000000000000000000DD8A02000000000068
:04C36C0000000000CD
:04000003200062BDBA
:00000001FF
