:020000022000DC
:1060000000000120BD620200E5620200E7620200BA
:10601000E9620200EB620200ED6202000000000093
:10602000000000000000000000000000EF6202001D
:10603000F162020000000000F3620200F56202005B
:1060400095B30200F7620200C5BB0200915E030037
:10605000F7620200F762020081B702003D680300A8
:10606000F76202004D520300A5520300F7620200DE
:10607000F7620200F7620200F7620200F7620200B4
:10608000F762020031800200F7620200F76202004C
:10609000F7620200F7620200354D0300F76202006A
:1060A000F7620200F7620200FD520300F76202008D
:1060B00061570300F76202000000000000000000CA
:1060C000F7620200F7620200F7620200F762020064
:1060D000F7620200F7620200F762020000000000AF
:1060E00000000000000000000000000000000000B0
:1060F00000000000000000000000000000000000A0
:10610000000000000000000000000000000000008F
:10611000000000000000000000000000000000007F
:10612000000000000000000000000000000000006F
:10613000000000000000000000000000000000005F
:10614000000000000000000000000000000000004F
:10615000000000000000000000000000000000003F
:10616000000000000000000000000000000000002F
:10617000000000000000000000000000000000001F
:10618000000000000000000000000000000000000F
:1061900000000000000000000000000000000000FF
:1061A00000000000000000000000000000000000EF
:1061B00000000000000000000000000000000000DF
:1061C00000000000000000000000000000000000CF
:1061D00000000000000000000000000000000000BF
:1061E00000000000000000000000000000000000AF
:1061F000000000000000000000000000000000009F
:1062000010B5054C237833B9044B13B10448AFF3F0
:1062100000800123237010BDE8370020000000003B
:1062200078BD030008B5034B1BB103490348AFF326
:10623000008008BD00000000EC37002078BD03009E
:10624000A3F5803A704700BF174B002B08BF134BD4
:106250009D46FFF7F5FF00218B460F461348144A71
:10626000121A10F091FD0E4B002B00D098470D4BE9
:10627000002B00D098470020002104000D000D489D
:10628000002802D00C48AFF3008010F03BFD200046
:10629000290007F0A5FF10F021FD00BF0000080055
:1062A000000000000000000000000120E83700208E
:1062B0004876002000000000000000000649074A60
:1062C000074B9B1A03DD043BC858D050FBDC04F09D
:1062D000E3FCFFF7B9FF000024BF0300683500208E
:1062E000E8370020FEE7FEE7FEE7FEE7FEE7FEE711
:1062F000FEE7FEE7FEE7FEE7704700BF00B583B0AC
:10630000044B0093044A402300F036F803B05DF8D4
:1063100004FB00BF1D6302000838002002B32DE912
:10632000F843114B114E88461446032743F00109E8
:106330000025224608EB0501002008F0A1FB0346DA
:10634000E41A4FF47A401D4423B9337833B1C84777
:10635000013F06D001233370002CEAD1BDE8F88359
:1063600070473770BDE8F883E082030004380020EE
:10637000704700BF08F05ABCF0B595B0084600243D
:106380000E4617461D4604F0C5FA1A9A0D9223468A
:10639000082205A93046CDE9095408978DF82C400C
:1063A0000C9404F01BFBDDE906219DF814308DF8F8
:1063B0001140CDE9021203F00302012A28D0022A7B
:1063C00004D0304604F0AAFA15B0F0BDBDF816505E
:1063D000C3F3C203C5F389158DF810300827082DC3
:1063E0002C4628BF08243B4622460EA9304604F01E
:1063F000F5FA2D1B08AB02AA21460EA8274400F08F
:1064000013FF002DEBD1304604F088FA15B0F0BD33
:10641000BDF814100598C1F38312C3F3C203C0F38F
:106420009525C1F383148DF810300EA930469200E3
:10643000082304F0D3FA08AB0093224602AB0EA95E
:10644000284600F07BFE304604F068FA15B0F0BD37
:1064500008B5FFF78FFF0448042100F0EBFD034B64
:1064600001225A7108BD00BFF8BE03006835002044
:10647000064B074810B500221A7004F0FFF90446D5
:1064800010B9044804F080FB204610BD18390020E4
:1064900008BF03001C83030030B499B10D490E4DB1
:1064A000491BC90813D00D4C002302E00133994267
:1064B0000AD034F823208242F8D1184655F830002B
:1064C00030BC7047044DF9E7002030BC70470846E7
:1064D000F6E700BFC8BE0300E0BD0300D4370020CC
:1064E000094B013903EBC00003290BD8DFE801F0A9
:1064F0000402080604207047022070474079704764
:106500000079704700207047E0BD0300704700BF6E
:106510002DE9F043904CD4E901239A4285B060D034
:106520000023C4F81834BFF34F8FA568EAB2D31C18
:1065300004EB830114F82330580718D566680B78EC
:1065400003F00303012B42D0022B03D14B88023509
:1065500005EB9315EAB2D4F81804D31C04EB8301BD
:1065600028B9AE4239D914F823305B07E7D404EBDD
:1065700082026B1CDBB2D26804EB830302F00301DE
:10658000DB680229CDE9012305F102062DD001299E
:1065900000F09280D4F810543DB12B6828469B68D7
:1065A0009847EB681D68002DF7D16C486C4B6D491E
:1065B000C01AC008000440F0020000F065FCD4E9F5
:1065C0000130C01A18BF012005B0BDE8F0830B8868
:1065D0000235C3F383131D44BCE7A66005B0BDE8D4
:1065E000F083002005B0BDE8F083BDF806305E48BA
:1065F000C3F389184546502D28BF502505F10801E1
:1066000065F38F13C1F30901ADF8063004F038F9D2
:1066100007460028BED004F07DF90023082201A916
:10662000384604F0A7F9F343DBB20133B5EB830F2F
:106630004FEA83027ED9F1B25FFA82F9033104EBAB
:10664000810138460823A5EB090504F093F9EDB262
:1066500009F10803454903F0FC032A46384604F0D3
:1066600089F908F1030806EB9806D4F81834002BD2
:106670006ED1D4F8105465B1EB685A792846394682
:10668000002A61D02B681B689847EB681D68002DB5
:10669000F2D1384604F042F900230DF103008DF8E1
:1066A000033001F029FBD4F8183403B9A6609DF833
:1066B000030001F047FB82E7BDF804202A48C2F33B
:1066C0008313062B28BF062363F38912023303F0DA
:1066D0000F018900ADF8042004F0D2F80746002825
:1066E0003FF458AF04F016F90023082201A93846F8
:1066F00004F040F9BDF8043013F4707FB5D06FF0AA
:1067000001094FF00808A9EB0509F1B2033143462E
:10671000042204EB8101384604F02CF9BDF8043062
:106720000136C3F3831309EB0602934208F1040810
:10673000EBD89AE7F1B203312A4604EB8101082332
:10674000384604F017F98CE71D68002D94D1A0E7B6
:10675000384604F0E3F832E71839002028BE030079
:10676000E0BD03000483030008BF030024390020B8
:106770002DE9F04F89B0DFF8C8B103930646002336
:106780000DF113008DF81330CDE9011201F0B4FAC8
:10679000DBF80830DBF8047003F58073DB1B052B96
:1067A00078D80BF21C450BF583680BF2144419E002
:1067B000BDF81630C3F3891303334FEA11490AEBCE
:1067C000930A204603F0ECF808B1CBF808A049463C
:1067D000284603F0B5F8DBE9012303F580739B1A23
:1067E000052B58D80121284603F0AAF8404603F0AB
:1067F000CBF8204603F0C8F8DBF80830DAB2D11C39
:106800000BEB810C1BF8211001F00400490721D487
:106810000BEB8202591CD2680592C9B202F0030246
:106820000BEB8101012AC96803F1020A2AD0022A6E
:10683000BED04FF00009C4E7BCF802300EEB931352
:10684000DAB2D11C0BEB810C1BF8210000F0040024
:106850000028DDD09CF8001001F0030101290AD0C6
:10686000022903F1020E02F10301E5D00BEB810CCA
:106870000028EFD1CCE7BCF800200233C2F383122A
:106880001344DDE7BDF81430C3F383134FEA114915
:106890009A4496E73A46D3B20333063240F20511E2
:1068A0009DF813004BF82310CBF8042001F04AFAAE
:1068B000BB1CDBB20BEB8303029ADA60FB1CDBB27E
:1068C0000BEB8303039ADA603B1DDBB20BEB830314
:1068D000129ADA607B1DDBB20BEB8303139ADA604A
:1068E0000021164802F0F2FF80F31001F30003F0DC
:1068F0003803019A43F4807343F00103781C43EAA0
:106900008223C0B2FAB209040BEB8000033241EAE1
:106910001641C1604BF822309BF8003023B9FFF7D5
:10692000F5FD09B0BDE8F08FFFF7F2FD0028F6D0C5
:10693000FFF7EEFD0028F7D1F1E700BF343D00205E
:10694000183900202DE9F04F89B0DFF8B4B1039376
:10695000064600230DF113008DF81330CDE9011226
:1069600001F0CAF9DBF80830DBF8047003F5807336
:10697000DB1B042B78D80BF21C450BF583680BF25C
:10698000144419E0BDF81630C3F3891303334FEAFA
:10699000114A09EB9309204603F002F8514608B169
:1069A000CBF80890284602F0CBFFDBE9012303F582
:1069B00080739B1A042B58D80121284602F0C0FF8F
:1069C000404602F0E1FF204602F0DEFFDBF808302F
:1069D000DAB2D11C0BEB810C1BF8211001F0040082
:1069E000490721D40BEB820203F10209D268059218
:1069F0000133DBB20BEB830302F00302012AD968F7
:106A00002AD0022ABED04FF0000AC4E7BCF80230F8
:106A10000EEB9313DAB2D11C0BEB810C1BF82100A7
:106A200000F004000028DDD09CF8001001F0030104
:106A300001290AD0022903F1020E02F10301E5D077
:106A40000BEB810C0028EFD1CCE7BCF8002002331F
:106A5000C2F383121344DDE7BDF81430C3F383138C
:106A60004FEA114A994496E73A46D3B203330532C6
:106A7000C5219DF813004BF82310CBF8042001F03A
:106A800061F9BB1CDBB20BEB8303029ADA60FB1CDF
:106A9000DBB20BEB8303039ADA603B1DDBB20BEB3B
:106AA0008303129ADA600021144802F00FFF80F38A
:106AB0001001F200019B02F0380242F0C102781C82
:106AC00042EA8322C0B2FBB2033309040BEB80001D
:106AD00041EA1641C1604BF823209BF8003023B9EE
:106AE000FFF714FD09B0BDE8F08FFFF711FD002896
:106AF000F6D0FFF70DFD0028F7D1F1E7343D002077
:106B0000183900202DE9F04FDFF8BCB189B000241E
:106B100006460DF113000393CDE901128DF81340E1
:106B200001F0EAF8DBF80830DBF8047003F5807355
:106B3000DB1B032B00F281800BF21C450BF58368F5
:106B40000BF214441AE0BDF81630C3F38913033373
:106B50004FEA11490AEB930A204602F021FF494609
:106B600000283AD02846CBF808A002F0E9FEDBE97D
:106B7000012303F580739B1A032B5FD8012128465C
:106B800002F0DEFE404602F0FFFE204602F0FCFE70
:106B9000DBF80830DAB2D11C0BEB810C1BF82110AA
:106BA00001F00400490728D40BEB82015A1CC96884
:106BB0000591D2B201F003000BEB82020128D168EB
:106BC00003F1020A31D00228BDD0204602F0E8FECF
:106BD0004FF0000949460028C4D12846C5E7BCF853
:106BE00002300EEB9313DAB2D11C0BEB810C1BF8C5
:106BF000210000F004000028D6D09CF8001001F01D
:106C0000030101290AD0022903F1020E02F1030156
:106C1000E5D00BEB810C0028EFD1C5E7BCF80020D4
:106C20000233C2F383121344DDE7BDF81430C3F31B
:106C300083134FEA11499A448EE73A46D3B203339D
:106C4000043285219DF813004BF82310CBF8042063
:106C500001F078F8BB1CDBB20BEB8303029ADA601D
:106C6000FB1CDBB20BEB8303039ADA6000211548AF
:106C700002F02CFE80F31001F300019A03F03803B8
:106C800043F08103781C43EA8223C0B2FAB20904BC
:106C90000BEB8000033241EA1641C1604BF8223011
:106CA0009BF8003023B9FFF731FC09B0BDE8F08F45
:106CB000FFF72EFC0028F6D0FFF72AFC0028F7D1BA
:106CC000F1E700BF343D0020183900202DE9F04FD6
:106CD000DFF8B0B187B0002306460DF10B008DF848
:106CE0000B30CDE9001201F007F8DBE9018303F571
:106CF0008073A3EB0803022B00F281800BF21C458A
:106D00000BF583670BF214441AE0BDF80E20C2F3B2
:106D1000891203324FEA114A09EB9209204602F028
:106D20003FFE514600283AD02846CBF8089002F0A2
:106D300007FEDBE9012303F580739B1A022B5FD862
:106D40000121284602F0FCFD384602F01DFE2046D7
:106D500002F01AFEDBF80830DAB2D11C0BEB810C22
:106D60001BF8211001F00400490728D40BEB820125
:106D70005A1CC9680391D2B201F003000BEB8202E6
:106D80000128D16803F1020931D00228BDD0204684
:106D900002F006FE4FF0000A51460028C4D12846F2
:106DA000C5E7BCF802300EEB9313DAB2D11C0BEB43
:106DB000810C1BF8211001F004000028D6D09CF8AB
:106DC000001001F0030101290AD0022903F1020E8B
:106DD00002F10301E5D00BEB810C0028EFD1C5E7F0
:106DE000BCF800200233C2F383121344DDE7BDF880
:106DF0000C20C2F383124FEA114A91448EE74246B7
:106E0000D3B20333033245219DF80B004BF8231016
:106E1000CBF8042000F096FF08F10203DBB20BEB85
:106E20008303019ADA600021154802F04FFD80F3D8
:106E30001001F300009A03F0380343F0410308F116
:106E4000010043EA8223C0B25FFA88F209040BEB27
:106E50008000033241EA1641C1604BF822309BF8B2
:106E6000003023B9FFF752FB07B0BDE8F08FFFF702
:106E70004FFB0028F6D0FFF74BFB0028F7D1F1E7D6
:106E8000343D0020183900202DE9F04FDFF8A0A193
:106E900087B0002306460DF10B008DF80B300191F1
:106EA00000F02AFFDAE9018303F58073A3EB0803FE
:106EB000012B00F281800AF21C450AF583670AF271
:106EC00014441AE0BDF80E30C3F3891303334FEABC
:106ED00011490BEB930B204602F062FD4946002856
:106EE0003AD02846CAF808B002F02AFDDAE90123B0
:106EF00003F580739B1A012B5FD80121284602F00D
:106F00001FFD384602F040FD204602F03DFDDAF854
:106F10000830DAB2D11C0AEB810C1AF8211001F00A
:106F20000400490728D40AEB82015A1CC96803915E
:106F3000D2B201F003000AEB82020128D16803F10A
:106F4000020B31D00228BDD0204602F029FD4FF0BF
:106F5000000949460028C4D12846C5E7BCF80230DC
:106F60000EEB9313DAB2D11C0AEB810C1AF8211044
:106F700001F004000028D6D09CF8001001F00301B5
:106F800001290AD0022903F1020E02F10301E5D022
:106F90000AEB810C0028EFD1C5E7BCF800200233D2
:106FA000C2F383121344DDE7BDF80C30C3F383133F
:106FB0004FEA11499B448EE74246D3B20333023273
:106FC00005219DF80B004AF82310CAF8042000F0B0
:106FD000B9FE0021154802F079FC80F31001F3009E
:106FE000019A03F0380343F0010308F1010043EA7A
:106FF0008223C0B25FFA88F209040AEB80000332F0
:1070000041EA1641C1604AF822309AF8003023B9AB
:10701000FFF77CFA07B0BDE8F08FFFF779FA002898
:10702000F6D0FFF775FA0028F7D1F1E7343D0020DC
:107030001839002030B4154DD5F81014044600203E
:1070400071B10B4601E01B6853B1DB681A798242CB
:10705000F9D101300A28F3D14FF0FF3030BC70472E
:10706000E3681871D5F810344BB1DA68E368126838
:107070001A60D5F81034DB681C6030BC7047C5F866
:107080001044E268136030BC704700BF183900201C
:1070900038B5084BD3F8104401251D704CB1E36896
:1070A0005D71236820465B689847E3681C68002C84
:1070B000F5D138BD1839002030B5C38885B00446F5
:1070C0000D4623BB237A052B1FD0627A82B9144A5E
:1070D000A08852F8232003920021FFF7DDF9039ADC
:1070E00010490346284605B0BDE8304002F0D2BC46
:1070F0001946A088FFF7F4F90B4B0C4953F82020F0
:10710000284602F0C7FC237AE1E705B030BD084904
:107110000091084A0849284602F0BCFCD2E700BFAB
:10712000F083030050830300CC83030050990300D5
:107130004883030028830300308303002DE9F043D4
:1071400085B01D460C9C002394F80C902373804658
:107150000E46174621462846FFF7AEFF062F09D8F0
:10716000DFE807F0042E343B444F1F004146204621
:1071700002F090FC2B7A052B05D06B7A5BB927497E
:10718000204602F087FC204602F078FC84F80C9040
:1071900005B0BDE8F083224A2249204602F07AFC7D
:1071A000EDE77369039333690293F3680193B3685E
:1071B0000093D6E900234146204602F06BFCD9E754
:1071C00032684146204602F065FCD3E7D6E9002349
:1071D0004146204602F05EFCCCE7B3680093D6E956
:1071E00000234146204602F055FCC3E7F3680193B3
:1071F000B3680093D6E900234146204602F04AFCDA
:10720000B8E733690293F3680193B3680093D6E952
:1072100000234146204602F03DFCABE75C830300BF
:107220004883030050990300082900D970472DE9CD
:10723000F04F1D4683B000241B7B2C730E4607467F
:107240002946104690460193DFF8D0B0DFF8D0A071
:10725000FFF732FF05E03A5D013402F01BFC082C19
:1072600009D0A64251462846F5D85946013402F0C5
:1072700011FC082CF5D12449DFF8A8B0234CDFF825
:10728000A8A0284602F006FC4FF0000917E017F806
:107290000910481C7E294FF02E02C0B206D810F803
:1072A0000A2012F0970F14BF0A462E2221462846C4
:1072B00009F1010902F0EEFBB9F1080F0AD04E45C1
:1072C000E5D85946284609F1010902F0E3FBB9F176
:1072D000080FF4D198F80830052B02D098F809303F
:1072E0005BB90B49284602F0D5FB284602F0C6FBE5
:1072F000019B2B7303B0BDE8F08F064A0649284670
:1073000002F0C8FBEDE700BF6C830300708303004D
:107310005C830300488303005099030068830300E3
:1073200060830300588303003EBC030038B5174B4D
:107330001D783DB3164A1168C0B200230C4604E024
:107340000133AB4204F108041CD011F83320904201
:10735000F6D104F00BFA6378A3F10103B3FA83F3D7
:107360005B09834200D038BD0A4BD3E900231343A5
:10737000F9D1094B094819680022BDE8384049088D
:1073800000F01EBC00231B78FFDE00BFD03D0020B4
:10739000F03D0020D83D0020D43D00207035002075
:1073A0002DE9F04FDFF8788298F8003083B0002B99
:1073B00000F02B81DFF86C92954F964E00254FF030
:1073C000010AD7F800B01BF8350004F0CFF91BF81C
:1073D00035400BEBC50361085B7816F801C014F06B
:1073E000010EA3F10103B3FA83F314BF4FEA1C1299
:1073F0000CF00F025B09042A00F2EA80DFE802F0D9
:10740000725F33200300834240F09F80BEF1000F83
:107410000CBFF0230F230CEA030C0CBF0323302313
:1074200043EA0C03735498F8002001359542C8DBF9
:10743000D9E90023134340F0DE8003B0BDE8F08FAC
:10744000834200F0C580BEF1000F0CBFF0230F2374
:107450000CEA030C0CBF0423402343EA0C037354CF
:1074600098F80020E1E7834240F0B580BEF1000FBC
:107470000CBFF0230F230CEA030C98F800200CBF7C
:107480000323302343EA0C037354002AD0D0D7F8E7
:1074900000C00023614603E0934201F10801C4D01B
:1074A0001CF83300A04203F10103F5D14B68002B17
:1074B000BBD020460121984798F80020B5E78342C9
:1074C00019BF00231A4620230222BEF1000F16BF67
:1074D0001A46F0230F230CEA03031A43725498F858
:1074E0000020A2E7834273D14FF00003BEF1000FEA
:1074F0008DF8073014BF0F23F0230CEA030C14BFE0
:107500001023012343EA0C030DF10700735400F02C
:10751000F3FBA4F12003C4F120022AFA02F20AFAD2
:1075200003F31343D9F800209DF807000AFA04F486
:107530002243C9F80020D9F804201343C9F80430C5
:1075400000F000FC98F800206FE7BEF1000F14BFB8
:107550000F23F0230CEA030398F800C07354BCF126
:10756000000F12D038680023024603E0634502F1A1
:1075700008020AD010F83310A14203F10103F5D13B
:10758000536813B10021204698474FF000030DF1D6
:1075900007008DF8073000F0AFFBA4F12003C4F121
:1075A00020022AFA02F20AFA03F31343D9F8002060
:1075B0009DF807000AFA04F422EA0402C9F8002040
:1075C000D9F8042022EA0303C9F8043000F0BAFB1A
:1075D00098F8002029E7BEF1000F0CBFF0230F231D
:1075E0000CEA030C0CBF0123102343EA0C03735471
:1075F00098F8002019E7084B084819680022490844
:1076000003B0BDE8F04F00F0DBBADFF818900FE7E9
:10761000F03D0020E03D0020D43D002070350020EA
:10762000D03D0020D83D0020092A3FD9F0B583B0D5
:10763000144605460E4603F039FF88B3204B214A15
:107640001E70214B1560002120481C6010220FF095
:107650009BFB1F4B00200021741EC3E90001E4B214
:1076600036B31C4F05EBC404032602E0A5421FD02D
:107670001C469DF8063094F802C020788DF804600E
:1076800023F007033A4601A98DF806308DF805C0AE
:1076900003F016FFA4F108030028E7D003B0F0BD03
:1076A00003F0B0FE0028C9D003B0F0BD072070473A
:1076B000094A0A48002103B0BDE8F04000F068BA6A
:1076C000D03D0020F03D0020D43D0020E03D0020D2
:1076D000D83D00202D730200A17302001084030026
:1076E00070B5084D2B785BB1074E0024336801213B
:1076F00013F8340003F0D8FF2B780134A342F5D8F7
:10770000002070BDD03D0020F03D002000B585B0C8
:107710000346002101AA44F20100CDE901110393BF
:1077200000F004F805B05DF804FB00BF10B572B6B8
:10773000FFF7AEFCFEF7ECFE0028FBD1104B114C1E
:107740001149E41AE408240444F00100FFF79CFB0B
:107750000E4BD3F8F030DB0700D500BE0C4944F0E7
:107760000200FFF791FBBFF34F8F0849094BCA682E
:1077700002F4E0621343CB60BFF34F8F00BFFDE71D
:10778000E0BD030028BE03001484030000ED00E008
:10779000208403000400FA0530B48D688468C3684F
:1077A000CA68A54272EB03032CBF0120002030BC45
:1077B000704700BF10B5044682B000230DF10700EA
:1077C0008DF8073000F098FA23692BB94FF0FF329B
:1077D0004FF0FF33C4E902239DF8070000F0B2FA2E
:1077E000D4E90530984700230DF107008DF80730E4
:1077F00000F082FA2369BBB1D4E90212B2F1FF3F73
:1078000008BFB1F1FF3F0FD05B1842F10002C4E99D
:1078100002329DF8070000F095FA0748214603F070
:10782000D7F9012002B010BD9DF8070000F08AFAD8
:10783000002002B010BD00BF408403002DE9F04FCE
:107840002DED028B83B008EE100A00F0AFFB40B1C3
:10785000AC4AD2E9003113F1807341F10001C2E971
:10786000003118EE100A002100F0BCFBA64D60B3F9
:107870002B6853B3A54B2C681B7823B31CB3A448C7
:1078800000F0C0FB9F4BA34A19685B684018D2E91F
:10789000001243F10003884273EB020203D210F19D
:1078A000807043F10003D4E902128842934180F0D2
:1078B0002581B2F1FF3F08BFB1F1FF3F03D09648E9
:1078C000214603F085F900232B6018EE100A0121F0
:1078D00000F088FB002840F0F180904801A901F0F9
:1078E00041FF00283AD08D4C4FF0FF384FF0FF3960
:1078F00009E033B301A9204601F066FF01A9204643
:1079000001F030FF50B30378012B11D0022BF0D1DE
:10791000814E304603F070F930B1C0E9028930463B
:1079200003F06AF90028F8D1784B01221A70E1E7D8
:107930002B684168994200F0B580774803F066F9FA
:10794000D8E74168D1E90223B3F1FF3F08BFB2F1A4
:10795000FF3FCFD0704803F03BF9CBE76E4FDFF825
:10796000B081DFF8A091384603F04CF9002852D0DE
:10797000D0E90223B3F1FF3F08BFB2F1FF3F00F0AF
:107980008D80296891B12968D1E9020182428B4139
:1079900044D22B68D3E90223B3F1FF3F08BFB2F111
:1079A000FF3F03D02968384603F012F9384603F048
:1079B00023F904464046574ED4E902BA00F022FBB0
:1079C000D9E900133268401843F10003904272680D
:1079D00073EB020203D210F1807043F10003BBEBA2
:1079E00000006AEB0303012873F1000324DBB0F508
:1079F000350F4DD25A464FF496030021404600F011
:107A00004FFA80B10D281BD0002338462B6003F0BD
:107A1000F9F80028ACD12B68002B66D003B0BDEC80
:107A2000028BBDE8F08F2B68002B3ED02C6003B09A
:107A3000BDEC028BBDE8F08F0021404600F0C6FA95
:107A4000324B1B78002BDFD0404600F0DBFAD9F830
:107A50000030D6E90012C018D9F8043043F1000311
:107A6000884273EB020203D210F1807043F10003ED
:107A7000D4E90212884293411CD2B2F1FF3F08BF01
:107A8000B1F1FF3FC0D02146384603F0A1F8BBE773
:107A9000404600F0B7FA224A0244ACE7384603F009
:107AA000ABF860E700232B6024E718EE100A00F023
:107AB000C5F9BBE72046FFF77DFEA5E71448154E44
:107AC00000F0A0FA0F4B1A685B688018D6E9001224
:107AD00043F10003884273EB020203D210F180707D
:107AE00043F10003C6E90003F7E618EE100A03B0FD
:107AF000BDEC028BBDE8F04F00F0A4B92046FFF7C3
:107B000059FEE0E6F83D0020783E0020003E0020CF
:107B100090350020703E0020408403005C3E002031
:107B2000FFFFB40010B5134B13491C68134882B013
:107B300008235822019401F099FD044610B1204613
:107B400002B010BD0E4A0F4801A900F013F9044617
:107B50000028F4D10B48012100F01EFA0123194638
:107B6000094A084800F072F9084B012220461A70B1
:107B700002B010BD3C840300043E00205C3E0020A7
:107B80003D78020090350020FFFF7F00003E00207E
:107B90006AB19FED097BA1F101010368B1FA81F19E
:107BA000490983ED027BC3E90412002070470720D6
:107BB000704700BFAFF30080FFFFFFFFFFFFFFFF35
:107BC000F0B583B00446002501A817460E468DF88F
:107BD000045000F091F8D4E90223B3F1FF3F08BF4D
:107BE000B2F1FF3F06D09DF8040000F0ABF8284644
:107BF00003B0F0BD1C4800F005FA1C4B1C4A196884
:107C00005B684018D2E9001243F10003884273EB2D
:107C1000020224D3301843F10003A060E3609DF812
:107C2000040000F08FF82369A76103B126611148B1
:107C300001A901F055FD034670B100250D481D70E6
:107C40005C6001A901F07EFD0028D1D0064800F05B
:107C5000DDF9284603B0F0BD042003B0F0BD10F1FB
:107C6000807043F10003D5E790350020F83D0020F7
:107C7000703E00205C3E002030B583B004460025F5
:107C800001A88DF8045000F037F8D4E90223B3F1CD
:107C9000FF3F08BFB2F1FF3F1CD04FF0FF334FF062
:107CA000FF32C4E902239DF8040000F04BF81048AD
:107CB00001A901F015FD034648B10122027001A996
:107CC0000B485C6001F03EFD58B903B030BD0420A4
:107CD00003B030BD9DF8040000F034F8284603B02E
:107CE00030BD044800F092F9284603B030BD00BF13
:107CF0005C3E00209035002070B4EFF3108472B623
:107D00000D4B9A68AAB9012199600C490C4ED1F823
:107D1000805035401D60C1F88060D1F884505D60AE
:107D20004FF0FF33C1F88430027004B962B670BC02
:107D3000704701230370F8E77C3E002000E100E07B
:107D4000FC06FFBD094B9A687AB170B910B4EFF325
:107D5000108172B6064A1C6814605C6854609860B2
:107D600001B962B65DF8044B704770477C3E002055
:107D700000E100E010B5294C437944F82320284C59
:107D800004EBC3031B79002B3BD103680A88C3F8BB
:107D9000082590F904308A78002B2ADB03F1604330
:107DA000520103F56143D2B283F8002390F9043005
:107DB000002B09DB1B494FEA531C012203F01F0370
:107DC00002FA03F341F82C304279174B44F83200A1
:107DD0001648181A04EBC201C0084FF0010C000449
:107DE00081F804C040F003001149FFF74DF800206E
:107DF00010BD104903F00F0352011944D2B20A76A4
:107E0000D4E70A4B08480C49C01AC008000440F0E7
:107E10000200FFF739F8082010BD00BF903E002097
:107E2000883E002000E100E038BE0300E0BD030012
:107E300070840300FCEC00E04C8403000368012222
:107E40001A607047036801225A60704770B4056871
:107E50004FF480348C40C5F80843056801F1500C9C
:107E6000C5F848434FEA8C0C05681FFA8CFC0026C5
:107E700045F80C6083B055F80C500195019D0568DC
:107E800001F5A87122F07F4245F821200268C2F86E
:107E9000444313B10368C3F8044303B070BC704794
:107EA0002DE9F0474FF4803622F07F4702688E407C
:107EB000C2F848630268C2F80863026802EB810CEA
:107EC000044601F15005D2F80405DCF84025CCF851
:107ED0004005AD00ADB2121A20684FF0000840F81E
:107EE000058082B04059009022F07F42012A00981C
:107EF0008A46994641D02268D2F80455C2F84463B4
:107F00007A1B22F07F42012A0AF5A87125D0236846
:107F100043F821702068D0F804557B1BC9F1FF128B
:107F2000013B02F57F4223F07F439A4211D343B1D4
:107F3000C0F8446323680020C3F8046302B0BDE8BE
:107F4000F087013740F821702068D0F804359D4251
:107F5000EED00D2002B0BDE8F0872368013743F86A
:107F600021700C4B4FF4806043F001039847206868
:107F7000D0F804359D42DBD0EBE7064A4FF4806031
:107F800042F001029047226842F80580525901925E
:107F9000019AB0E79084030002680223C2F84433D8
:107FA00011B10268C2F80433704700BF0368D3F808
:107FB000040100B97047002282B0C3F80421D3F84D
:107FC00004310193019B012002B0704702684FF415
:107FD000803303FA01F1C2F848130368C3F80813A9
:107FE000704700BF50318900036889B2585800B902
:107FF000704700225A5082B05B580193019B0120C8
:1080000002B070470368D3F80405704790F9043054
:10801000002B09DB5A09054803F01F0301214032F8
:1080200001FA03F340F82230704700BF00E100E09E
:10803000024A034B10681B68184700BF883E0020A7
:10804000903E00200223F0B50B8000F5805E0830E2
:1080500082B32A4D4FF6FF740126036801331FD007
:10806000478807F1030C00EB8C0CE6451CD3838892
:10807000A34216D00388A3B18368B3F1FF3F10D0A9
:10808000D5F800C09C4501D22B6047880B8803338C
:108090003B440B804388033300EB83008645DCD8E8
:1080A000F0BD16704788F1E7012313704FF4806329
:1080B0000B80F0BD114D4FF6FF7403680133EFD014
:1080C0004388DA1C00EB82029645EFD38288A242F5
:1080D00009D002883AB18268561C04D02E68B24298
:1080E00084BF2A6043880A88033213440B80438884
:1080F000033300EB83008645DFD8F0BDCC3E002083
:108100002DE9F041436888461BB1334AD468A34245
:108110003CD2324E0023A8F800307268012702F5E5
:10812000805C4FF6FF75083294450DD8022FA8F8F1
:10813000007006F114064CD0726802F5805C0832BB
:1081400094454FF00207F1D913680133EED05388FC
:10815000033302EB83039C45E8D3B2F804E0AE4559
:1081600009D014883CB19468611C04D00168A14214
:1081700005D01A46D8E79C45D8D91A46E4E7184BEB
:1081800042601B8903810120BDE8F081126993429E
:10819000BFD813F00305BCD1114A04891289944257
:1081A000B7D104689A689442B3D10C4842689342AC
:1081B00003D902F58052934207D38269934208D9CA
:1081C00002F58052934204D20125A8F80050012004
:1081D000DAE70020D8E700BFD4370020D43E0020E3
:1081E000B83E00202DE9F04F9B4F8BB004464FF670
:1081F000FF783E68002E00F0BA803278531E052BBF
:1082000000F26E82DFE803F058212103033E002CC8
:1082100040F0B4803379012B00F0B682022B00F0DD
:10822000C580002B00F08E8205AD0594C5E902449F
:108230002C6148F20E6406943378023B042B49D833
:10824000DFE803F0897569624500B6F814A0002CD8
:1082500040F05682814D0AEB8A0305EB83034FEA17
:108260008A091C895B6803EB8404B37D062B00F24A
:108270002C84DFE813F0790166019901880145013A
:108280002E010901002C79D1DFF8F0C19CF80C30E7
:10829000002B00F0AA809CF800308CF80C40013BC9
:1082A000062B00F21D82DFE813F01903D502C2018C
:1082B000AE011B0205039A01002C40F01A823379AB
:1082C000032B00F28780DFE803F0BA63789F052371
:1082D0008DF81430624C04F1100654F8043B284623
:1082E00003B19847A642F8D15E495F4800243C603C
:1082F00001F06AFA5D48012101F02EFB00287FF4AD
:1083000078AF0BB0BDE8F08F04238DF81430F388FC
:10831000ADF82030DEE703238DF81430F388ADF894
:1083200020303389ADF82230F3680793D2E7022377
:108330008DF814303389ADF82030B388ADF8223091
:10834000F3680793B37DA3F10603B3FA83F35B09E4
:108350008DF82430BEE701238DF814303389ADF851
:108360002030B388ADF82230F3680793B2E73D4977
:108370003D4801F0F7F9064638603EE74FF4064401
:1083800005AD0023C5E90033C5E902332B6152E78F
:10839000324D2B78022B00F07C832B7D022B00F0DA
:1083A0008883334B01221A7000225A6005AD0024E5
:1083B0000594C5E902442C613DE72E4A2E4802216E
:1083C0000023337191801168012201F0AFFF002872
:1083D00097D03E68264A05AD002305935360C5E952
:1083E00002332B6148F20D6425E79CF80030072B1F
:1083F00000F2A282DFE813F0B602A002A002D102CE
:10840000ED02F300F3009A021A4C1C4B21681A4843
:108410000022327100925D8805EB85030F4D05F84F
:10842000232005EB8305A3882B816B68236002233F
:10843000A380134A6960082301F0E6FEC7E7012321
:108440000C493371002309680E4A00930A48082337
:1084500001F0DAFEBBE700BFD03E0020D43E002092
:10846000A03E0020C83E0020883F0020983F00200A
:10847000B03E00209C3F0020D4370020B83E0020B2
:108480009C840300A4840300324641F61D5409EB8A
:108490000A0105EB8101F3880889033303440B814A
:1084A000D144F38805EB89051646C3F57F436A89F5
:1084B000FD3313446B8105AD41F61D5200239442F8
:1084C000059308BF1C46C5E902332B613FF4B3AEE8
:1084D000C0E2A54BA54A5968A54BA6481C880623AF
:1084E000B37500230093042301F08EFE10BB04EB50
:1084F000840305EB830501232B740BB0BDE8F08FDB
:108500009948B3699A4903604FF0000BC0F804B072
:10851000FFF7F6FD002800F0AF820223B3750423B5
:108520009448CDF800B02146F21801F06DFE002805
:108530003FF4E7AEB37D3A68022B48F20D64AFD941
:10854000A5E7032A0CBF05230623B3750023009378
:108550008848211D042306F1080201F055FE002879
:10856000E8D10BB0BDE8F08F0223B3750023009370
:10857000042380482146F21801F046FE0028D9D194
:108580000BB0BDE8F08FF38832690120B075002090
:10859000009004F10C0177489B0001F035FE0028A3
:1085A000C8D10BB0BDE8F08F33697248002B14BFFF
:1085B00003230123B3750023009304F1080104236E
:1085C00006F10C0201F020FE00283FF49AAEB37DC4
:1085D0003A68022B48F20D647FF662AF57E7664AAD
:1085E00064481168002307228CF800200093634A36
:1085F000CCF80430082301F007FE0446002C3FF4B9
:1086000080AE3E6857E7BCF802305D4D03EB830354
:1086100005EB8305EB68002B54D1696855480422AB
:108620008CF80020012201F081FE0446E6E7DCF828
:1086300004205148538884880168033301EB840186
:10864000002003249BB200909B008CF80040494816
:1086500001F0DAFD0446D1E701200346ACF8023010
:1086600000EB800305EB8303DCF8042059684FEA34
:10867000800E01F58056002A00F01D8253880333D6
:1086800002EB8302964217D91368013314D0538842
:10869000033302EB83039E420ED39488444505D0F6
:1086A00014881CB19468013440F001819E4203D9C2
:1086B0001A4613680133EAD1704405EB8005EB6874
:1086C000002BABD02C4A2B480523022191808CF83B
:1086D000003011680023012201F028FE04468DE7D6
:1086E00005AD0023059348F20E64C5E902332B6102
:1086F000A1E5244B00225A604FF4064405AD40E644
:10870000B37D1F4D022B08D90AEB8A0205EB8202CA
:10871000F388118903330B4413814FEA8A09D1444A
:10872000F38805EB8905C3F57F436A89FD3313445C
:108730006B8105AD002305934FF40644C5E9023370
:108740002B6178E502233371CDE9064405ADF3686A
:1087500005930DF112012846FFF7D2FC002840F0E6
:108760004D8148F209640CE6943E00209884030091
:10877000A83F0020D43700209C3F0020A4840300A1
:10878000D43E0020B03E0020B44B1B78002B00F0FC
:108790005581DFF8D0E2BEF80490B9F1010F11D88D
:1087A000AF4D039409EB890205EB8202137883B184
:1087B00009F101091FFA89F3012BAEF8049002F1C7
:1087C0001402F3D9A748082200210EF0DDFA3E6812
:1087D000ECE55368DEF8001003F5805C03F1080A4D
:1087E000002900F029814B88033301EB83018C457C
:1087F00006D8039BCEF80030DAE79C45F9D9194634
:108800000B680133F5D04B88033301EB83039C45A0
:10881000EFD38C884445F0D0B1F800B0BBF1000F25
:10882000EBD088680130E8D0F388CEF80010A3427E
:10883000D6D1002300938C4A8C48042301F0E4FC39
:10884000002840F03B8109EB890905EB89050123EC
:108850002B7456E5BCF80200814DDCF8042000EBD7
:10886000800305EB83034FEA800E596801F58056BB
:10887000002A40F0A98001F10802B242BFF41CAF07
:10888000136801333FF418AF5388033302EB8303BB
:10889000B3423FF611AF9488444500F0C880148875
:1088A000002C00F0C4809468013400F0C080CCF843
:1088B0000420BEE6BCF80220694D9300134405EB8A
:1088C0008305062400236968694A009367488CF889
:1088D0000040082301F098FC04468FE69CF80A301B
:1088E0004BB15F4DE86800238CF80A3018B92B7C37
:1088F000002B40F0E8809CF80B3053B1584D00231A
:108900008CF80B302B6A23B995F82430002B7FF4B8
:10891000A3AE05AD002305938CF80030C5E9023302
:10892000ACF80230CCF804302B6184E401238CF8DD
:1089300000309CF80A30D3E7013B062B3FF6D0AE5F
:1089400001A252F823F000BFDD8802005588020022
:108950002F86020007860200E1860200B588020029
:10896000DF8502003E4DBCF808302A7D0133ACF8AB
:108970000830B2FA82F22B785209B3FA83F38CF8FA
:108980000B2000225B09ACF802208CF80C2001229D
:108990008CF80A308CF80020A2E7BCF80200304DB9
:1089A000344CDCF8042000EB800305EB830356888D
:1089B0005968A38803333344A38002238CF8003022
:1089C00000FA03FE01F580565388033302EB83025D
:1089D00053E7BCF80220224D264902EB820305EB47
:1089E00083038888188158680C6808600220888092
:1089F00000215C60197402FA00F35FE706991A4AD5
:108A00008B88F3800B883381184800940423BDF8C9
:108A1000124001F0F9FB002837D1114B04EB84041C
:108A200003EB8404012323740BB0BDE8F08FB34241
:108A3000BFF442AE1A4623E75146D8E605AD2146BB
:108A4000084808220EF0A0F90594C5E902442C61FB
:108A500048F201643E68FFF7EEBB00BFB03E002065
:108A6000D43E0020AC3F002098840300D43700207F
:108A70009C8403009C3F002005AD059048F20964EA
:108A8000C5E902002861FFF7D6BB3E6848F20D64D5
:108A900077E4002303EB830305EB83020D48516861
:108AA000002205F82320009208230B4A01F0ACFBBA
:108AB0008DE40123EEE701F10802E3E53E6848F2A8
:108AC0000D6405AD5DE40346C8E5324648F20E6428
:108AD000DDE400BFD43700209C8403004068FFF72A
:108AE00081BB00BF094A116804290BD038B5084C76
:108AF000156803460121104644F8253000F020FF98
:108B0000002038BD48F20B60704700BFA43F002032
:108B1000A03E00202DE9F04F974D89B02A78002320
:108B2000CDE90333CDE90533079372B1934C04F1DA
:108B3000100554F8043B03A803B19847A542F8D1A7
:108B40000024204609B0BDE8F08F281D02F0FF0880
:108B500000F00EFF0028F3D1D8F8F83F5C1C42D09B
:108B60004FF0805211695269DFF838928449C9F890
:108B700010300022A3F540534846C9F80C3001F0EC
:108B80000BFB04460028DCD17E497F48DFF818A2A1
:108B90001C238C2200F06AFD26464FF0030B27466B
:108BA000D9F80C30F018F35800F0DD80774A934282
:108BB00025D14368764A934273D00132934220D143
:108BC000B8F1000F40F09680724B73491860002294
:108BD0000193FFF737FA019B9B88022B0CBF0423FC
:108BE00008231C4326E04FF010234FF080525B69AE
:108BF00011695269581C08BF02FB01F3B4E7013345
:108C00000AD1031D00F5805101E099425FD01A6836
:108C1000013203F10403F8D007EB87030AEB830268
:108C20000BF1FF3B5060032201370AF823201FFAA3
:108C30008BFBBFB206F58056B6F5405FB0D1BBF1F5
:108C4000010F40F28A80E4B2062C0ED14B4C012277
:108C500000232A706B6004F1100554F8043B03A84C
:108C600003B19847A542F8D16AE702D814F0FD0F86
:108C700073D002A9444800F033FD1C2205460021B0
:108C80000EF082F8002D62D00123013C2B700A2CDB
:108C900048D8DFE804F04547454759475947565FEC
:108CA000560007EB87030AEB83029900506001F13D
:108CB000100208314FF0000C5244514401370AF8B9
:108CC00023C044F00204FFF7BDF9BFB2B2E7314B55
:108CD0001A68FAB1314A07EB87010AEB8103578022
:108CE000022201370AF821205860BFB21A8144F0ED
:108CF00001049FE707EB870C0AEB8C020221254B4E
:108D00000AF82C10118125494F80196851600137EC
:108D1000BFB25AE7022218609A804FF00108E6E7D6
:108D200000232B7102A9184800F00CFD1C480121FA
:108D300000F0FAFD044600287FF402AFFFF752FA74
:108D4000FFE603232B71EDE701232B71EAE748F2DD
:108D50000764F6E602232B71E4E700232B7048F248
:108D60000A646B60EDE65A1C3FF44BAF074A93422E
:108D70003FF447AF50E700BFB03E0020A03E0020C8
:108D8000B8860300FC3E0020883F0020DEC0ADDE38
:108D9000FE011EF19C3F0020A03F0020B83E0020B5
:108DA000983F0020D4370020D43E002030B370B567
:108DB0000D4682B0F1B10DF106010446FFF7A0F9AE
:108DC00018B948F2096002B070BDBDF806000D4B3D
:108DD000666800EB800003EB800001210C3000F09E
:108DE000AFFD2E60636801220C3300206B60A2721D
:108DF00002B070BD48F2046002B070BD48F2046079
:108E0000704700BFD43E002010B310B582B00DF102
:108E100006010446FFF774F9B0B1BDF806300E4AFA
:108E200003EB830302EB8303DA684AB1A27A3AB117
:108E3000DA680021013A0846DA60A17202B010BD7A
:108E400048F2056002B010BD48F2096002B010BDE2
:108E500048F20460704700BFD43E00202DE9F0477F
:108E6000514B1B7882B083B30C46002945D00A8849
:108E70004FF6FF739A4222D04B8803B34D6815F02A
:108E8000030534D1B1F8089009F103039BB240F215
:108E9000FE32934234D8454A1178074639B9508991
:108EA00011890144194489B2B1F5806F2BD9117D24
:108EB00089B148F20665284602B0BDE8F08748F25D
:108EC0000365284602B0BDE8F08748F201652846F0
:108ED00002B0BDE8F087D08B918B0144194489B270
:108EE000B1F5806FE5D84FF00108C2460DE048F2B9
:108EF0000265284602B0BDE8F08748F20465DAE76B
:108F000048F20865D7E7A846AA460AEB8A0A02EBA8
:108F10008A0A034401A92648AAF80A3000F0E0FBB7
:108F20001C22064600210DF02FFF002E2FD0A6F8A0
:108F3000148002234FF0000886F8168033706368AF
:108F4000336101211B4800F0FBFCF0602388338172
:108F500063881748B38001A9A6F80690A6F80A808E
:108F600000F0F0FB47B1C7F80480F268124B3A609A
:108F70001B8987F80A803B811048012100F0D4FC4E
:108F80000446002897D1FFF72DF9254693E7BAF854
:108F90000A30C9F57F4909F1FD099944AAF80A90F8
:108FA00048F2076587E700BFB03E0020D43E0020AE
:108FB000883F0020CC3E0020B83E0020983F002093
:108FC0002DE9F04782B068B3524B1B78002B41D09B
:108FD0000C4639B30A884FF6FF739A4234D04B8857
:108FE00093B34E6816F003063AD1B1F808A00AF11F
:108FF00003039BB240F2FE32934234D8464A1178C2
:10900000054639B9518910890844184480B2B0F531
:10901000806F2BD9117D59B148F20666304602B0F7
:10902000BDE8F08748F20466304602B0BDE8F0873C
:10903000D18B908B0844184480B2B0F5806FEBD888
:109040004FF00109C84613E048F20366304602B00B
:10905000BDE8F08748F20166304602B0BDE8F0870F
:1090600048F20266DAE748F20866D7E7B146B0464A
:1090700008EB880802EB88080B442848A8F80A3057
:1090800001A900F02DFB1C22074600210DF07CFEFB
:10909000002F32D04FF000080323A7F8149087F870
:1090A00016803B7063683B6101211D4800F048FC5D
:1090B000F86023883B816388BB800423A7F806A05F
:1090C000BB752B68BB6101A91448A7F80A8000F0A2
:1090D00039FBC5F80480FA68124B2A601B891248D4
:1090E00085F80A802B81012100F01EFC044600282F
:1090F00094D1FFF777F8264690E7B8F80A30CAF51A
:109100007F4A0AF1FD0A9A44A8F80AA048F20766C5
:1091100084E700BFB03E0020D43E0020883F0020FE
:10912000CC3E0020B83E0020983F002070B51D4B7B
:109130001B7882B00BB34FF6FF739842044626D0DB
:1091400001A9194800F0CCFA1C22054600210DF0B7
:109150001BFEBDB1052301262B70EC8001A912482E
:109160002E7100F0EFFA1148314600F0DDFB0446A5
:1091700090B10024204602B070BD48F20164204640
:1091800002B070BD48F20764204602B070BD48F2DC
:109190000364204602B070BDFFF724F8204602B0F9
:1091A00070BD00BFB03E0020883F0020983F0020E7
:1091B00010B5194B1B7882B0F3B101A9174800F024
:1091C0008FFA1C22044600210DF0DEFDF4B10623C7
:1091D0002370124801A900F0B5FA114B1A780AB1B0
:1091E00001221A730F48012100F09EFB044640B192
:1091F0000024204602B010BD48F20164204602B0AF
:1092000010BDFEF7EFFF204602B010BD48F2076424
:10921000204602B010BD00BFB03E0020883F0020B5
:10922000B83E0020983F00202DE9F047374C2478C5
:10923000002C5FD0002A61D0002B5FD09C88012CCD
:1092400060D8334D661C04EB840405EB84058A4624
:109250002C78B6B24FF6FF774FF0000844B1022EDB
:109260009E8005F114054DD02C780226002CF6D1F5
:109270001C68D5F804C00CF5805E002C37D0B4F81B
:1092800002C00CF1030C04EB8C04744505D3C3F845
:109290000080E4E7E645FAD9644621680131F6D05A
:1092A000B4F802C00CF1030C04EB8C0CE645EED3D1
:1092B000B4F80490B945EDD0B4F80090B9F1000FBE
:1092C000E8D0A1680131E5D01C60B4F804C0844541
:1092D000CFD1B4F800C0D445CBD1A16811601968D2
:1092E0000C4B51601B8913810020BDE8F0870CF105
:1092F0000804CAE748F20160BDE8F08748F204605C
:10930000BDE8F08748F20960EFE700BFB03E0020FB
:10931000D43E0020B83E0020364B1B78002B60D096
:10932000002961D0002A5FD02DE9F043B2F804E0B3
:10933000BEF1010F5BD8304B0EF101050EEB8E0E26
:1093400003EB8E0EADB29EF800304FF6FF764FF075
:1093500000094BB1022D95800EF1140E47D09EF8F6
:1093600000300225002BF5D11368DEF804C00CF59F
:109370008054002B32D0B3F802C00CF1030C03EB85
:109380008C03A34205D3C2F80090E3E76445FAD901
:1093900063461F680137F6D0B3F802C00CF1030C26
:1093A00003EB8C0C6445EED3B3F80480B045EDD0EC
:1093B000B3F80080B8F1000FE8D09F680137E5D01E
:1093C00013601C888442D0D19B680B6012680B4BE1
:1093D0004A601B890B810020BDE8F0830CF1080373
:1093E000CFE748F20160704748F20460704748F2E6
:1093F0000960F1E7B03E0020D43E0020B83E0020D6
:10940000364B1B78002B60D0002961D0002A5FD03A
:109410002DE9F043B2F804E0BEF1010F5BD8304B08
:109420000EF101050EEB8E0E03EB8E0EADB29EF823
:1094300000304FF6FF764FF000094BB1022D9580BA
:109440000EF1140E47D09EF800300225002BF5D106
:109450001368DEF804C00CF58054002B32D0B3F84A
:1094600002C00CF1030C03EB8C03A34205D3C2F83A
:109470000090E3E76445FAD963461F680137F6D0E8
:10948000B3F802C00CF1030C03EB8C0C6445EED373
:10949000B3F80480B045EDD0B3F80080B8F1000F08
:1094A000E8D09F680137E5D013609C888442D0D112
:1094B0009B680B6012680B4B4A601B890B81002074
:1094C000BDE8F0830CF10803CFE748F20160704774
:1094D00048F20460704748F20960F1E7B03E0020AE
:1094E000D43E0020B83E002020B119B103680B60C3
:1094F0000020704748F20460704700BF2DE9F84F24
:10950000574B1B78002B00F0A3800446002800F086
:10951000A380122200210DF037FCDFF84C81608817
:109520002189B4F80AC0A7894E4A03232380002565
:109530004FF6FF7E5389B2F80890994453681FFA9A
:1095400089F9002B56D01E68464553D15B6803F15C
:109550006E6303F5FF330233012B4BD8414ECC44ED
:10956000C9F5806305EB850906EB89099BB2D9F83B
:109570000C90484480B26080B2F80A904944BB42E3
:109580001FFA8CFC89B288BFA3812181A4F80AC08C
:10959000D2F8049088BF1F4609F1080309F58059E5
:1095A0001E68013621D0B3F802A00AF1030A03EBCA
:1095B0008A0AD14538D3B3F804A0F2451ED0B3F8D7
:1095C00000A0BAF1000F19D09E68013616D0B4F889
:1095D00004A00AF1010AA4F804A0B3F802A00AF159
:1095E000030A03EB8A039945DAD8143275B30020D5
:1095F000BDE8F88F2388013B2380AFE7B4F806B0BD
:10960000B4F80EA00BF1010BA4F806B0B3F802B049
:109610000AF1030ADA44A4F80EA0B3F802A00AF192
:10962000030A03EB8A03DEE7A9EB03094FF001030A
:10963000B4F806A02374E3890AF1010A03EBA90335
:10964000A4F806A0E3811432002DD0D1012571E7E2
:1096500048F20160BDE8F88F48F20460BDE8F88F79
:10966000B03E0020D43E0020DEC0ADDE99B110B483
:10967000B2FBF3F403FB1424A4B244B9C0E9001410
:1096800084608281C38120465DF8044B70470920C5
:109690005DF8044B70470E20704700BF82B050E861
:1096A000022FC188B2EB324F4FF0000317BF92B2C6
:1096B00041EA014142EA014104E04268B2EB324F23
:1096C00008BF012340E80212002AE8D18DF80730D4
:1096D0009DF80730002B0CBF1120002002B070470E
:1096E00010B483B050E8013F1FFA83FCC489A4443E
:1096F0008489A44528BFACEB040C0489A44502BFAF
:10970000BFF32F8F002207E0CCEA030C40E801C42E
:10971000002CE7D14FF001028DF803200193019C4A
:109720009DF803200C6032B1006810FA84F003B099
:109730005DF8044B704702F0FF03184603B05DF874
:10974000044B70470A884B889A4201D0002070472A
:1097500050E8012FC2EA024240E80123002BF7D172
:109760000120704710B483B050E8023F1FFAA3FCF9
:10977000C488A44502BFBFF32F8F00220EE0C48926
:10978000A4448489A44528BFACEB040CC3EA0C4C68
:1097900040E802C4002CE7D14FF001028DF803200D
:1097A0000193019C9DF803200C6032B1006800EB2E
:1097B000144003B05DF8044B704702F0FF031846F5
:1097C00003B05DF8044B70470A884B889A4201D079
:1097D0000020704750E8022FC2EA224240E80223EC
:1097E000002BF7D1012070474B0901F01F024FF009
:1097F000010C0CFA02F100EB830000F07DB800BF11
:109800004B0910B501F01F040121A14000EB8300BA
:1098100000F066F8E04000F0010010BD01F01F020A
:10982000012303FA02F24B0900EB8300D14300F05D
:109830006FB800BF4B0901F01F0150F82300C8406A
:1098400000F00100704700BF2DE9F04F01F1FF3B30
:1098500083B04FEA5B130F460546019300264FF095
:10986000010A55F8264005EB8608E44394FAA4F46F
:10987000FCB1B4FA84F404EB46144FEA4619A7424B
:1098800017D904F01F0360090AFA03F105EB800001
:109890009B4600F025F820FA0BF0C30711D5D8F845
:1098A0000030DB4393FAA3F3B3FA83F44C44002B68
:1098B000E5D1019AB24206F1010301D01E46D0E77C
:1098C0003C46204603B0BDE8F08F00BF034653E896
:1098D000000F0A4643E8002C9CF0000FF7D17047B8
:1098E000034653E8000F40EA010243E8002C9CF0D5
:1098F000000FF6D1704700BF034653E8002F42EA3D
:10990000010043E8000C9CF0000FF6D1704700BF47
:10991000034653E8002F02EA010043E8000C9CF0E4
:10992000000FF6D1704700BF034653E8000F00EB6D
:10993000010243E8002C9CF0000FF6D1704700BFF5
:10994000034653E8002F02EB010043E8000C9CF0B3
:10995000000FF6D1704700BF034653E8002FA2EB7B
:10996000010043E8000C9CF0000FF6D1704700BFE7
:109970000346012253E8000F40EA020143E8001CBD
:109980009CF0000FF6D170470346012253E8001FF8
:1099900041EA020043E8000C9CF0000FF6D170474A
:1099A0000346002253E8000F00EA020143E8001CCE
:1099B0009CF0000FF6D17047D0B110B4D0E901127D
:1099C000521A0468D2B2531E2160DBB252B1016850
:1099D0000A6803F1FF3C541C0C6013705FFA8CF3AF
:1099E000FF2BF4D10368002018715DF8044B704719
:1099F0000E20704730B583B0044600250DF10700F6
:109A00008DF80750FEF778F9D4E900311A688A42D8
:109A100010D9511E19602168A3680D6812F8012C35
:109A2000208A5B1BE56800FB02550A79DBB29A428B
:109A300038BF0B719DF80700FEF784F9284603B084
:109A400030BD00BF30B5054683B00DF107000023DF
:109A50000C468DF80730FEF74FF92A681368591C39
:109A60001160E9682A8A641AB4FBF2F41C709DF84C
:109A70000700FEF767F903B030BD00BF826842B14E
:109A800010B5044643690168006998470023A36044
:109A900010BD70470EB400B582B0039921B104AB7C
:109AA00001AA019300F0B6F802B05DF804EB03B030
:109AB000704700BF2DE9F04F154683B0A942DDF88D
:109AC00030900D9A0F4606469A46C0F09E800B468F
:109AD0004FF00108B3FBF5F39D4208F10108F9D9F5
:109AE000D04538BFD04612F00103019302D1B9F13D
:109AF000000F67D1B268BAF1010F4FF0010406D927
:109B00000AF1FF3ABAF1010F05FB04F4F8D8B7FBEC
:109B1000F4F39D4205D805FB04F4B7FBF4F39D4232
:109B2000F9D9DFF8ECA007E0AC42B4FBF5F31AD3A7
:109B3000B2681C46B7FBF3F31AF803B0BBF10A0F87
:109B400004FB137728D03368511CB16003F802B0CE
:109B5000D6E901329A42E7D33046FFF78FFFB4FBD4
:109B6000F5F3AC42E4D2019B9BB1B9F1000F10D0E8
:109B70002024C84509F1FF390BD2B3683268591C5B
:109B8000B160D454D6E901329A4214D2B9F1000F2F
:109B9000EFD103B0BDE8F08F511C3368B1604FF0D6
:109BA0000D019954D6E901329A42CCD33046FFF7E1
:109BB00065FFB268C7E73046FFF760FFB9F1000FF5
:109BC000D7D1E6E793071AD42024B268C84502F13A
:109BD000010190D23368B1609C54D6E901329A42B7
:109BE00009F1FF3903D2B9F1000FEFD183E7304615
:109BF000FFF744FFB268B9F1000FE7D17BE7BAF194
:109C0000000F0CBF30242024DFE74FF0010867E786
:109C1000AC840300002900F05C822DE9F04FDFF8EE
:109C200070950D7885B0064690460C464FF00D0AAB
:109C30000FE00A2DB36800F08E803268591CB160C5
:109C4000D554D6E901329A4280F081802578002DE2
:109C500069D00134002D66D0252DEAD10027234696
:109C600014F8012B2D2A6CD0302A6DD02B2A61D00C
:109C70002A2A7FD0A2F1300109294FF000050BD824
:109C800005EB850502EB450513F8012FA2F1300124
:109C90000929A5F13005F3D92E2A1C4675D00023D9
:109CA00001E014F8012F02F0FB016829F9D0252A00
:109CB00000F08681583AD1B2202930D8202A2ED8F7
:109CC000DFE812F021002D002D002D002D002D00C9
:109CD0002D002D002D002D002D00FE0079002D00FF
:109CE0002D002D002D0079002D002D002D002D00C0
:109CF0002D002D00BD002D002D001A012D00160194
:109D00002D002D002100D8F800101022081DC8F8E1
:109D1000000009683046CDE90057FFF7CBFE01345B
:109D20002578002D95D1337B002B40F0438105B081
:109D3000BDE8F08F234614F8012B2D2A47F00407C5
:109D400092D147F001078AE747F0020787E73046DC
:109D5000FFF794FE7AE73268591CB16002F803A05D
:109D6000D6E901239342FFF468AF3046FFF786FE41
:109D7000B36862E7D8F80020111DC8F80010156814
:109D80005A782E2A03F1010489D16278A2F13003B6
:109D9000092B04F101044FF0000384D803EB830383
:109DA00002EB430314F8012FA2F130010929A3F1BA
:109DB0003003F3D977E7D8F80020111DC8F8001058
:109DC000D2F800B08BEAEB72A2EBEB72092A40F3F7
:109DD000DB81DFF8C0C3012011466329ACFB02E23E
:109DE00000F101004FEAD202F6DC9842024638BF89
:109DF0001A460292002D00F01E81BBF1000FC0F246
:109E00002E817A0700F12B81B80740F12A81002BBF
:109E100040F02781BBF1000FC0F27D817A0700F18D
:109E20008D8107F00302022A00F05D81CDE9005721
:109E300059460A223046FFF73DFE013470E7D8F854
:109E400000301A1DC8F800201F68B3683268581C1B
:109E50003021B060D154D6E90123934280F0FA80DA
:109E6000591C3268B1607821D154D6E901329A4246
:109E700080F0EB800F2F03D93B461B090F2BFCD83A
:109E80004FF0805506E00F2D4FEA15137FF647AFD0
:109E9000B2681D46B7FBF5F319F803B0BBF10A0F22
:109EA00005FB137777D03368511CB16003F802B01B
:109EB000D6E901329A42E6D33046FFF7DFFDE2E70A
:109EC000D8F800301A1DC8F800201D78B3680A2D94
:109ED00000F03A813268591CB160D554D6E901329C
:109EE0009A42FFF41CAF3046FFF7C8FD013417E774
:109EF000D8F800100A2209E7D8F800301A1DC8F86F
:109F0000002017F00107D3F800B064D1BBF1000FB7
:109F100003D058460CF07CFF0746BD4215D92022DD
:109F200001E0BD4211D0B1683368481CB0605A549A
:109F3000D6E90130984205F1FF35F2D33046FFF7FC
:109F40009DFDBD424FF02002EDD19BF80050002D49
:109F50003FF4E5AE0A2DB0680FD03368421CB26002
:109F60001D54D6E90130984280F0B4801BF8015F9F
:109F7000002D3FF4D4AE0A2DEFD13368421CB260FD
:109F800003F800A0D6E901309842E6D33046FFF747
:109F900075FDB068E1E73368511CB16003F802A0B9
:109FA000D6E901329A42FFF47EAF3046FFF766FDF4
:109FB000B26878E7304605B0BDE8F04FFFF75EBD08
:109FC000B3683168581CB060CA54D6E901329A426D
:109FD00089D20134A4E69BF80030002B00F0D68033
:109FE000B0685F46CBF101020A2B02EB070B5ED093
:109FF000411CB16031680B54D6E90130984248D217
:10A0000017F8013F002BEFD15D457FF688AE202782
:10A0100002E05D453FF483AEB2683368511CB16025
:10A020009F54D6E901329A4205F1FF35F1D330460B
:10A03000FFF724FDEDE7B80705D5002B3FF4EAAEA6
:10A04000F9073FF5E7AE0025E4E63046FFF716FDD9
:10A05000B2680FE73046FFF711FDB36800E7013D36
:10A06000D2E6F9073FF5D6AE002DECD020220299BA
:10A07000A942BFF4CFAEB168481CB060306842540A
:10A08000D6E90101814205F1FF356CD2002DEED1F8
:10A09000D9E730460292FFF7F1FC17F8013F002B99
:10A0A000B2D0029AB0680A2B02EB070BA0D1411C78
:10A0B000B160316801F800A0D6E90110884297D359
:10A0C0003046CDE90232FFF7D9FCDDE90232B06853
:10A0D0008EE770473046FFF7D1FC1BF8015F002D7B
:10A0E0007FF438AF1BE6002B7FF4A0AE8DB1302299
:10A0F00002998D427FF69AAEB168481CB060306814
:10A100004254D6E90101814205F1FF3535D2002DD7
:10A11000EED100258AE6B1683268481CB060CBF108
:10A12000000B2D205054D6E901219142FFF479AE65
:10A1300030460393FFF7A2FC039B72E6B1683268D6
:10A14000481CB0602B20EDE73268591CB16002F862
:10A1500003A0D6E901239342FFF4BCAE3046FFF7DB
:10A160008DFCB368B6E630460393FFF787FC039B8C
:10A170002022002D7FF47BAF65E730460393FFF785
:10A180007DFC039B3022C2E701202EE69B463BE785
:10A19000AC840300CDCCCCCC10B582B038B1B9B111
:10A1A00001600B68114602B0BDE810401847104B23
:10A1B0001048114A1149C01AC0080E240004104B5F
:10A1C000009440F00100FCF7BDFB0E2002B010BD72
:10A1D000074B08480B4A0949C01AC0080E2400045E
:10A1E000074B009440F00100FCF7ACFBEDE700BF2B
:10A1F000E0BD030050BE0300BC840300C484030020
:10A2000098860300F08403002DE9F04182B0002815
:10A2100059D01546002A5FD00768002F65D01C462C
:10A220006BB34668D6F80480B3FBF8F608FB163625
:10A2300076BB11F0030F34D1AD073BD1C568A942FD
:10A2400011D22E4B2E482F4AC01A1024C0082E4B74
:10A25000A0402E49009440F00100FCF773FB20461B
:10A2600002B0BDE8F081056901F1FF3E7444AC42E3
:10A27000E7D8FC68A44602B0BDE8F04160471F4B38
:10A280001F48234AC01AC0081F4B09240004E0E7F6
:10A290001A4B1B481F4AC01AC0081B4B0924000454
:10A2A000D7E7164B16481C4AC01A1024C008164B94
:10A2B000A040CEE7114B1248184AC01A1024C0081B
:10A2C000114BA040C5E70D4B0D48154AC01AC008F8
:10A2D0000D4B0E240004BCE7084B0948114AC01A74
:10A2E000C008094B0E240004B3E7044B04480E4A8F
:10A2F000C01AC008044B08240004AAE7E0BD03000C
:10A3000050BE0300C085030084860300C48403009C
:10A310000C85030058850300848503009C85030099
:10A32000BC84030050850300F8840300F0B583B0BB
:10A3300000283AD00668002E40D022B3446827682F
:10A340007C1E0C4228D1C468A14210D2204B214867
:10A35000214AC01A1024C008204BA0402049009474
:10A3600040F00100FCF7EEFA204603B0F0BD4C1EB1
:10A3700007FB024E0469A645E8D83469A44603B039
:10A38000BDE8F0406047124B1248164AC01AC00898
:10A39000124B09240004E1E70D4B0E48124AC01A83
:10A3A0001024C0080D4BA040D8E7094B09480F4ABC
:10A3B000C01AC008094B0E240004CFE7044B05481F
:10A3C0000B4AC01AC008054B08240004C6E700BFAA
:10A3D000E0BD030050BE030010860300708603003A
:10A3E000C48403000C850300E8850300BC840300DB
:10A3F000F884030029DF704728DF7047084670475C
:10A4000000207047024B187A003818BF01207047AF
:10A4100050400020034B187A0122B0FA80F05A74A1
:10A42000400970475040002008B510461A460CF00D
:10A430009DFC002008BD00BF08B51422002104487F
:10A440000CF0A2FC0348FFF729F9002008BD00BF6B
:10A45000504000204040002010B50A4C0A4B436099
:10A460002046FFF785FA08B1002010BD0AF05CFC19
:10A4700002462274054906481C238C22FFF7F6F891
:10A48000002010BD50400020AC860300B43F0020E7
:10A490004040002030B53B4D2B7A87B0002B3AD09E
:10A4A000394B1C6802232B722379002B3ED0012BE1
:10A4B00025D022689368C3B10023CDE9023300930D
:10A4C000049303230193A36805932379002B4BD0B6
:10A4D000012B07D102238DF80030E36861690491F4
:10A4E0001B0302939368684698472849284800232D
:10A4F0002B726B6007B0BDE83040FFF765B9D4E957
:10A5000003031844FFF778FF20B31128D1D10123AA
:10A510002B7207B030BD1D491D48FFF723F91A4BB8
:10A52000044618600028BDD16860F2E7D4E905232D
:10A53000D21AB2F5805F28BF4FF480529208E168CA
:10A540002069012A38BF012219441844FFF752FF3D
:10A550000028DAD12B7C002BDBD10146022007B08A
:10A56000BDE8304000F016B801238DF800302369B3
:10A570000293E1686369CDE90313684693689847DD
:10A58000B3E700BF50400020684000206440002036
:10A5900040400020831E012B42D810B5354C237A51
:10A5A00086B0002B3AD0022B31D103283ED0324B5B
:10A5B00000221B68E2601A79002A44D0012A26D1C1
:10A5C000D3E9042101328A421A6120D1002020728D
:10A5D00019688A68BAB10022CDE902220092049279
:10A5E0009A68019005921A79002A39D0012A07D178
:10A5F00002228DF80020DA68586904901203029252
:10A600008B68684698471D491D48FFF7DDF8637C55
:10A610003BB906B0BDE81040FFF73CBF06B010BD27
:10A62000704706B0BDE810400AF06EBBE368013326
:10A63000082B01D8E360EAE70F4B00221B68E260B9
:10A6400022720D20C4E7D3E90512881AB0F5805FA5
:10A6500094BF121802F5805291429A61D7D1B5E7A2
:10A6600001228DF800201A690292DA685B69CDE94F
:10A670000323C5E7504000206840002064400020CC
:10A68000404000202DE9F04184B007468846184834
:10A6900003A916461D46FFF723F820B304461C22E3
:10A6A00000210CF071FB0A9B27606561114F104877
:10A6B000A360002503A9C4F81080E6602571FFF7A8
:10A6C00041F8381DFFF754F918B1284604B0BDE829
:10A6D000F0817B7C002BF9D10190FFF7DBFE019824
:10A6E00004B0BDE8F081042004B0BDE8F08100BFF3
:10A6F00040400020504000202DE9F04184B08046C9
:10A700000D46174803A916461F46FEF7E9FF18B382
:10A7100004461C2200210CF037FB2D0BA7600123FF
:10A72000104F0F48C4F8008003A9E56066612371EB
:10A73000FFF708F8381DFFF71BF918B1002004B027
:10A74000BDE8F0817B7C002BF9D10190FFF7A2FEE0
:10A75000019804B0BDE8F081042004B0BDE8F081A8
:10A76000404000205040002000F0FD03012B00D0AD
:10A77000704730B53D4DA0F10100B0FA80F02B7A62
:10A780000022400987B06A742874002B4ED0384BE1
:10A790001C6802232B722379002B52D0012B07D186
:10A7A000D4E903031844FFF727FE58B311281CD03F
:10A7B000226893687BB10023CDE9023300930493B0
:10A7C00003230193A368059323792BB3012B10D0A6
:10A7D0009368684698472749274800232B726B6087
:10A7E00007B0BDE83040FEF7EFBF01232B7207B082
:10A7F00030BD02238DF80030E368616904911B03CA
:10A800000293E5E72B7C002BF1D10146022007B033
:10A81000BDE83040FFF7BEBE01238DF8003023694C
:10A82000E16802936369CDE90313D1E71149124846
:10A83000FEF798FF0E4B044618600028A9D1686007
:10A84000D5E7D4E90523D21AB2F5805F28BF4FF4CB
:10A8500080529208E1682069012A38BF0122194418
:10A860001844FFF7C7FD0028A0D1CBE750400020D7
:10A87000684000206440002040400020FFF79CB862
:10A880002DE9F041058A0331043D4E198046B6FB9F
:10A89000F5F6FFF7AFF8A0B3F6B24FF48073013EC0
:10A8A00004468380C580C0F800802BD00346002575
:10A8B00008E06279AE4202F1010262713860C0F8CC
:10A8C00000801FD040461F46FFF794F8013503462D
:10A8D0000028EED16779791E17D0224601339942BC
:10A8E0001268FBD1D2F800805FB12668002501E034
:10A8F00034463668214640460135FFF7A3F8AF429B
:10A90000F6D800242046BDE8F08120682146FFF7F4
:10A9100099F8F6E701210430FFF712B82DE9F0416C
:10A92000012104460430FFF717F810F0FF0301D0AF
:10A93000BDE8F0816779791E16D02246013399422D
:10A940001268FBD1D2F80080002FF1D026680025D4
:10A9500001E034463668214640460135FFF772F87B
:10A96000AF42F6D8BDE8F08120682146BDE8F0414D
:10A97000FFF768B82DE9F8438846C788417907FB97
:10A9800001F1043902EB030C1E1D6145154638BF69
:10A99000CD1AB7420446B6FBF7F207FB126002D8A5
:10A9A000013A2468FCD13E1AAE4228BF2E469DB122
:10A9B0004FF000090430AD1B324608EB090120447A
:10A9C0000CF0D4F9AF42B14424683E464FF0000089
:10A9D00028BF2E46002DEDD1BDE8F8832DE9F843C0
:10A9E0000446C788407907FB00F0043802EB030CEB
:10A9F0001E1D6045154638BFC51AB7428846B6FBCE
:10AA0000F7F107FB116202D801392468FCD1BE1AA4
:10AA1000AE4228BF2E469DB14FF00009111DAD1B5F
:10AA20003246214408EB09000CF0A0F9AF42B144D2
:10AA300024683E464FF0000228BF2E46002DEDD17F
:10AA4000BDE8F88333DF704741DF7047064A074BA4
:10AA500010B5002414701C60BFF35F8F04490548D3
:10AA600000F0A0F8204610BD75400020784000207E
:10AA7000E48603006C40002000B583B000230DF194
:10AA800007008DF80730FDF737F9F1EE103A23F0A3
:10AA90009F03E1EE103ABFF35F8F0B4B4022C3F8E8
:10AAA00084219DF80700FDF74DF90AF03DF928B91A
:10AAB00020BF40BF20BF03B05DF804FB03B05DF8CA
:10AAC00004EBFFF7C1BF00BF00E100E070B5284E06
:10AAD000044601213046FEF7F9FEBFF35F8FD0B97F
:10AAE000042C40D0234B1A7862BB234D01222C70DA
:10AAF0001A70224C636823B90EE000F05DF86368B9
:10AB000053B11B682878984703462046002BF4D1A0
:10AB1000BFF35F8F336070BDFCF7BAFAFBF7F8FC48
:10AB20000028FBD12B78023B012B0FD90AF0FCF84F
:10AB3000D8B94FF080430122C3F80025BFF34F8FEF
:10AB400020BFFDE7BFF35F8F306070BDBFF34F8F55
:10AB50000B490C4BCA6802F4E0621343CB60BFF3AD
:10AB60004F8F00BFFDE7044DC3E7FFF76BFFE0E742
:10AB70007840002075400020744000206C40002088
:10AB800000ED00E00400FA0582680023936082680B
:10AB90001361826853618268D360826853608268FF
:10ABA0001360704701600B6843604A68934204BFBA
:10ABB00000234360704700BF436843B10268916857
:10ABC0000B4443605268934204BF002343607047C4
:10ABD00070B54468064620680D4618B908E0246838
:10ABE000206828B1B368294698470028F7D1206823
:10ABF0002860256070BD00BF4368186808B102680E
:10AC00001A60704743681868704700BF4368186847
:10AC100018B908E00346006828B18142FAD10A68F1
:10AC20001A600120704770471049A1F5947205E041
:10AC300052F83330984238BF61460CD2A1EB020C77
:10AC40004FEADC7303EBEC035B10914202EBC30CA5
:10AC5000EED80748704702D90CF10802EEE7DCF89D
:10AC60000400034B002808BF18467047248C0300DB
:10AC7000E88A0300BFF34F8F0549064BCA6802F408
:10AC8000E0621343CB60BFF34F8F00BFFDE700BF0F
:10AC900000ED00E00400FA0510B54FF08053D3F842
:10ACA00030315A1C04BF4FF0704393F8E03F062B3D
:10ACB00008D14FF08053C44AD3F82433C3F304239C
:10ACC000C2F840354FF0704393F8E02F062A00F0A9
:10ACD00027814FF08053D3F830315C1C04BF4FF014
:10ACE000704393F8E03F062B09D14FF080534FF0AB
:10ACF0008042D3F84432C3F34233C2F83C354FF0BC
:10AD0000704393F8E02F062A00F0F5804FF080534F
:10AD1000D3F83031581C04BF4FF0704393F8E03F34
:10AD2000062B08D14FF080430022C3F80C21C3F852
:10AD30001021C3F838254FF0704393F8E02F062A0E
:10AD400000F0B6804FF08052D2F83031591C2AD032
:10AD5000062BD2F8342130D09C4AD2F8883043F404
:10AD60007003C2F88830BFF34F8FBFF36F8F4FF07F
:10AD70008053D3F83021062A00F0E3804FF01023EF
:10AD8000D3F80C22D10700F16581D3F80022002A04
:10AD9000C0F23A81D3F80432002BC0F235818C4BDB
:10ADA0008C4A1A6010BD4FF0704292F8E01FD2F842
:10ADB000E82F0629D0D1C2F30312033A042A40F245
:10ADC000DA804FF08053844AD3F80414C2F8201577
:10ADD000D3F80814C2F82415D3F80C14C2F82815B7
:10ADE000D3F81014C2F82C15D3F81414C2F8301587
:10ADF000D3F81814C2F83415D3F81C14C2F840154F
:10AE0000D3F82014C2F84415D3F82414C2F8481516
:10AE1000D3F82814C2F84C15D3F82C14C2F85015E6
:10AE2000D3F83014C2F85415D3F83414C2F86015AE
:10AE3000D3F83814C2F86415D3F83C14C2F8681576
:10AE4000D3F84014C2F86C15D3F84414D3F8303159
:10AE5000C2F870155C1C04BF4FF0704393F8E03FDC
:10AE6000062B7FF479AF4FF080524FF08041D2F83B
:10AE70005832D2F8302103F04F03501CC1F8E43EA1
:10AE80007FD0062A7FF468AFD1F80034DA0700F1EA
:10AE900084804FF08053D3F83431033B042B64D9C2
:10AEA0004E4AD2F83C3743F48063C2F83C3753E74C
:10AEB000D3F8E83FC3F30313033B042B3FF642AF41
:10AEC000474AD25C22B14FF080420321C2F8A0155C
:10AED000444AD35C002B3FF435AF434B052401209B
:10AEE00000213F22C3F81046C3F88806C3F818169D
:10AEF000C3F8142626E7D3F8E83FC3F30313033B54
:10AF0000042B3FF603AF394AD35C002B3FF4FEAE6F
:10AF10002E4AD2F8FC3023F08073C2F8FC30F5E6FC
:10AF2000D3F8E83FC3F30313033B042B3FF6D1AE42
:10AF30002F4AD35C002B3FF4CCAE2E4B2E4A5A67DF
:10AF4000C7E6D3F83431033B042B08D94FF0102265
:10AF50004FF08043D2F80822C3F858250EE7274A5D
:10AF6000D35C002B3FF40AAFF0E7254AD35C002BFB
:10AF70003FF4F2AE94E723498A5C002A3FF46AAFBB
:10AF80001FE74FF0704393F8E03F062B7FF4E4AEE9
:10AF9000D1F80034DB077FF5DFAE4FF080534FF080
:10AFA0008042D3F830316FF00101062BC2F8001453
:10AFB0007FF4D2AE4FF08053D3F83431033B042BEF
:10AFC0003FF66EAFD1E700BF0030014000ED00E07A
:10AFD000983500200090D00300C0004000100040D1
:10AFE0003C8C03003C8C0300005000403C8C030070
:10AFF0003C8C030000C007400DF0ADBA348C030058
:10B000002C8C0300248C0300214A0123C2F8043550
:10B01000D2F80034002BFBD04FF0102315211C4A2E
:10B02000C3F80012D2F80034002BFBD04FF01023ED
:10B030001521174AC3F80412D2F80034002BFBD0B4
:10B0400000231349C2F80435D1F80034002BFBD09B
:10B05000FFF710FE0E4A0123C2F80435D2F800347F
:10B06000002BFBD04FF01021094AD1F80C3223F00D
:10B070000103C1F80C32D2F80034002BFBD00023BE
:10B080000349C2F80435D1F80034002BFBD0DFE7C8
:10B0900000E001404FF0A042044B1B5CD2F80405D5
:10B0A000D840C04300F00100704700BF488C030047
:10B0B000044A115C01234FF0A0428B40C2F80C35CA
:10B0C000704700BF488C0300044A115C01234FF015
:10B0D000A0428B40C2F80835704700BF488C03007F
:10B0E0004FF0A04310B44FF480204FF400344FF4DD
:10B0F00000214FF48012C3F80845C3F80805C3F8CF
:10B100000815C3F808255DF8044B70474FF0A043BD
:10B1100010B44FF480204FF400344FF400214FF46A
:10B120008012C3F80C45C3F80C05C3F80C15C3F81E
:10B130000C255DF8044B7047074B4FF0A041185C9D
:10B14000D1F804350122824022EA03001340C1F8FD
:10B150000805C1F80C357047488C03004FF0A04239
:10B16000044B1B5CD2F81005D840C04300F001002E
:10B17000704700BF448C03000D2809D00E2809D069
:10B180000F2809D010280CBF03204FF0FF30704764
:10B19000002070470120704702207047C20710B49A
:10B1A0001AD54FF0A04303224FF40031C3F84427CF
:10B1B0004FF48024C3F84827C3F84C27C3F850271E
:10B1C000C3F808154FF480124FF40021C3F8084566
:10B1D000C3F80815C3F8082583070AD54FF0A04324
:10B1E0000C22C3F83427C3F83827C3F83C27C3F828
:10B1F00040275DF8044B704710B568B90E4CA36842
:10B20000012262703BB1D3E900230020A26098477D
:10B21000A368002BF7D110BD0128FCD1064C23698F
:10B22000A070002BF7D0D3E90023012022619847BA
:10B230002369002BF7D110BD7C40002070B910B5F8
:10B24000074CA368012262703BB1D3E900230020C0
:10B25000A2609847A368002BF7D110BD704700BFCC
:10B260007C40002030B5012883B004D0032821D0D1
:10B27000B0B103B030BD294C00230DF107008DF8AB
:10B280000730FCF739FD23786BB3E3689DF80700BE
:10B2900001221344E360A270FCF754FD03B030BDFB
:10B2A0001F4B0122C3F88020BFF34F8FBFF36F8F76
:10B2B00003B030BD194C00F045F800230DF1070034
:10B2C0008DF80730FCF718FDE368013BE360E368A5
:10B2D0001BB9144BD3F80054C5B19DF80700FCF717
:10B2E00031FD03B030BD10486360A3602361E360AB
:10B2F00000F01CF809F018FD60B10A4A0123237020
:10B30000D2F80024002AC0D0A370BEE700F02CF8C9
:10B31000A570E2E700F016F8EFE700BF7C400020E0
:10B3200000E100E000000140F9B10200044A137995
:10B3300023B901211060918018467047852070471D
:10B3400090400020074B1A68D20704D4C02283F82B
:10B35000002301221A604FF080430122C3F8182510
:10B36000704700BF00E100E04FF08042022100235F
:10B37000C2F8081382B0C2F80431D2F80431019344
:10B3800001230199D360D2F81834DB03FBD402B057
:10B39000704700BF10B54FF0804382B0D3F8002152
:10B3A00062B10021164AC3F80011D3F80011507998
:10B3B00000910121009CC3F80813A8B14FF080430D
:10B3C000D3F80421CAB10022C3F80421D3F8042120
:10B3D000019202210A4A0198C3F808131368012058
:10B3E00002B0BDE8104018471368517198474FF0FC
:10B3F0008043D3F80421002AE5D102B010BD00BF7C
:10B400009040002030B5254C94F8583083B0002B84
:10B4100040D16FF02F0004F1300304F1500C001BF9
:10B420004FF0FF31C21821FA02F2D20748BF19705B
:10B4300001336345F6D14FF0FF304FF0FF314FF04D
:10B44000FF33C4E900010422002115482365C4E943
:10B450000233C4E90433C4E90633C4E90833C4E958
:10B460000A330BF091FC0F4BC02283F806234022D5
:10B470001A600D4B0020C3F87C01D3F87C210192A7
:10B48000019D4FF00042012184F85810C3F80423B5
:10B4900003B030BD082003B030BD00BF984000208D
:10B4A000EC40002000E100E000600040034B93F816
:10B4B0005800003818BF0120704700BF9840002096
:10B4C00070B5774B03EB000E9EF930C0BCF1000F56
:10B4D00001DB082070BD91F802C01CF0020FCCF314
:10B4E00040055DD11C6A013400F0D2805C6A0134F1
:10B4F00000F0C4804FF00C0E4FF00A0C53F82C40B3
:10B50000013459D00CF10104744547D253F824603A
:10B51000013600F0AB800CF1020474453ED253F8C2
:10B520002460013600F0A2800CF10306764535D286
:10B5300053F8264001343ED00CF1040676452DD256
:10B5400053F82640013436D00CF10506764525D255
:10B5500053F8264001342ED00CF1060676451DD254
:10B5600053F82640013426D00CF10706764515D253
:10B5700053F8264001341ED00CF1080676450DD252
:10B5800053F82640013416D00CF1090CF44505D2CD
:10B59000DC6A013408BF4FF00B0C0DD0042070BDE5
:10B5A0001C68013464D05C6801346ED04FF0080E22
:10B5B0004FF0020CA2E7B44643F82C201A184FFAB9
:10B5C0008CFE82F830E015B99C448CF848008A78EB
:10B5D000540715D4D50740D5820002F1A042D2F815
:10B5E000004724F00204C2F800472E4DC40800F0C2
:10B5F000070C2E5D012202FA0CF232432A558A789A
:10B6000012F002021CD04FEA8E0303F1804303F5CF
:10B61000C0430978D3F8104524F4473424F4407427
:10B62000C3F8104502020904D3F8100501F44031B3
:10B6300002F4F8520A430243C3F81025002070BDFB
:10B64000AEF1080E43FA8EF30C7893F850101046C2
:10B6500041EA841283F8502070BD4A784FF0A0442C
:10B6600000F5E075920044F82520BEE7A446A3E764
:10B670001A6000228EF830209646A8E74FF0090C99
:10B680008EF830C05A62E6469EE74FF0010C93E711
:10B690004FF0080C8EF830C01A62E64694E700BFFF
:10B6A00098400020EC40002030B42E4C04EB000CFD
:10B6B00082B09CF93030072B1EDD083B44FA83F33F
:10B6C00093F850309B09032B41D0012B0CBF4FF452
:10B6D00000334FF44033800000F1A040D0F8002741
:10B6E00022F44032C0F80027D0F800271343C0F8F6
:10B6F000003702B030BC7047DAB2072AF9D8980098
:10B7000000F1804003F1400200F5C04052B29200C7
:10B71000D0F8105592B202F1804202F5C04245F0D5
:10B720000105C0F810550020106012680192019ABE
:10B730000029DED09CF9302054F82220002AD8D0ED
:10B740000949012202FA03F3C1F80433D1E74FF0AB
:10B75000A043D3F81035C34003F0010302331B04A8
:10B76000B9E700BF98400020006000404FF0A043C0
:10B77000D3F8103523FA00F000F00100704700BF45
:10B78000F0B585B01D4A00230193D2F800110129BC
:10B7900000F0E5811E46194BD3F80421012A00F080
:10B7A000CF81164BD3F80821012A00F0B881134B42
:10B7B000D3F80C21012A00F0A381104BD3F81021FB
:10B7C000012A00F08E810D4BD3F81421012A00F0DC
:10B7D00079810A4BD3F81821012A00F06481074BC4
:10B7E000D3F81C21012A0BD0044BD3F87C21012A69
:10B7F00000F0C28126BB05B0F0BD00BF0060004074
:10B80000D3F804231206EFD50022C3F81C21D3F885
:10B810001C110291D3F87C110298012946F0800690
:10B820000ED1C3F87C21D3F87C2103924FF0A043C2
:10B83000039AD3F820250192C3F8202546F000464C
:10B84000BE4F00240125A30003F180432E4203F5DF
:10B85000C0434FEA45050BD0D3F8100557F8242014
:10B86000D3F81015C0F30420C1F3014102B1904791
:10B870000134082CE7D1002EBDDAB04C01254FF081
:10B88000A04694F95000471C3DD0C0F3C2031033CA
:10B890006B44C1B213F80C2C00F0070305FA03F354
:10B8A0001A4200F03F002ED0830003F1A04305FAB6
:10B8B00000F7D3F80027D3F800C72CF4403CC3F8B6
:10B8C00000C7C2F30142D3F800C7022A0CBF4FF4ED
:10B8D000403E4FF4003E4CEA0E0CC3F800C723185C
:10B8E000C6F8207593F9303054F823305BB18909DC
:10B8F000032900F06581022A00F05F81032A02D14A
:10B90000022900F05D8194F95100411C3DD0C0F343
:10B91000C20310336B44C1B213F80C2C00F00703C0
:10B9200005FA03F31A4200F03F002ED0830003F122
:10B93000A04305FA00F7D3F80027D3F800C72CF48A
:10B94000403CC3F800C7C2F30142D3F800E7022A23
:10B950000CBF4FF4403C4FF4003C4CEA0E0CC3F8D3
:10B9600000C72318C6F8207593F9303054F82330F7
:10B970005BB18909032900F01981022A00F01381C3
:10B98000032A02D1022900F0118194F95200421CCD
:10B990003DD0C0F3C20310336B44C1B213F80C2C7A
:10B9A00000F0070305FA03F31A4200F03F002ED01F
:10B9B000830003F1A04305FA00F7D3F80027D3F87A
:10B9C00000C72CF4403CC3F800C7C2F30142D3F8CF
:10B9D00000E7022A0CBF4FF4403C4FF4003C4CEA15
:10B9E0000E0CC3F800C72318C6F8207593F9303041
:10B9F00054F823305BB18909032900F0D280022A70
:10BA000000F0CC80032A02D1022900F0CA8094F908
:10BA10005300431C3DD0C0F3C20310336B44C1B28A
:10BA200013F80C2C00F0070305FA03F31A4200F098
:10BA30003F002ED0830003F1A04305FA00F7D3F8AE
:10BA40000027D3F800C72CF4403CC3F800C7C2F36A
:10BA50000142D3F800E7022A0CBF4FF4403C4FF4F8
:10BA6000003C4CEA0E0CC3F800C72318C6F820753A
:10BA700093F9303054F823305BB18909032900F081
:10BA80009A80022A00F09480032A02D1022900F051
:10BA90009280D6F820350193C6F82035002B7FF42C
:10BAA000F0AE05B0F0BDD3F8042351067FF597AE94
:10BAB0000022C3F81821D3F818310293029B46F0F4
:10BAC00040068CE6D3F8042390067FF582AE002270
:10BAD000C3F81421D3F814310293029B46F02006D8
:10BAE00077E6D3F80423D4067FF56DAE0022C3F8C1
:10BAF0001021D3F810310293029B46F0100662E643
:10BB0000D3F8042315077FF558AE0022C3F80C21A3
:10BB1000D3F80C310293029B46F008064DE6D3F8A9
:10BB2000042357077FF543AE0022C3F80821D3F85A
:10BB300008310293029B46F0040638E69840002044
:10BB4000D3F8042392077FF52CAE0022C3F804211A
:10BB5000D3F804310293029B46F0020621E6D2F8A4
:10BB6000046316F001063FF416AEC2F80031D2F8B5
:10BB700000310293029B0EE60022C3F87C21D3F829
:10BB80007C2103924FF0A043039AD3F82025019221
:10BB9000C3F82025002E3FF470AE4FE601297FF454
:10BBA00036AF984733E701297FF4EFAE9847ECE6CC
:10BBB00001297FF46EAF98476BE701297FF4A3AEAC
:10BBC0009847A0E6014B1B68184700BFF4400020CF
:10BBD000104B98421BD130B583B000230DF1070004
:10BBE0008DF807300D46FCF787F80B4B9DF80700E2
:10BBF0001C793CB901221D601A71FCF7A3F820469C
:10BC000003B030BDFCF79EF8112003B030BD00201A
:10BC1000704700BF00200040F4400020034B9842D2
:10BC200003D1034B00221A601A71704700200040B4
:10BC3000F44000200220FFF77FBA00BF2DE9F04753
:10BC400006460D46FFF798FA032805D8012D04464D
:10BC50001AD0022D27D00DB1BDE8F0871B48FCF7A4
:10BC60000BF81B4B1B4A04EB44010B44125D9D78FF
:10BC7000AA42F1D1002DEFD0174B1B68002BEBD05F
:10BC80002846BDE8F0471847114F00EB4003FA186B
:10BC9000FD5C53784FEA40085BB9A04447440D4B24
:10BCA000BA781A55E6E70A4B00EB40041C44657865
:10BCB000E0E7DFF8289005484A464FF48041FBF75B
:10BCC0007FFF0028E9D189F80060E6E7C035002051
:10BCD000004100201C41002014410020FC400020B5
:10BCE00010B50078FFF748FA03280BD8064B00EB95
:10BCF00040001844407828B1044B1B6813B1BDE8DC
:10BD00001040184710BD00BF004100201441002022
:10BD100038B5BA4D2B7804466BB1B94B1B7800206F
:10BD20002870002B4DD0FFF7CFF90120FFF7CCF999
:10BD30000320FFF7C9F9172C00F25E81DFE814F049
:10BD4000EB00630063009F00AC00B900CB009700DC
:10BD500050004400500044007A00180018001800F9
:10BD600018001800D9001801810000015C005C0077
:10BD7000A448FBF781FFD4F11104054600F02681A9
:10BD8000002840F02381012C14D0C82303FB04F4C5
:10BD900029464FF400434FF47A70C4FB03014FF47B
:10BDA000FA6200230CF00AF92A4601469548FBF78F
:10BDB00007FF05460220FFF77BF9914B01221A701D
:10BDC0001FE0FFF78DF9B6E701202870FFF7B4F9FF
:10BDD000BDE838408C4800224FF40051FBF7F0BE1C
:10BDE00001202870FFF7A8F9BDE8384086480022F6
:10BDF00040F26661FBF7E4BEFFF788F9834B00254C
:10BE00001C70284638BD0020FFF744F9002840F098
:10BE1000C380FFF74DF940F6CD4141F69A13022C4D
:10BE200018BF1946794B1C70BDE83840764800228F
:10BE3000FBF7C6BEFFF76AF9744B0C221A70002597
:10BE4000DFE76F4B1B78002B00F0D3800020FFF75B
:10BE50003BF90120FFF738F90320FFF735F90120FE
:10BE6000FFF726F9694B14221A700025C9E7002054
:10BE7000FFF71EF9654B07221A700025C1E7002065
:10BE8000FFF708F9002840F09B80FFF711F940F612
:10BE9000CD415E4B0324C6E70020FFF7FBF80028E6
:10BEA00040F08880FFF704F941F69A11574B0424BB
:10BEB000B9E70020FFF7EEF8002877D1FFF7F8F890
:10BEC000524B514805241C70BDE83840002240F612
:10BED000CD41FBF775BE0020FFF72EF94B4B4A48CA
:10BEE00006241C70BDE83840002240F26661FBF772
:10BEF00067BE434B1B78002B78D00020FFF7E4F897
:10BF00000120FFF7E1F80320FFF7DEF83F4B122294
:10BF10001A70002575E73A4B1B78002B60D0002083
:10BF2000FFF7D2F80120FFF7CFF80320FFF7CCF896
:10BF30003548FBF7A1FE354B002205461A7060E735
:10BF40002F4B1B78002B48D00020FFF7BDF80120B5
:10BF5000FFF7BAF80320FFF7B7F80020FFF7A8F8BB
:10BF60000120FFF7A5F8294B15221A70002548E794
:10BF7000234B1B78BBB30020FFF7A6F80120FFF787
:10BF8000A3F80320FFF7A0F80020FFF791F81F4B5C
:10BF900013221A70002534E70020FFF795F8022CD1
:10BFA00047F2333118BF4FF480313BE70020FFF7F1
:10BFB0008BF885E70020FFF787F84FF4803175E7AD
:10BFC0000020FFF781F843F2333162E70220FFF7E8
:10BFD0007BF80B4B00221A7013E7FFF781F8BCE7E0
:10BFE000FFF77EF8A4E7FFF77BF8CDE7FFF778F8D7
:10BFF0008CE7FFF775F832E7002502E710410020D3
:10C00000FD400020A0350020E03500201841002030
:10C01000044B1B68DB0700D47047034B1878FFF70D
:10C0200077BE00BF0C41002018410020032801D931
:10C0300000207047FFF792B8044B1B6813F0010310
:10C0400001D118467047FFF763BE00BF0C410020C6
:10C0500038B5244B244A196081070446106004D483
:10C0600010F001052CD1284638BD204B20480E2168
:10C070000F221970DA701021112299715A7204215D
:10C0800040F23332FBF7D0FA054630B1E207EAD589
:10C090000120FFF783F8284638BDFBF721FB054652
:10C0A0000028F3D10146134A1348FBF771FDE3075B
:10C0B0000546D8D50120FFF771F8002DD3D102E055
:10C0C0000120FFF76BF80D4A0D480021FBF760FDDA
:10C0D00005460028C7D1BDE838400A4A0A48012170
:10C0E000FBF756BD144100200C4100200041002008
:10C0F000788C0300E1BC02009C8C030011C002009C
:10C10000A08C030035BC0200988C0300032806D8DD
:10C11000012A06D001291BD0022908D071B10720BD
:10C120007047012911D002294FF00002F6D10B4BC4
:10C1300000EB4000034400205A707047074B00EBAF
:10C140004000034408469A70704700F10E02D2B2D4
:10C1500000EB400301490020CA5470470041002011
:10C1600010B50388102B07D0112B04D1254B18686C
:10C170000138186030B110BD224C216811B3013173
:10C18000216010BD01220221FFF7C0FF40B1072846
:10C1900006D01D4B1B68002BEDD0BDE810401847A2
:10C1A000072202210120FFF7B1FF08B10728F0D1D3
:10C1B00000210A220846FFF7A9FF0028DBD0072844
:10C1C000E7D1D8E701220846FFF7A0FF38B10728DA
:10C1D00005D00D4B1B6803B198472168CFE70722B4
:10C1E00002210120FFF792FF08B10728F1D10422B4
:10C1F00002210020FFF78AFF0028EED00728E8D1AF
:10C20000EBE700BF2441002020410020184B10B56F
:10C21000186031B101200C46FFF708FFF8B1022386
:10C220002370144B186808B1002010BD01220221B0
:10C23000FFF76CFF08B10728F7D107220221012080
:10C24000FFF764FF08B10728EFD100210A22084652
:10C25000FFF75CFF0028E7D00728E5D010BDFFF707
:10C26000E5FE10B10B232370DBE72070D9E700BF98
:10C27000204100202441002076DF70477ADF70479C
:10C280007CDF70478FDF7047A8DF7047AADF7047F9
:10C29000ACDF7047AEDF7047B0DF704762DF7047DA
:10C2A000704700BF024A136801331360704700BF34
:10C2B0002042002000B50A4B83B084461B78ADF8BD
:10C2C00004C00A46012001A98DF80630FFF7DCFF03
:10C2D00010B903B05DF804FBFBF718FAF9E700BFEB
:10C2E000F036002070B590B001ADADF80C003348C9
:10C2F0009DF850C000788DF80E001CF0100F4FF024
:10C300000000CDE90900CDE90B00CDE90D00CDE934
:10C3100006000F90A870ADF808008DF80A009DF88F
:10C320005860BDF854001C460ED002AB0E939DF829
:10C330000A304FF0010E6EF342038DF80A301123DC
:10C340008DF808308DF809304FEA8C0E9DF82430B6
:10C350000EF0080E4EF0020E0CF0100C23F01A0333
:10C360004CEA0E0C4CEA030C9DF806308DF824C004
:10C370004FF0010C6CF342038DF8063011238DF859
:10C3800004308DF805302EB19DF8063043F00803D7
:10C390008DF8063008920B46ADF81840ADF81C40F9
:10C3A00004AA03AC09A905950494FFF76FFF08B927
:10C3B00010B070BDFBF7AAF9FAE700BFF036002015
:10C3C000FBF7A4B90FB42DE9F0411F4E06F5005755
:10C3D00082B008AA97F8003452F8048B0192472BD8
:10C3E00021D8D8018022304400210AF0CDFC97F8F2
:10C3F0000004019B424606EBC01080210AF03CFD80
:10C4000097F8003406EBC31600227F2803F10103DE
:10C4100094BF325486F87F2087F8003402B0BDE81C
:10C42000F04104B07047344606F50E55204680347E
:10C43000802221460AF09AFCA542F7D1472387F8CB
:10C4400000344FF40E50CDE7104500200378012B47
:10C4500003D0022B0FD053B170470948094B0A494A
:10C46000C01AC008000440F00100FAF70DBD074BE8
:10C4700001221A7070470248024B0549F0E700BFDD
:10C4800028BE0300E0BD0300A48C0300006E002062
:10C49000C08C0300032800D070474FF08043A922CE
:10C4A000C3F820250020FEF711BB00BF08B50378B4
:10C4B00003B108BD054B3B211888FFF7DDFE0028BE
:10C4C000F7D0BDE80840FBF721B900BFC036002017
:10C4D000072808B515D00A280ED0042800D008BDBA
:10C4E0000E4B13211888FFF7C7FE30F00803F6D073
:10C4F000BDE80840FBF70AB9BDE808400020FEF798
:10C50000E5BA064A12884FF6FF739A42E7D104480B
:10C5100002F00EFE30F00803EAD108BDC03600205C
:10C520001469002010B582B013210190FFF7A4FE1A
:10C53000019A0F4B78B10F4C0F49A3EB040C4FEA53
:10C54000DC0C4FEA0C4C03464CF0020002B0BDE894
:10C550001040FAF7D7BA074808491B1ADB081B0432
:10C5600043F0040002B0BDE81040FAF7AFBB00BFD3
:10C5700028BE0300E0BD0300D88C03001C8D03001F
:10C580002DE9F0419E4DAB78012B82B000F0BB80CD
:10C59000AB78032B00F0B7809A4F9B4C95F8513045
:10C5A0009A489B492B444FF080081B7C03F00702FC
:10C5B000DEB2825CDB0812F0010FCB5CC2F3400EEE
:10C5C000C2F3800C4FF0A04203F00100C3F340011E
:10C5D0000CBFC2F80C85C2F80885C3F380034FF086
:10C5E000A042BEF1000F40F089804FF4807EC2F877
:10C5F0000CE54FF0A042BCF1000F73D14FF0400C9E
:10C60000C2F80CC54FF0A042002873D10820C2F830
:10C610000C054FF0A04200293ED10421C2F80C15B0
:10C62000002B3ED14FF0A0434FF08042C3F80C25C1
:10C630002378002B3ED1774C774BE41AE40824048E
:10C6400044F004044FF0010885F852806B78734879
:10C6500040334FF47A7237F81350002102FB05F58E
:10C6600008F0B2FD6E4BD3F81025CDF800802D01F7
:10C67000D2B2002325FA02F207460244194667485F
:10C6800008F0B2FD67493B4606EB0802204602B0BF
:10C69000BDE8F041FAF736BA0421C2F80815002BBC
:10C6A000C0D04FF0A0434FF08042C3F80825237854
:10C6B000002BC0D05C495D480223012208F092FFA4
:10C6C000002840F09980012363706278514B524CEE
:10C6D00057491C1BE408240444F004042046FAF7DC
:10C6E000F5FAAFE74FF0400CC2F808C54FF0A04292
:10C6F00000288BD00820C2F808058AE74FF4807E16
:10C70000C2F808E575E72B78002B3FF445AF002110
:10C7100042483C4F08F058FD414AAB68D2F810251A
:10C7200095F801C04FF47A71D2B201FB03F31E0FEA
:10C73000C2F120041B0106FA04F4D340203A26FA81
:10C7400002F22343AC78134307EB0C02022C92F85D
:10C750009460A0EB0300E2B25FFA8CF304D0032AEA
:10C7600039D0012A28D0002695F85930264CB342FA
:10C770003FF414AF85F859602378002B3FF40EAFD7
:10C7800047F6FF7261682B4BB3FBF1F3934228BF6E
:10C790001346032B284A38BF032306FB03F3A2FBEF
:10C7A0000323C3F34F1363806388244A6FEA434330
:10C7B0006FEA53431380F1E6643337F8133003FB19
:10C7C00001F10029D0D08842CED200FB06F3B3FBA2
:10C7D000F1F3DEB2C8E707EB4303B3F8DC3003FB49
:10C7E00001F10029BFD08842BDD200FB06F3B3FBA4
:10C7F000F1F3F31ADEB2B7E7FAF788FF63E700BF99
:10C80000386E002030410020046E0020289603007E
:10C810003096030028BE0300E0BD030038960300F5
:10C8200000900040508D0300F0960300E836002091
:10C83000408D03000024F4001F85EB51BC6D0020E7
:10C84000F0B5194C237883B00BB903B0F0BD0027C5
:10C8500084F851706278154B154803EB4203394652
:10C86000B3F86C504FF47A7202FB05F508F0ACFC9B
:10C87000104BD3F810652D01F6B20121F5403B466F
:10C88000421900910A4808F0AFFC2378002BDCD055
:10C8900094F8512094F850309A42D6D203B0BDE8B3
:10C8A000F040FFF76DBE00BF386E00203041002021
:10C8B0003896030000900040704B1B7803B9704716
:10C8C00070B56F4C8EB01F200021012300938DF8AE
:10C8D0000F0021706B480DF10F02682109F0F4FC84
:10C8E000002840F0C8802378002BFCD00021217064
:10C8F0006448062307AA682109F038FD002840F0A3
:10C90000BA802378002BFCD025200021012300933E
:10C910008DF8100021705B4804AA682109F0D4FC4E
:10C92000002840F0A8802378002BFCD00021217043
:10C93000544806230DF12202682109F017FD002852
:10C9400040F099802378002BFCD00021682001233F
:10C9500000938DF811000591ADF818102170494829
:10C960000DF111021E2109F0AFFC002840F0838078
:10C970002378002BFCD0002121704248062305AA11
:10C980001E2109F0F3FC002875D12378002BFCD080
:10C990009DF824109DF825C09DF826209DF81CE0E8
:10C9A000394C3A4D4CEA012C9DF827102B6841EA8E
:10C9B0000221374A10889DF81D2042EA0E22A280EB
:10C9C0009DF81EE09DF81F2042EA0E22E2809DF8AD
:10C9D00020E09DF8212042EA0E2222819DF822E0EB
:10C9E0009DF8232042EA0E22628100226CF30F029E
:10C9F00061F31F42E260059A2261BDF81820A2820D
:10CA0000002263F30F02190C61F31F4222604FF6FC
:10CA1000FF72013390422B602DD01E4B0D941A886B
:10CA2000ADF82820012316258DF82A3000220DF1BB
:10CA300012030AA9ADF81250ADF82C200C93FFF7A1
:10CA400029FCC0B1144E154A33881288013303F013
:10CA50001F0302F01F0293420DD03388104803F0E9
:10CA60001F0305FB03002A4621460AF07FF933889D
:10CA700001339BB233800EB070BD00BF084500206B
:10CA8000006E00200497030024420020044500208B
:10CA9000C03600207C6D00203A4200203C4200203D
:10CAA000404200202DE9F043734D744885B00022C8
:10CAB00040F64E710092ADF80C102A70022303AAC2
:10CAC000682109F001FC002840F0A5802B78002B9C
:10CAD00040F0CE806A4E4FF4FA7446F001064FF4EF
:10CAE0007A40B0472B78013CA3B9002CF7D1654BB5
:10CAF00065486649C01AC008000440F00100FAF712
:10CB0000C3F96248FFF75EFC4FF00D09484605B0D7
:10CB1000BDE8F083002CEAD05A4B5B4F5C49FF1A0A
:10CB2000FF083F0447F004084046FAF7ADF95848BB
:10CB3000FFF748FC002300932B7040F24F63ADF8E1
:10CB40000C304E48022303AA682109F0BDFB814640
:10CB5000002874D12B78D3B9494E46F001064FF422
:10CB60007A40B0472B78013C7BB9002CF7D149497A
:10CB700047F00100FAF788F94648FFF723FC4FF029
:10CB80000D09484605B0BDE8F083002CEFD04249BE
:10CB90004046FAF779F94048FFF714FC0023009368
:10CBA0002B704FF4CA63ADF80C30344803AA02234B
:10CBB000682109F089FB814600284ED12B78BBB94A
:10CBC0002F4E46F001064FF47A40B0472B78013CD7
:10CBD00063B9002CF7D1314947F00100FAF754F955
:10CBE0002E48FFF7EFFB4FF00D09CAE7002CF2D0FB
:10CBF0002B494046FAF748F92948FFF7E3FB294952
:10CC000047F00300FAF740F92648FFF7DBFB4846F8
:10CC100005B0BDE8F08381461A4B1B482249C01A73
:10CC2000C00800044A4640F00100FAF74FF81E48D9
:10CC30004946FFF7C7FB484605B0BDE8F08347F01B
:10CC400001004A461949FAF741F818484946FFF7E2
:10CC5000B9FB484605B0BDE8F08347F00100144930
:10CC60004A46FAF733F812484946FFF7ABFB88E724
:10CC70004FF4FA7450E700BF006E002004970300E1
:10CC800050960300E0BD030028BE0300A08D030002
:10CC9000C48D0300F08D0300488E0300A88E0300AE
:10CCA000D08E0300F88E0300648D0300148E030001
:10CCB000708E030010B5044606F038FC204606F0DE
:10CCC000D1FC204606F04AF923780D2B00D010BD88
:10CCD0000B48032102F0E0F904460028F7D0094B85
:10CCE00009480A49C01AC0080004224640F0010061
:10CCF000F9F7ECFF2046BDE81040FAF707BD00BF8A
:10CD000014690020E0BD030028BE0300148F030057
:10CD1000022801D00120704738B5184B184C194D26
:10CD20001949E41AE408240444F003042046FAF7FD
:10CD3000ABF82B782BB920461449FAF7A5F8012057
:10CD400038BD13492046FAF79FF8124808F02AFA2E
:10CD5000104808F035FA00210F4808F0C5FC0F4ACA
:10CD60004FF0A043002151704FF40072C3F80C251E
:10CD700028465C220AF008F8DDE700BFE0BD0300AA
:10CD800028BE0300386E0020488F0300988F0300F0
:10CD9000788F030038960300E8360020046E0020E8
:10CDA000032864D8DFE800F01A100C023448354B31
:10CDB0003549C01AC008000440F00100FAF764B811
:10CDC0002F48304B3149F4E72D482E4B3049C01ADB
:10CDD000C008000440F00300FAF756B830B5294BFC
:10CDE000274C2C4D2C49E41AE408240444F0030495
:10CDF0008DB02046FAF748F82B78E3B92C220021B1
:10CE0000684609F0C1FF9FED1C7B0123694623485A
:10CE10008DF804308DED047B8DF8003002F0B8F908
:10CE200000211F4802F0DCFD1E4902462046F9F7AA
:10CE30004DFF0DB030BD1C492046FAF725F81B48C0
:10CE400008F0B0F9194808F0BBF90021184808F0BB
:10CE50004BFC184A4FF0A043002151704FF4007270
:10CE6000C3F80C2528465C2209F08EFFC6E704486B
:10CE7000044B11499DE700BF2C0100000000000099
:10CE800028BE0300E0BD030070900300349003004F
:10CE900010900300386E0020C88F03001469002032
:10CEA00025C50200F88F0300788F03003896030031
:10CEB000E8360020046E0020A09003002DE9F04722
:10CEC0006C486D4B6D4DDFF8C8916D4FDFF8D88120
:10CED000C01AC008000482B040F0040A40F0030405
:10CEE000AB78032B05D8DFE803F0023734120123B7
:10CEF000AB70A9786B780229DBB2CAB200F08B80E4
:10CF0000032A7ED0012A4BD002B0BDE8F0872B78EF
:10CF1000002BEED0002648466E6508F043F93B78BA
:10CF20003BB195F8513095F850200133934280F28F
:10CF300096806B780133DBB26B70524B6A781B784A
:10CF40009A4271D26A789342D0B26DD900F0AEF8AD
:10CF5000CFE70323AB70CCE70223AB7095F85830D2
:10CF6000DBB285F8593047F6FF727968464BB3FB60
:10CF7000F1F3934228BF1346032B95F8592038BF8D
:10CF8000032302FB03F3A8FB0323C3F34F137B80AC
:10CF90007B883E4A6FEA43436FEA53431380A8E716
:10CFA000384A643332F813604FF47A7202FB06F6A3
:10CFB00006B30021364808F007F9364BA3FB0013EF
:10CFC0009B093549AB60D1F810353601DBB200243E
:10CFD000DE400246012300932D48324402212346BD
:10CFE00008F002F96C6585F8514002B0BDE8F047E1
:10CFF000FFF726BC2B78002B7FF472AF02B0BDE8A0
:10D00000F087204A02EB43034FF47A72B3F8DC60F6
:10D0100002FB06F6CCE71B4A2C3332F813604FF4C0
:10D020007A7202FB06F6C3E71C492046F9F72CFF8B
:10D03000484608F0B7F8484608F0C2F800211848FA
:10D0400008F052FB4FF0A04300214FF400727970BA
:10D050000A48C3F80C255C2209F096FE49E73146E0
:10D060000F4808F041FB7E707A780E495046F9F778
:10D070002DFE5EE728BE0300E0BD0300386E0020F1
:10D08000046E0020304100200024F400BC6D00201C
:10D0900038960300D34D621000900040788F030053
:10D0A000E8360020408D03001F85EB512DE9F0414B
:10D0B0004A4E4B4D337884B00446002B3ED00928AD
:10D0C0003CD800F12802474B55F822709F4228BFF8
:10D0D0001F46B7F57A7F736838BF4FF47A779F425F
:10D0E00022D00021404808F0FFFA4FF000083E48E7
:10D0F00086F8018008F052FA6FF0F30301930723DA
:10D10000ADF8083038488DF80A800223424601A95C
:10D11000ADF80E30354BB3FBF7F3ADF80C3008F03B
:10D1200019F9002857D177600022728073887270D5
:10D130006FEA43432E4A6FEA53431380631C05EBA7
:10D14000C3022C4E55F833705068002386F85030D7
:10D1500006F1100EC3F1200CA3F1200127FA03F20F
:10D1600000FA0CFC20FA01F142EA0C020A43D20751
:10D17000D9B203F101030AD596F85020D2B20EF8C5
:10D18000021096F850200132D2B286F85020402B7F
:10D19000E0D12544002795F894301748747086F83C
:10D1A000583086F8597086F8517086F85270776555
:10D1B00007F0F8FF104808F003F80F4807F0E4FF05
:10D1C000B770337823B104B0BDE8F041FFF776BE05
:10D1D00004B0BDE8F081FAF799FAA4E7046E0020E4
:10D1E0003041002040420F00E83600200024F400C7
:10D1F000BC6D0020386E002038960300000000004F
:10D200002DE9F04F0388103B8BB00446472B5AD8CA
:10D21000DFE813F0D600EE00FF0059005900590076
:10D220005900590059005900590059005900590036
:10D230005900590059001A01590059005900590064
:10D240005900590059005900590059005900590016
:10D250005900590059005900590059005900590006
:10D260005900590059005900590048005900590007
:10D2700059005900590059005900590059005900E6
:10D2800059005900590059005900590059005900D6
:10D290005900590031018A015900590059005900BB
:10D2A0000A025C00AC48AD4BAD49C01AC00800048E
:10D2B00040F00400F9F7E8FDA0881321FEF7DCFF39
:10D2C000002840F090800BB0BDE8F08FA54CA64F31
:10D2D000207897F80034834240F2AA81DFF89482E4
:10D2E000DFF8E8920DF1180A0DF11606A7F50055C2
:10D2F00005E097F800342070834240F2998105EBF5
:10D30000C01009F085FD4FF0010394F800B08DF8CE
:10D310001A304FF000030130ADF81C30B9F800307E
:10D32000ADF81600ADF81830B8F80000089605EB17
:10D33000CB1351460993FEF7ADFF13280BF1010003
:10D34000C0B2D6D1894C8A4F22883B8892B29BB218
:10D350009A42B8D0874A15884FF6FF739D42B2D0E3
:10D36000DFF86C820DF1180A0DF116064FF0160B5E
:10D370004FF001094FF00003ADF81C3023887E4ABE
:10D38000ADF816B003F01F030BFB032309935146BE
:10D39000B8F800308DF81A9028460896ADF8183085
:10D3A000FEF778FF08B113288DD0238801339BB294
:10D3B000238023883A889BB292B29A42DAD182E7DC
:10D3C000664B65486D49C01AC008000440F0030070
:10D3D000F9F75AFD674BA2881A800720FEF72CFE4A
:10D3E00000283FF470AF0BB0BDE8F04FFAF78EB9EC
:10D3F0005A4B59486249C01AC008000440F0030063
:10D40000F9F742FD5B4B4FF6FF721A800BB0BDE897
:10D41000F08F00890AF036FB5A4B00220AF09CFB81
:10D42000024660890D4614460AF02CFB554B00223B
:10D430000AF092FB2246CDE900012B465248FEF746
:10D44000C1FF0BB0BDE8F08F444B43484F49C01AB1
:10D45000C008000440F00400F9F716FD0023A0887E
:10D46000ADF8183006A9FEF70DFF00283FF42BAFEA
:10D47000FAF74CF927E7464AC38812889A4200F027
:10D48000B182444A12889A4200F0BC82424D2A88F6
:10D490009A4200F0D280414A12889A4200F0C28239
:10D4A0003F4A12889A4200F017833E4A12889A42F5
:10D4B00000F065843C4A12889A4200F063843B4A3B
:10D4C00012889A4200F06484394A12889A4200F025
:10D4D0005C84384A12889A4200F05D84364A128889
:10D4E0009A4200F05B84354A12889A4200F05984CF
:10D4F000334A12889A4200F05784324A12889A427C
:10D5000008BF08217FF4DFAE2F4B228A03EB011303
:10D5100099688A423FF6D7AE586804F112010BB001
:10D52000BDE8F04F09F022BC8379012B00F03A826C
:10D530000C4C0D4F207897F80034834240F20B8258
:10D54000DFF83080DFF884900DF1180A0DF116062F
:10D55000A7F5005544E000BF28BE0300E0BD03006E
:10D56000BC94030011690020106500203C4200209B
:10D570003A420020C036002040420020C8900300FC
:10D58000D49003000000F43F78940300A8940300B3
:10D59000E46D0020DC6D0020EC6D0020846D002027
:10D5A0008C6D0020D46D00209C6D0020606D0020EB
:10D5B000A46D0020AC6D0020486D0020B46D0020EB
:10D5C000CC6D0020C46D002058960300586D0020DB
:10D5D0007C6D002097F800342070834240F2BB81BC
:10D5E00005EBC01009F014FC4FF0010394F800B0F3
:10D5F0008DF81A304FF000030130ADF81C30B9F847
:10D600000030ADF81600ADF81830B8F800000896F4
:10D6100005EBCB1351460993FEF73CFE13280BF1A3
:10D620000100C0B2D6D14EE6CD48CE4BCE493CE645
:10D63000002387F80034237084E6038A012B7FF4EB
:10D6400042AE837C012B7FF43EAEDFF8388398F83E
:10D650000030002B40F09784C44BC54E1B783370CC
:10D660000A2B9B4628BF4FF00A0B002B00F04E817F
:10D67000DFF820A3DFF82093BAF80070DFF81CE38E
:10D68000DFF81CC3A6F85870B9F80070B94BBA4857
:10D69000A6F86C70BEF80070B849A6F880709CF8C7
:10D6A0000070B74A86F8947093ED007B0768C6F85F
:10D6B000A0700F88A6F8C870BBF1010F1788A6F8F4
:10D6C000DC7086ED027B00F02181BAF80270A6F8CA
:10D6D0005A70B9F80270A6F86E70BEF80270A6F81B
:10D6E00082709CF8017086F8957093ED027B476814
:10D6F000C6F8A4704F88A6F8CA70BBF1020F57880D
:10D70000A6F8DE7086ED047B00F00081BAF80470A4
:10D71000A6F85C70B9F80470A6F87070BEF80470D2
:10D72000A6F884709CF8027086F8967093ED047BDE
:10D730008768C6F8A8708F88A6F8CC70BBF1030F75
:10D740009788A6F8E07086ED067B00F0DF80BAF8D7
:10D750000670A6F85E70B9F80670A6F87270BEF88A
:10D760000670A6F886709CF8037086F8977093EDA3
:10D77000067BC768C6F8AC70CF88A6F8CE70BBF140
:10D78000040FD788A6F8E27086ED087B00F0BE8013
:10D79000BAF80870A6F86070B9F80870A6F8747046
:10D7A000BEF80870A6F888709CF8047086F8987027
:10D7B00093ED087B0769C6F8B0700F89A6F8D070A2
:10D7C000BBF1050F1789A6F8E47086ED0A7B00F01F
:10D7D0009D80BAF80A70A6F86270B9F80A70A6F8C7
:10D7E0007670BEF80A70A6F88A709CF8057086F804
:10D7F000997093ED0A7B4769C6F8B4704F89A6F813
:10D80000D270BBF1060F5789A6F8E67086ED0C7B47
:10D810007CD0BAF80C70A6F86470B9F80C70A6F851
:10D820007870BEF80C70A6F88C709CF8067086F8BC
:10D830009A7093ED0C7B8769C6F8B8708F89A6F84B
:10D84000D470BBF1070F9789A6F8E87086ED0E7BC0
:10D850005CD0BAF80E70A6F86670B9F80E70A6F82B
:10D860007A70BEF80E70A6F88E709CF8077086F875
:10D870009B7093ED0E7BC769C6F8BC70CF89A6F884
:10D88000D670BBF1080FD789A6F8EA7086ED107B39
:10D890003CD0BAF81070A6F86870B9F81070A6F805
:10D8A0007C70BEF81070A6F890709CF8087086F82E
:10D8B0009C7093ED107B076AC6F8C0700F8AA6F8BB
:10D8C000D870BBF10A0F178AA6F8EC7086ED127BB0
:10D8D0001CD1528AA6F8EE20D3E91223BAF81270AE
:10D8E000A6F86A70B9F81270A6F87E70C6E914231B
:10D8F000BEF81270406A498AA6F892709CF80970C6
:10D9000086F89D70C6F8C400A6F8DA105C221D489F
:10D91000002109F039FA01231B4A88F800304FF042
:10D92000A0471A4B12681A604FF40078C7F80885B0
:10D930003678002E00F032830020FFF7B7FB144B3F
:10D940002988A088079301220026069206AA1E7045
:10D95000FEF79EFCB7E4002387F800342370B2E49E
:10D9600028BE0300E0BD0300D49403004437002028
:10D9700030410020603600201C370020206E00203F
:10D980000C6E0020386E0020204200200C45002044
:10D99000946E002018360020F4360020083700204E
:10D9A00000360020C24A038912889A4200F0AC81F6
:10D9B000C04A12889A4200F0AA80BF4A12889A424E
:10D9C0007FF4B6ADBD48BE4B008801244FF48031D2
:10D9D000CDE906414FF4802206A9CDE90823FEF7E0
:10D9E0005BFC70E4038A012B7FF46DAC837CB54A49
:10D9F000012B13704FF0A0434FF480620FD0C3F897
:10DA00000C2560E4038A012B7FF45DAC837CAE4A75
:10DA1000012B13704FF0A0434FF40072EFD1C3F805
:10DA2000082550E4038A012B7FF44DAC837CA74A80
:10DA30001370002B00F09B81A54C4FF0CC72237823
:10DA400008921C2010214FF48172CDE90601099241
:10DA5000002B40F075820DF1180A9E4A9E48002363
:10DA6000514607F0FDFE0546002800F0A0819B4BC3
:10DA70009B4C9C49E41AE408240444F00104024647
:10DA80002046F9F723F997482946FEF79BFC2046E4
:10DA90009549F9F7F9F99448FEF794FCFFF702F875
:10DAA0000024924B924D1B784FF47A704FF4004251
:10DAB0002146B0FBF3F3C3FB020101232B704FF4AB
:10DAC000FA6200230AF07AFA01468A4822460BB02D
:10DAD000BDE8F04FFAF774B8038A012B7FF4F3AB7B
:10DAE000834B824D1B78827C2A70002B3FF4EBAB7A
:10DAF00080480024FAF7C0F84FF47A704FF40042DF
:10DB000021462B78B0FBF3F3C3FB0201D7E74FF0BC
:10DB1000A0454FF000080323DFF8E8B1C5F830371F
:10DB2000C14646460DF1180A4FF48057039406F09B
:10DB30000703714AD25CC6F3C40312F0010F1BF84D
:10DB4000033002F0020E02F004044FF0800203F0F2
:10DB5000010003F002010CBFC5F80C25C5F808252B
:10DB600003F004034FF48072BEF1000F40F0958083
:10DB7000C5F80C254022002C40F08C80C5F80C25FF
:10DB80000822002840F08380C5F80C2504220029D3
:10DB90007AD1C5F80C25002B71D14FF08043C5F820
:10DBA0000C35C5F80C750023C5F8087551460120E1
:10DBB000ADF8183008F0D8FF002871D1BDF9180071
:10DBC0004E4BC0EB0010C0EB00100001A3FB002384
:10DBD000C01A03EB5000C00A09F044FF32A3D3E996
:10DBE00000230AF0E3F80AF0C9F907EE900AF8EE0C
:10DBF000677AB1EE047A0123F4EEC77AA6F1200227
:10DC0000C6F1200103FA02F223FA01F1F1EE10FA53
:10DC1000C5F80C7542EA01022BDBB1EE0C7AF4EE8A
:10DC2000C77AF1EE10FA24D8B34042EA090943EA70
:10DC300008080136402E7FF47AAF314B039CC3F8BD
:10DC40000080DFF87880C3F80490012206920993DF
:10DC50004FF480324FF40023B8F800005146CDE96C
:10DC60000723FEF719FBA379012B7FF461AC23890D
:10DC7000A3E6B34029EA020928EA0308D9E74FF0EE
:10DC80008043C5F808358CE7C5F8082583E7C5F853
:10DC900008257BE7C5F8082572E7C5F8082569E778
:10DCA000F9F734FD8AE700BF0000000000E05140B2
:10DCB000506D0020F86D0020946D0020C0360020CB
:10DCC0000C45002045370020346E00200045002020
:10DCD000F46D00204DC4020000970300E0BD030076
:10DCE00028BE030058910300889103005836002095
:10DCF00008450020C83600202896030001011000C6
:10DD0000986E0020309603000DF1180A002051464D
:10DD1000ADF8180008F028FF30BBBDF91830BF4A35
:10DD2000DFF87483C3EB0313C3EB03135B01A2FBA4
:10DD300003129B1A02EB5303B94AB8F80000C3F36D
:10DD4000CF23138001254FF48033CDE9065351468C
:10DD50004FF40033CDE90832FEF79EFAA379012B88
:10DD60007FF4E6AB238923E6F9F7D0FCD5E7AD4A8B
:10DD7000AD4813700BB0BDE8F04FF9F77DBF00213F
:10DD8000FFF7C2BB0121FFF7BFBB0321FFF7BCBBFD
:10DD90000221FFF7B9BB0421FFF7B6BB0521FFF74E
:10DDA000B3BB0621FFF7B0BB0721FFF7ADBB9F4810
:10DDB0009F4FA04E08F078FA9F4BA049FF1AFF082A
:10DDC0003F0447F00308012340462370F9F75CF84D
:10DDD0009A48FEF7F7FA752399498DF818304046AE
:10DDE000F9F752F89648FEF7EDFA052446F00106D9
:10DDF0004FF47A40B047013CFAD1924D8B48012351
:10DE0000009352462C70682108F05EFA0446002800
:10DE100040F0E2802B784FF4FA74002B71D14FF46C
:10DE20007A40B0472B78013C002B68D1002CF6D10A
:10DE300047F001008449F9F727F88448FEF7C2FA51
:10DE400047F002008249F9F71FF88148FEF7BAFA55
:10DE5000FEF728FE0246002840F08F804FF48352E0
:10DE60000090ADF8182028700223704852461E21F9
:10DE700008F02AFA0446002840F010812B78002B85
:10DE8000FCD06123ADF818300023009367482B7055
:10DE9000524602231E2108F017FA0446002840F0DB
:10DEA0001A812B78002BFCD06223ADF818300023A8
:10DEB00000935E482B70524602231E2108F004FA9C
:10DEC0000446002840F0FB802B78002BFCD06149F1
:10DED0004046F8F7D9FF5F48FEF774FA5E4A5F489C
:10DEE0000121F9F755FE00283FF4D8AD47F00100B5
:10DEF0005B49F8F7C9FF5A48FEF764FACEE5002CF3
:10DF000096D000232B70494801230DF11602682199
:10DF100008F02CFA8146002874D12B78B3B94FF45D
:10DF20007A40B0472B78013C73B9002CF7D147F009
:10DF300001004C49F8F7A8FF4A48FEF743FA7FE78B
:10DF40003A4808F053F986E5002CF0D09DF81620E9
:10DF500045494046F8F7BAFE9DF816104248FEF7CC
:10DF600031FA9DF816206F2A41D140463F49F8F713
:10DF70008BFF3E48FEF726FA6AE73D4947F001006D
:10DF8000F8F7A4FE8AE52C4B29483A49C01AC00884
:10DF9000000440F00200F8F777FFD0E4264B244855
:10DFA0003549C01AC008000440F00300F8F76CFFC0
:10DFB000324807F0F7F8314807F002F931463048A7
:10DFC00007F092FB2F4B30485E703146C7F80C8546
:10DFD0005C2208F0D9FEB2E447F001002B4922464A
:10DFE000F8F774FE29482146FEF7ECF928E747F0D8
:10DFF00001002749F8F76AFE9DF816102448FEF73D
:10E00000E1F91DE747F0010022494A46F8F75EFEB4
:10E0100020484946FEF7D6F912E700BF010110007B
:10E020002841002008450020C8360020049703003E
:10E0300028BE030050960300E0BD030014910300C6
:10E0400034910300006E0020E4910300109203005D
:10E050002C93030028940300B9C80200EC96030037
:10E060005C9403003C920300989203000093030029
:10E0700068930300E4900300788F03003896030050
:10E08000E8360020046E0020386E0020A4910300C2
:10E09000CC92030060920300C036002047F00107D5
:10E0A000134938462246F8F711FE11482146FEF77B
:10E0B00089F9104922463846F8F708FEEEE447F0A1
:10E0C000010738460C492246F8F700FE0A48214667
:10E0D000FEF778F9EDE747F0010738460749224691
:10E0E000F8F7F4FD05482146FEF76CF9E1E700BFBB
:10E0F00098930300EC940300F8930300C893030083
:10E1000070B52F4C237843B1B0F5A27F44D0B0F561
:10E11000A47F3AD0B0F5A07F00D070BD002129487F
:10E12000294D2A4E07F050F8294B2A49ED1AED08DF
:10E130002D0445F0040502462846F8F7C7FD33785C
:10E140008BB194F8513094F85020013393420ADB9C
:10E150000021214807F0C8FA0023737072781F4924
:10E160002846F8F7B3FD002284F8522094F8513085
:10E170000133DBB284F8513094F8511094F85030E8
:10E18000994210D384F8512070BD2378002BC4D05D
:10E19000BDE87040FEF792BE636D01336365BDE874
:10E1A0007040FEF74DBB2378002BB6D094F8512079
:10E1B00094F850309A42B0D2BDE87040FEF7E0B912
:10E1C000386E00203896030028BE0300046E00203D
:10E1D000E0BD030024950300E8360020408D0300D5
:10E1E0002DE9F0474FF48041B4B00020F8F740F932
:10E1F000002840F04183F8F72BF908F069FA00286D
:10E2000040F040834FF0A0430322CC49C3F82827B5
:10E21000C3F82427C3F81C27C3F82027C3F81827FE
:10E22000C3F80C27C3F80827C3F878270A78002A10
:10E2300000F01D834FF48062C3F80825C04B1B78A3
:10E24000002B00F00D834FF0A0434FF40072C3F891
:10E2500008254FF0A04380214FF48072C3F80C15BD
:10E260004024C3F80C25082004214FF08042C3F855
:10E270000845C3F80C05C3F80C15C3F80825F9F7D1
:10E2800051FC002840F0FB82AE4AAF480121F9F76B
:10E290007FFC002840F07683AC4800221021F9F77B
:10E2A0008FFC002840F06B83A9490320FDF7D0FEC6
:10E2B000002840F0618308AD29460020FDF7A6FF45
:10E2C000002840F056839DF82090FCF7BFFB002803
:10E2D00040F0708306F014FC002840F068830023AF
:10E2E00029460120089306F073FD002840F05C8366
:10E2F000284606F04DFE002840F053831123954830
:10E300008DF8143008F084FD0DF1140882B29149A3
:10E310004046FDF7B5FF002840F040830822002169
:10E32000284608F031FD4FF006124FF0C87328461A
:10E33000CDE90823FDF7A2FF002840F02C83864892
:10E34000802103F079F8002840F0228382480021E0
:10E3500003F05AF8002840F0188304F0E3FB00288B
:10E3600040F0A88205220021284608F00DFDBDF8E6
:10E3700022309DF8242023F47F7323F0030322F03E
:10E38000030243F4447342F0030240F23171284621
:10E39000ADF82010ADF822308DF8242004F088FC70
:10E3A000002840F084826D4804F066FC002840F0AC
:10E3B0007B826B4B0FCB85E80F006A491022284601
:10E3C00008F0D4FC68492846FDF768FF002840F0B3
:10E3D0006882664B0893284608F0FAF8002840F057
:10E3E0005D82634E642446F001064FF47A40B047E4
:10E3F000013CFAD104A94FF4A050FDF75BFFBDF832
:10E4000010305C4A0127CDE9013421460B234FF43B
:10E41000A8500097FDF766FFBDF81030564A0193EB
:10E4200021460C2341F20150029400970326FDF788
:10E4300059FFBDF81030514A01932146052341F29E
:10E44000035002940096FDF74DFFBDF810304C4A82
:10E450004C49019341F20450082302970097FDF7BD
:10E4600041FFBDF81030484A4849019341F2065037
:10E47000022302970097FDF735FFBDF810302F4AB1
:10E480004349019341F207503B4602940096FDF741
:10E4900029FFBDF810302A4A3E49019341F2085045
:10E4A0003B4602940096FDF71DFF4FF0110ABDF8A0
:10E4B0001030394901932246802341F209500294D9
:10E4C000CDF800A0FDF70EFFBDF81030334A3449F7
:10E4D000019341F20A50042302970097FDF702FFCF
:10E4E0000DF1120141F20140FDF7E4FEBDF81230DA
:10E4F0002C4A2D4901934FF4B0503B4602940096AC
:10E50000FDF7F0FEBDF81230284A2949019341F287
:10E510000160502302940096FDF7E4FEBDF812302E
:10E52000244A2549019341F2026014230294009683
:10E53000FDF7D8FEBDF8123040E000BF453700209F
:10E54000346E0020A5C20200E89603003836002091
:10E55000D1C4020034950300686D0020B5CC0200E0
:10E56000E0950300B0360020F0360020A1CD020077
:10E57000509603000C3600202C360020483700202F
:10E58000986E0020F86D002028410020506D00207A
:10E59000E46D0020DC6D0020586D00200C4500204B
:10E5A000946D002044370020D46D00206036002098
:10E5B0009C6D002018360020606D0020C04AC149C3
:10E5C000019341F20360142302940096FDF78AFE42
:10E5D000BDF81230BC4ABD49019341F204601423D6
:10E5E00002940096FDF77EFEBDF81230B84AB94994
:10E5F000019341F205600A2302940096FDF772FE32
:10E60000BDF81230B44AB549019341F2066028239F
:10E6100002940096FDF766FEBDF81230B04AB1498B
:10E62000019341F20760142302940096FDF75AFE0D
:10E63000BDF81230AC4AAD49019341F20860142391
:10E6400002940096FDF74EFEBDF81230A84AA94983
:10E65000019341F209603B4602940096FDF742FEA9
:10E66000414641F20240FDF725FEBDF81430A24AB2
:10E67000A24901934FF4B8503B4602940096FDF72F
:10E6800031FEBDF814309E4A9E49019341F201705B
:10E690003B4602940096FDF725FEBDF814309A4AD9
:10E6A000019321463B4641F2027002940096FDF729
:10E6B00019FEBDF81430954A9549019341F2037053
:10E6C0001623CDF800A00294FDF70CFE2146AC22E3
:10E6D000284608F059FB4FF496720023CDE92A230F
:10E6E00002228C4B8DF820204FF4C062ADF822201E
:10E6F00093E8070088E807008748ADF830602946AE
:10E70000CDF834808DF89C7000F03CFC002840F07F
:10E71000C2808148012100F031FC1C2200212846E2
:10E7200008F032FB00234FF4A032CDE908324FF459
:10E73000F0220A9203228DF82C20ADF82E30774A71
:10E740008DF830302846764B0D920E9301F00CFC7C
:10E75000002840F09D80734B734A93E8030085E8DE
:10E7600003007248294606F08DFC002840F08D8099
:10E770006F4B93E8070085E807006E4800222946A2
:10E7800006F0E8FD002840F0F1800121694806F01C
:10E79000ABFF694B00214FF40042C3E90021674BF6
:10E7A0004FF0A04201241C7002204CF250345970EA
:10E7B00059805C60C2F81007C2F81407604808F07E
:10E7C00013F9002840F0CF805E4A07CA434603C3CE
:10E7D00041461A70002008F05BF9002840F0C08024
:10E7E000594A07CA2B4603C3294601201A7008F06C
:10E7F0004FF9002861D1B9F1020F1BD1534C544D90
:10E800005449601BC008000440F00300F8F73CFBCB
:10E8100004F07AFA08BB601BC00800044E4940F0BF
:10E820000300F8F731FBF7F773FE0028FBD1FCF784
:10E8300023F9F8E73848454C454D032100F02CFCFE
:10E8400006460028E7D00246601BC008000440F0DE
:10E8500001004249F8F73AFA3046F8F757FFDAE78D
:10E860004FF0A0434FF40072C3F80C25F1E44FF4CD
:10E870008062C3F80C25E1E4F8F748FFBBE4F8F741
:10E8800045FF01E5F8F742FFBCE4F8F73FFF6FE70B
:10E89000F8F73CFF5FE7F8F739FF3AE7F8F736FF9C
:10E8A0009FE5F8F733FF94E5F8F730FF81E5F8F7D7
:10E8B0002DFF78E5F8F72AFF54E5F8F727FF9AE7E8
:10E8C000F4360020A46D002008370020AC6D002035
:10E8D00000360020486D00201C370020B46D002059
:10E8E000206E0020CC6D00200C6E0020C46D002036
:10E8F000946E0020EC6D002000450020846D002007
:10E90000583600208C6D0020014500202442002054
:10E910007C6D0020F095030014690020ADC4020056
:10E92000C1C30200FC95030001E102003896030018
:10E9300004960300E8360020BC6D0020046E002021
:10E9400040960300109603001C96030028BE0300A7
:10E95000E0BD03004095030050950300148F0300B1
:10E96000F8F7D4FE3CE7F8F7D1FE2DE7F8F7CEFE36
:10E970000BE7F8F7CBFEA6E4F8F7C8FE9BE4F8F740
:10E98000C5FE91E4F8F7C2FE86E4F8F7BFFEE4E4C2
:10E99000F8F7BCFEDAE4F8F7B9FED0E4F8F7B6FE13
:10E9A000BCE4F8F7B3FEA9E4F8F7B0FEA0E4F8F78A
:10E9B000ADFE94E4F8F7AAFE8CE400BF13DF7047C5
:10E9C00038B50023D3F8F85F6A1C11D0154B164CEC
:10E9D0001649E41AE40824042A4644F00300F8F730
:10E9E00075F92846FFF7EAFF054698B9284638BD6D
:10E9F0004FF010235D696B1CE8D10A4B0A480C49A3
:10EA0000C01AC008000440F001000425F8F73CFAE1
:10EA1000284638BD44F001000649F8F735FA284683
:10EA200038BD00BFE0BD030028BE030010970300FF
:10EA3000709703003C97030038B50C4B0C4C0D4A03
:10EA40000D49E41AE408240444F00300F8F73EF901
:10EA50000848FFF7B3FF054608B9284638BD44F01B
:10EA600001000649F8F710FA284638BDE0BD03005A
:10EA700028BE030000600200889703003C97030053
:10EA80002DE9F04FDFF8A09100EB400609EBC60638
:10EA900083B0F76A012F80468B4692464FEA4004C6
:10EAA00007D0022F49D03FB30027384603B0BDE856
:10EAB000F08FB76A756AAF427AD9013F7F1B366A19
:10EAC000574528BF5746721B97427BD208F1010376
:10EAD00003EB430309EBC303594658683A462844FD
:10EAE00008F044F9444409EBC4093D443846C9F8E8
:10EAF000245003B0BDE8F08FB36A756AAB429CBF87
:10EB0000326A9B18013B5B1B9A45CED8044409EB43
:10EB1000C40400F10108266A771B08EB4808BA45CF
:10EB200009EBC8096ED2D9F804005246284455446E
:10EB300008F01CF957466562B7E700F1010808EBD9
:10EB40004808756A4FEAC8080027B26AAA4202F16B
:10EB5000FF3422D9621B346A524509EB0801A4EB49
:10EB6000050428BF52469442486828BF14462844EA
:10EB70005946224608F0FAF8336A25449D42AAEB2A
:10EB8000040A2744A3440DD07562BAF1000F8CD05B
:10EB9000B26AAA4202F1FF34DCD8346A2244013A54
:10EBA000521BD9E700257562BAF1000FCDD17CE781
:10EBB000366A3744013F7F1B574528BF5746721BB3
:10EBC000974283D308F1010A0AEB4A0A09EBCA0A01
:10EBD0005946DAF804000192284408F0C7F8BE1B31
:10EBE000019ADAF8040035440BEB02012A4608F0DA
:10EBF000BDF8444409EBC4093846C9F8245003B0B1
:10EC0000BDE8F08FD9F80400284455443A46AD1BBE
:10EC100008F0ACF80BEB0701D9F804002A4608F01D
:10EC2000A5F85746656240E7A06E002010B5114C6C
:10EC3000114A12490220C4E904001148C4E906201F
:10EC40004FF4007020620F480023C4E91220102204
:10EC5000E01DA3626362E362A3656365E365226509
:10EC600008F0CEF80849204608F0CAF82023A3711E
:10EC700010BD00BFA06E0020B4970300C097030032
:10EC8000286F0020186F0020C497030072DF7047C0
:10EC900073DF704774DF704770B5044600F2264694
:10ECA00081700D4607220021304608F06DF8E38898
:10ECB00013B1A378012B6DD0E379002B67D194F8C1
:10ECC0002734002B70D194F82834002B6CD194F8A1
:10ECD0002934002B68D194F82A34002B64D194F89D
:10ECE0002B34002B60D194F82C341A1E18BF01224B
:10ECF0006B1E032B00F23F81DFE803F00206090CD4
:10ED0000A379002B40F09380E379002B4ED1237A36
:10ED1000002B61D1657A002D4CD1A570002384F8B9
:10ED20002F3404F13C0518220021284608F02CF865
:10ED3000E36A94F824105A1E0120022A28BF0346D1
:10ED400084F83C0084F85130A1B1A26AA378511E26
:10ED5000022928BF024684F85220002284F850205D
:10ED6000042B00F2F780DFE813F039004300E000E5
:10ED70006B009B00A37884F85010042B00F2EA800B
:10ED8000DFE813F02C003600BD00D800CD00A378DA
:10ED9000022B94D1636B002B00F0E580012284F8F4
:10EDA0002D24082098478AE70122A1E7002AAED047
:10EDB0000225B2E70422636BA270002BAED0627909
:10EDC000002AABD094F82E24002AA7D10122A4F85F
:10EDD0002F2407209847A4E70322ECE7002384F8B8
:10EDE0003130636B13B194F831009847002070BD47
:10EDF00000230122C4E9106384F83120C4F82034D0
:10EE00000222802384F83C20A4F8483000212A46BE
:10EE100004F15400FFF73AFF0028E8D194F83010CD
:10EE200094F85400FFF734FF0028DAD070BD94F84E
:10EE30002430002B7FF468AF002A3FF468AF6CE702
:10EE4000D4E90512A4F848200622616484F83C2025
:10EE50006279002A00F0818094F82E24002A7CD167
:10EE600094F83024002A78D00223B4F81414D4F88B
:10EE7000100484F85030012200F00EFC08B1042385
:10EE8000037004F582662A46314604F15400FFF708
:10EE9000FDFE00286AD10522A37884F8312054E0D1
:10EEA000D4E90712A4F848200622616484F83C20C3
:10EEB0006279002A44D094F82E24002A40D194F894
:10EEC0003024002A3CD00223B4F81414D4F81004DF
:10EED00084F85030012200F0DFFB08B104230370F6
:10EEE00004F582662A46314604F15400FFF7CEFE4F
:10EEF00000283BD10622A37884F8312025E00223A4
:10EF000084F8313003222369A4F84830E36884F898
:10EF10003C200022C4E91063C4F8202476E7D4E939
:10EF200007126164A4F84820C2E7022384F8313054
:10EF30000722E8E7D4E905126164A4F8482087E7CE
:10EF4000042284F8312004F58266C4F82064002B82
:10EF50003FF447AFD4F8201459E7032284F8312056
:10EF600004F58266F1E784F82D34A8E6A378002B37
:10EF70003FF437AFEEE70023A370CFE680F8301000
:10EF8000704700BF002900F083802DE9F04104465E
:10EF900000287FD091F87A300D46002B6ED1D5F83D
:10EFA000A030042B6ED0D5F89C30042B6AD00027FB
:10EFB000A77005F1780EBEE80F0004F1040CACE870
:10EFC0000F00BEE80F00ACE80F009EE807008CE8D9
:10EFD000070084F83070D5F8A4306363D5F8A83002
:10EFE000A3634FF6FF7804F5826639460722C4F81A
:10EFF0002064A4F8248404F2264007F0C5FE237898
:10F00000002B42D094F82430002B14BFEE231F2392
:10F0100004F15501C4F81014A4F8143404F2144295
:10F02000284600F041F970BB94F82430002B14BF3F
:10F03000EE231F2304F23121C4F81814A4F81C3461
:10F0400004F21C4205F13C0000F02EF9D8B9D4E9D5
:10F0500005230125A4F848304FF48073C4E9100259
:10F06000014684F83C5004F13C0204F15400A4F839
:10F070005030FFF70BFE30B9257004E091F898305E
:10F08000002B8CD00720BDE8F08184F85480B9E7CC
:10F090000E2070470E20F6E703780BB1FFF7FCBD9A
:10F0A0000820704710B50388112B0C460BD0262B77
:10F0B00022D0102B00D010BDC37B012BFBD1838845
:10F0C000A1F8243410BD002381F82E348288B1F8D1
:10F0D00024349A42EFD10B79002BECD10B7813B387
:10F0E00001212046FFF7D8FD0028E4D0A36B002BB8
:10F0F000E1D0BDE810401847037A013B012BDAD874
:10F100000B7883B18978094B0131A3FB012303F408
:10F11000FE7202EB9303C91AC9B22046FFF7BCFD89
:10F120000028E3D110BD0820E0E700BFCDCCCCCC57
:10F1300038B5044690F85400FFF7ACFD00230122D7
:10F14000B4F81414D4F8100484F82E2484F830345D
:10F1500084F8503000F0A0FA08B10623037004F1DF
:10F160003C0204F5826104F15400FFF78FFD05466F
:10F1700048B923784BB1A1782046FFF78DFD10B137
:10F18000A36B03B19847284638BD0820F8E700BFB5
:10F1900000B58E4600F1040CBEE80F00ACE80F008D
:10F1A000BEE80F00ACE80F009EE807008CE80700FF
:10F1B0005DF804FB6DDF704779DF70477DDF7047D6
:10F1C00064DF70472DE9F04F85B099460E9E0388A5
:10F1D000BDF83CA00091174632880192002B53D015
:10F1E0004FF00008C3464546804605E0B8F80020C9
:10F1F0000BF1010B5A4529DDD8F8041051F82B000A
:10F20000039000220DF10B0103A8FFF7D9FF04467C
:10F2100030BB9DF80B20BA42E8D12DB33288D1190A
:10F22000514536DC4A440DF10B0103A80125FFF7D7
:10F23000C7FF002832D131889DF80B200A44328064
:10F24000B8F800200BF1010B5A45D5DCE5B1338845
:10F25000019A013B9B1A9BB2FF2B1AD809F8023086
:10F26000204605B0BDE8F08F3288511C3A44023286
:10F27000524589B20DDC009B318009F8013032889B
:10F28000013292B23280CDE70024204605B0BDE8BD
:10F29000F08F0C24204605B0BDE8F08F04462046D0
:10F2A00005B0BDE8F08F00BF2DE9F04700231788B7
:10F2B000138090F82D3086B0144606460D46002B7C
:10F2C00040F0FE80B278002A40F0F380F178A1B1DE
:10F2D000DA1CBA4200F2F0800222EA5423880122AA
:10F2E00013449BB22380EA54238813449BB22380A7
:10F2F000E954238813449BB223807268AAB1D91CB5
:10F30000B94200F2D980022192F90020E954238801
:10F3100001339BB20A212380E954238801339BB235
:10F320002380EA542388013323803389002B40F063
:10F33000F180338A002B40F02581338B002B40F085
:10F340003B81336A002B42D02088821DBA4200F2F2
:10F35000B3801A88052A40F28A816FF4486802EB6C
:10F36000080189B24FF27D3C614540F280815988A5
:10F37000052940F27C816FF4486E8E441FFA8EFEA0
:10F38000E64540F274814FF6FF7C624502D08A4226
:10F3900000F26D8105222A542288013292B2122194
:10F3A0002280A9542288013292B222801988A9545D
:10F3B0002A44090A51702288023292B222805B8864
:10F3C000AB542A441B0A5370238802332380736A88
:10F3D000002B2FD09988B4F800C0881C0CF10202D1
:10F3E0000244BA4268D8FE2866D8033105F80C10EA
:10F3F0002288013292B2FF212280A9542288013250
:10F4000092B222801988A9542A44090A517020888E
:10F41000023080B220809A8862B1996803930029F3
:10F4200000F02581284407F0A1FC039B9A882388DB
:10F430001344238096F82C30002B40F0D68030788F
:10F4400000283AD03388012B00F0118123889A1CC0
:10F45000BA4231D8012804D17178023119448F425F
:10F460002AD3023FFF1ABFB2A81804A9ADF8107042
:10F47000FFF7A4FE08BB3378022B00F000817178FF
:10F48000BDF810209142C0F0F6809742C0F0F380A2
:10F4900017460922FE2F0FD82388791CE9542388A8
:10F4A00001339BB22380EA54238801331F44278011
:10F4B00003E00433BB4248D90C2006B0BDE8F08716
:10F4C000082FF9D904A8FFF775FE0028F5D1238885
:10F4D0000822EA54238801339BB21B222380EA547A
:10F4E0002088013080B22080062228440DF11101CD
:10F4F00007F03CFC23889DF8102006339BB212F0E5
:10F50000FE0218BF01222380EA54238801339BB2F4
:10F510002380D7E606F108080222CDE900472B46F2
:10F5200011464046FFF74EFE0028C6D1CDE9004700
:10F5300040462B4610220621FFF744FE0028BCD18E
:10F54000338A002B3FF4F9AE1CE004A8FFF734FE29
:10F550000028B2D123880322EA54238801339BB2C6
:10F5600019222380EA542388BDF8102001339BB26E
:10F570002380EA542B44120A5A70238802339BB228
:10F580002380A3E606F11008CDE900472B460222AE
:10F5900003214046FFF716FE00288ED1CDE9004733
:10F5A00040462B4610220721FFF70CFE002884D18D
:10F5B000338B002B3FF4C5AE06F11808CDE90047A8
:10F5C0002B46022214214046FFF7FCFD00287FF461
:10F5D00074AFCDE9004740462B4610221521FFF7B6
:10F5E000F1FD00283FF4ADAE67E7B16A00293ED0D7
:10F5F0004FF000094B464FF0160A2BE02388E854E1
:10F60000238801339BB2238005F803A023880133AC
:10F610009BB2238031F82220EA542B44120A5A70FC
:10F620002088023080B22080B8F8042028444AB1F3
:10F63000D8F80810D9B107F099FBB8F8042023884E
:10F640001344238096F82C205FFA89F39A427FF6C0
:10F65000F6AEB16A03EB430201EB820809F101093E
:10F66000B8F80430D81C0233FE2BC7D924E7072092
:10F6700006B0BDE8F087012B08D008220AE7BDF8E4
:10F6800010309F42F9D31F46092203E78F42F4D37B
:10F690000F460822FEE600BF00B301294FF0000329
:10F6A0000FDD00EB030C9CF801C0944509D010F865
:10F6B00003C00CF1010C63449BB203F1010C6145E2
:10F6C000EFDC8B4209D2C25C3AB1013A92B222B16C
:10F6D00002339BB21A44914201DA00207047184469
:10F6E000704700BF2DE9F04F0388B0F80490103B3D
:10F6F00099B007460A2B12D8DFE803F028711111E0
:10F70000111111111178140046484946FAF76CF8A6
:10F7100045484946FAF768F8FB7B022B7CD019B0C4
:10F72000BDE8F08F037A41483F2B4FEA1314494656
:10F7300065D9FAF759F83E484946FAF755F83D4871
:10F74000494619B0BDE8F04FFAF74EB83A4A936807
:10F75000DB43009351686846FAF7DAF8009B01939F
:10F76000019B9BB34FF000084446214601A8FAF7DD
:10F7700061F830B118AB03EB480308F1010823F836
:10F78000284C0134142CF0D1CDF834800DAD0FCDC0
:10F7900002AC0FC40FCD0FC495E8070084E8070042
:10F7A000B8F1000F12D0254E0DF10A0B4FF0000AF0
:10F7B0003BF8025F1C4C204629460434FAF72EF829
:10F7C000A642F8D10AF1010AC245F1D1B9F1130FED
:10F7D0009AD90420F7F79AFF19B0BDE8F08F1148C5
:10F7E000494619B0BDE8F04FFAF718B8037A002B74
:10F7F00095D1437A0D481B074946F2D5A1E7FAF7A0
:10F800000DF8032C97D00A484946FAF707F8022C5E
:10F8100095D008484946E4E709484946F9F7E4FF26
:10F820007DE700BF307100202C7100204071002066
:10F830003C7100203871002028710020A471002044
:10F84000347100201328014601D900207047014877
:10F85000F9F7F0BF2C710020132801D90020704760
:10F8600010B5044621460748F9F7E4FF08B900201F
:10F8700010BD21460448F9F7DDFF002814BF02201F
:10F88000012010BD2C71002034710020132801D9F3
:10F890000020704710B5044621460748F9F7CAFF13
:10F8A00008B9002010BD21460448F9F7C3FF00281D
:10F8B00014BF0220012010BD2C71002030710020E7
:10F8C000132801D90020704710B504462146064888
:10F8D000F9F7B0FF08B9002010BD21460348BDE884
:10F8E0001040F9F7A7BF00BF2C710020387100202D
:10F8F000132801D90020704710B504462146064858
:10F90000F9F798FF08B9002010BD21460348BDE86B
:10F910001040F9F78FBF00BF2C7100203C71002010
:10F92000132801D90020704710B504462146064827
:10F93000F9F780FF08B9002010BD21460348BDE853
:10F940001040F9F777BF00BF2C71002040710020F4
:10F9500008B518210248F9F777FFC0B208BD00BF0B
:10F960002871002070B50C4E044630460D46F9F75C
:10F9700061FF08B1132C01D9002070BD2146301D54
:10F98000F9F758FF0028F7D0E81D214606EB800064
:10F99000BDE87040F9F74EBF28710020F8B50F4F51
:10F9A000044638460D461646F9F744FF08B1132CB5
:10F9B00000D9F8BD2146381DF9F73CFF0028F8D0E2
:10F9C000E91D07EB810021461EB1BDE8F840F9F7BB
:10F9D0000BBFBDE8F840F9F721BF00BF2871002038
:10F9E000F0B50F4B83B09B6801930746A0B1019D12
:10F9F0007DB100250E462C46214601A8F9F71AFFD5
:10FA000003463146A0B201340BB1B8470135142C7E
:10FA1000F2D1284603B0F0BD0546284603B0F0BD3C
:10FA200028710020F0B5154E83B004460F460146FC
:10FA300030461546F9F7FEFE18B90026304603B0E9
:10FA4000F0BD063406EB840463680193002FF4D004
:10FA5000019B002BF1D000263446214601A8F9F77E
:10FA6000E9FE03462946A0B201340BB1B84701367E
:10FA7000142CF2D1304603B0F0BD00BF2871002035
:10FA8000AADF7047008800F0010070470088C0F3CB
:10FA900040007047F0B58B7891B0012B38BF01233F
:10FAA0000C468DF80E3005460B88ADF80C30164626
:10FAB00000210322684607F067F9637C0022013BBE
:10FAC0008DF80020042B09D8DFE813F0CF00D30015
:10FAD000D700DB00050022238DF80030A37C002234
:10FAE000013B8DF80120042B09D8DFE813F0CE008C
:10FAF000D200D600DA00050022238DF80130E37B26
:10FB0000217B41EAC301237C41EA03119DF80230C5
:10FB100001F0190123F019031943237D002B14BFB1
:10FB20000223012363F342018DF802101C220021FD
:10FB300009A807F029F9637B13F0300F74D1637BB8
:10FB40008DF824301422A37B8DF82530002104A8E1
:10FB500007F01AF9A288A368ADF81C2003AACDF813
:10FB600014D004921BB10893E388ADF81830A36950
:10FB7000002B36D001AF03220021384607F004F9EC
:10FB8000A2691188ADF82C1000238DF80430538839
:10FB9000ADF82E3053680D970A93137B013B042B6D
:10FBA0002DD8DFE803F0969A9E8A290022238DF84B
:10FBB0000530917A137A43EAC103D17A927B002A05
:10FBC0009DF8062043EA011322F0190203F01903FD
:10FBD00043EA020314BF0222012262F342038DF8BA
:10FBE0000630E36903B10C93334604AA09A92846F9
:10FBF000FFF746FF11B0F0BD22238DF80430537B90
:10FC00000021013B8DF80510042BD2D801A151F839
:10FC100023F000BFC3FC0200CBFC0200ABFC0200DF
:10FC2000B3FC0200ADFB020002AF03220021384604
:10FC300007F0AAF8E37C0022013B8DF80920042B91
:10FC400007D8DFE803F0525E5A56030022238DF8EE
:10FC500009309DF80A300E97012262F342038DF8B5
:10FC60000A3011238DF8083069E711238DF8003030
:10FC700034E721238DF8003030E731238DF8003050
:10FC80002CE712238DF8003028E711238DF801307E
:10FC900035E721238DF8013031E731238DF801302C
:10FCA0002DE712238DF8013029E731238DF8053037
:10FCB0007FE712238DF805307BE712238DF804309F
:10FCC0009DE711238DF8053073E721238DF805306A
:10FCD0006FE711238DF8043091E721238DF804306C
:10FCE0008DE731238DF8043089E711238DF8093031
:10FCF000AFE712238DF80930ABE731238DF80930D7
:10FD0000A7E721238DF80930A3E700BF75DF70470F
:10FD100076DF70477ADF70477BDF704770B51D4D27
:10FD20002B8884B2A34282B011D11B4E297A327B38
:10FD300091420ED3337C00222A72F3B9736933B136
:10FD400000228DF80420ADF8064001A8984702B0C3
:10FD500070BD05F10A011846FFF7D8FF40B1112820
:10FD6000F5D0B369002BF2D002B0BDE8704018475F
:10FD70002B7A01332B7202B070BD3B212046FFF776
:10FD8000C7FF30F00803D9D0B369002BD6D098470D
:10FD9000D4E700BFC0710020A471002070B50288B4
:10FDA000122A82B003466DD015D8102A30D0112AFD
:10FDB0000FD16A4C828823889A420AD16068F7F78B
:10FDC0005BFF18B1664B9B6903B198474FF6FF7311
:10FDD000238002B070BD502AFBD1614DC188EA89F1
:10FDE0009142F6D1028A022AF3D15C4C828826889D
:10FDF0009642EED11230FFF745FE002800F09880C1
:10FE0000637A002B40F09B80D5E90113324667E00E
:10FE100090F80FC0BCF1010FDBD1504C21884FF698
:10FE2000FF7291427DD14F4D828822800021217244
:10FE300003CDC4F80A00C4F80E10598A60898842BC
:10FE400060D8A08988425DD3E1899B8A40F2F3158E
:10FE5000A94294BF481A481B984253D82944994252
:10FE600050D33F4D84F809C0EB89002BB1D16B69A9
:10FE7000002BAED001218DF80410ADF8062001A8AA
:10FE80009847A6E7354C828821889142A1D14089C4
:10FE9000658985421FD8A58985421CD3E0899B8945
:10FEA00040F2F31C604594BF051AA0EB0C059D427F
:10FEB00011D8604498420ED3294B5B694FF480728D
:10FEC0002281002B85D001228DF80420ADF8061088
:10FED00001A898477DE7224D002363726968AB68EB
:10FEE000207A002818BF19466068F7F769FE0028D5
:10FEF0003FF46FAFAB69002B3FF46BAF02B0BDE8CE
:10FF000070401847164DEB8900216172002B7FF479
:10FF100060AF69686068F7F753FE00283FF459AF97
:10FF2000E8E70F4B9B69002B3FF453AF0420E5E754
:10FF30006068F7F7A1FE00283FF44BAFDAE76B6982
:10FF400000222272002B3FF444AF01228DF80420DE
:10FF5000ADF8066001A898473BE700BFC0710020DC
:10FF6000A4710020D471002070B3F8B586460768EC
:10FF7000164E174D0446BEE80F00B446ACE80F001D
:10FF80009EE8070035608CE80700BFB13846FFF7F0
:10FF9000C1FE90B923681868596803C50D4B0E4916
:10FFA0000E4A18464FF6FF7440F8041F1C800021CB
:10FFB000F7F7EEFD002818BF0320F8BD2846FFF72D
:10FFC000ABFE0028EAD0F8BD0E207047A4710020D7
:10FFD000D4710020C0710020E07100201DFD0200DE
:10FFE000A0DF7047A1DF7047ADDF7047B3DF704718
:10FFF000B4DF704730B583B0044604220021684660
:020000023000CC
:1000000006F0C2FE0C4A1268019242F6A6230125B0
:1000100001AA69462046ADF800308DF80250FFF77E
:10002000DFFF08B103B030BD044B2A4619782046E3
:10003000FFF7B4FC03B030BD2C9B0300047200201A
:1000400070B54FF6FF738AB000249842CDE90044A2
:10005000CDE902440494ADF8020027D0054600F033
:10006000D7FD112806465DD022D838B30B2834D1ED
:100070002D4A2E482E49801A1023C00898402A463F
:1000800040F002008DF80030F6F720FEBDF80200C7
:1000900001F02AF803466846ADF8043002F006FD88
:1000A0002246244B28461978FFF778FC0AB070BD29
:1000B00043F20203984210D12246F2E70F23BDF823
:1000C00002008DF8003001F00FF803466846ADF8E5
:1000D000043002F0EBFC3246E3E73046FAF7A4FDC9
:1000E000124B154902461048181AC00800042B4646
:1000F00040F00100F6F706FD002408232846CDE96C
:100100000544CDE908448DF81430ADF81650079633
:1001100000F0EAFF034605A8ADF8183002F0C6FC6F
:100120002246BEE70122BCE7E0BD030078BE030023
:10013000CC970300077200204C98030070B5012192
:1001400086B006463848F9F7C1FBBFF35F8F08B1A8
:1001500006B070BD0446304600F0BCFC11280546D0
:100160005BD01ED880B30B2821D02846FAF75CFD5F
:100170002E4B2F4902462F48181AC0080004334658
:1001800040F00100F6F7BEFC00240823CDE901444D
:10019000CDE904448DF804303046ADF8066003958F
:1001A00032E0862819D043F202039842DDD1224B77
:1001B000002219783046FFF7F1FBBFF35F8F1A4B2F
:1001C00000221A6006B070BD1B4B197802463046FB
:1001D00006B0BDE87040FFF7E1BB164B1348174966
:1001E0000194C01AC008000440F002000723324600
:1001F000CDE90244CDE904448DF80430ADF8066041
:10020000F6F764FDBDF8060000F06EFF034601A896
:10021000ADF8083002F04AFCC9E7074B0122197813
:100220003046FFF7BBFBC8E70072002078BE030032
:10023000D8980300E0BD030008720020A0980300D6
:100240002DE9F047674F88B039780446FFF78AFBFD
:1002500010B108B0BDE8F0870546204600F048FD23
:10026000112806460CD8112825D8DFE800F095247F
:10027000242424245B246324242424242424244AA2
:1002800043F2020398423CD043F20143984212D118
:100290002046FFF7D5FE4FF0010A534B524619781E
:1002A0002046FFF77BFB39782A46204608B0BDE898
:1002B000F047FFF773BB3046FAF7B6FC4B4B4C499F
:1002C00002464C48C01AC0080004234640F0010012
:1002D000F6F718FC0023CDE90333CDE906332046B9
:1002E00008238DF80C300596ADF80E4000F0FCFEAA
:1002F000034603A8ADF810304FF0010A02F0D6FB18
:10030000CBE74FF0010AC8E70520FAF78DFC394B1F
:10031000394902463548181AC008000440F0040064
:10032000F6F7D4FC204600F0DFFE00F00FFD4FF0A2
:10033000000AB2E70DF10600FFF758FEBDF80630DF
:10034000012BE1D94FF0000A012602A94FF0020863
:1003500042F6021909E0BDF808304B4533D0BDF82C
:1003600006300136B6B2B342CED930460022CDE9CE
:100370000381FFF73DFE42F605230028C5D102A9FF
:10038000BAF1000FE7D1BDF808A0AAEB030ABAFA48
:100390008AFA4FEA5A1AE2E7002311222046CDE9F1
:1003A0000333CDE9053307938DF80C20ADF80E40EB
:1003B00000F09AFE0125034603A8ADF81030AA46C6
:1003C00002F074FB69E701AB314603AA20460493AF
:1003D000FFF70AFE002898D1BDF80430002B7FF407
:1003E0005CAF9FE70A72002009720020E0BD0300A5
:1003F0005499030078BE03001899030070B54FF6B6
:10040000FF738AB000249842CDE90044CDE902444C
:100410000494ADF8020027D0054600F0F9FB11283E
:1004200006465DD022D838B30B2834D12D4A2E4849
:100430002E49801A1023C00898402A4640F0020036
:100440008DF80030F6F742FCBDF8020000F04CFEDB
:1004500003466846ADF8043002F028FB2246244BE0
:1004600028461978FFF79AFA0AB070BD43F20203E2
:10047000984210D12246F2E70F23BDF802008DF812
:10048000003000F031FE03466846ADF8043002F05B
:100490000DFB3246E3E73046FAF7C6FB124B15492F
:1004A00002461048181AC00800042B4640F001000C
:1004B000F6F728FB002408232846CDE90544CDE9BA
:1004C00008448DF81430ADF81650079600F00CFE75
:1004D000034605A8ADF8183002F0E8FA2246BEE758
:1004E0000122BCE7E0BD030078BE0300CC97030007
:1004F000077200204C980300037803B1704730B5B1
:10050000044683B04088FFF79BFD6588284600F0CD
:10051000D9FBA0B96488204600F0E6FD00236A46B6
:10052000092101F04BFA052818D0104B1049187812
:100530000022FFF777FA024640B103B030BD0D4B01
:10054000012219782846FFF729FAE3E70A4B0B49FD
:10055000187803B0BDE83040FFF764BA064B0122BB
:1005600019782046FFF71AFADFE700BF087200206B
:100570003D0103000972002005720020F5FF020012
:10058000F0B50578092D83B009D0314C3149207878
:100590000022FFF747FA024650B303B0F0BD477A96
:1005A0000446002FF1D1067A072E29D0082E45D017
:1005B000012EEAD180886A46314601F0C1FD054628
:1005C0000028E2D1019B1B78002BDED0A08800F030
:1005D00051FE4FF6FF739842D7D01F4C3246217818
:1005E000FFF7DCF91D4920782A46FFF71BFACCE714
:1005F0001B4B1C49187803B0BDE8F040FFF712BA56
:100600008088134C00F036FE4FF6FF739842064682
:10061000BCD021780122FFF7C1F9304600F064FD1B
:100620003B4629466A4601F0C9F90528AED10C4B74
:10063000012219783046FFF7B1F9A7E70A4B1A688B
:10064000012AA2D1BFF35F8F014C1F609EE700BF5C
:10065000087200203D0103000972002041020300DE
:1006600005720020F5FF0200007200202DE9F8431A
:10067000FFF76EF9234C244D2070FFF769F92870BD
:10068000FFF766F9214E224F3070FFF761F938709D
:10069000FFF75EF9DFF89080DFF8909088F80000AF
:1006A000FFF756F989F80000FFF752F92378194A45
:1006B000182B107019D02B78182B16D03378182BD4
:1006C00013D03B78182B10D098F80030182B0CD092
:1006D00099F80030182B08D0182806D00E4B0020AF
:1006E0001860BFF35F8FBDE8F8830C4B0C480D49D1
:1006F000C01AC008000440F00100F6F7C5FB032053
:10070000BDE8F883087200200772002009720020FB
:100710000A7200200672002000720020E0BD030073
:1007200078BE030094990300057200200472002033
:1007300070B503888588353B86B004461F2B65D885
:10074000DFE813F020009C00640064006400640093
:100750006400640064006400640064006400640079
:100760006400640064006400640064006400640069
:1007700064006400640064006400C4006400E3007A
:1007800064007300854E28463178FFF7EBF80028A7
:100790003CD0002231782846FFF700F9E288B2F514
:1007A000857F1ED0002A40F0DD806289012A09D0B1
:1007B0007B4B7C487C49181AC008000440F00200BA
:1007C000F6F784FAA689012E00F0D7807448754B9D
:1007D0007649C01AC0080004324640F00200F6F71D
:1007E00075FA734B1978734B00222846CDE9013214
:1007F000FFF7D4F8704B0293284600F075FC0022F6
:1008000001A901F057F9002840F084806B4C6C4B33
:100810006C4918780022FFF705F96B49207800220F
:1008200006B0BDE87040FFF7FDB800261223284649
:10083000CDE90166CDE903668DF804300596ADF883
:10084000065000F051FCADF8080000F07FFA5F4B55
:100850005A4C197832462846FFF7A0F821783246DC
:100860002846FFF79BF8BDF8060000F03DFC034664
:1008700001A8ADF8083002F019F9C8E7544E28462F
:100880003178FFF76FF80028C0D000223178284671
:10089000FFF784F8E288002A4AD1E389012B52D07D
:1008A000404A3F484149801AC00800041A4640F0B7
:1008B0000200F6F70BFA3E493E4B09780022284623
:1008C000CDE90132FFF76AF83B4B94E7037B012B3C
:1008D0009CD1827A012A99D1018942F60213994268
:1008E00094D13C4C28462178FFF758F800223A4929
:1008F0002078FFF797F80246002887D12C4B37491C
:1009000018782E4CFFF78EF881E72846FFF798FB02
:100910002A4C7CE7FAF788F9214B314902462148F5
:100920001B1ADB081B0443F00200F6F7CFF96DE752
:100930001C4B1B482B49C01AC008000440F00200A1
:10094000F6F7C4F9B7E71A491A4B0978247C284608
:10095000CDE90132FFF722F8234B174A002C08BFDC
:10096000134648E70F4B0E481E49C01AC008000442
:1009700040F00200F6F7AAF933E7E18900222846A1
:10098000FFF730FB00287FF42CAF114B0B4C19788C
:1009900032462846FFF702F839E700BF047200200C
:1009A00078BE0300E0BD0300A09A0300DC9A0300B8
:1009B0000572002001000900309B0300097200202D
:1009C00007720020FD030300410203000A720020A9
:1009D00006720020087200203D010300F5FF0200AE
:1009E000049A0300649A0300349B0300AFDF70474E
:1009F000B1DF7047B2DF7047B3DF7047F0B5264B09
:100A0000264D93E803002B8889B04FF6FF7701AE9F
:100A1000BB4286E8030007D137E0288801F0CEF812
:100A2000B8420346288030D000223146184601F0F3
:100A300041F804460028F0D00023CDE90333CDE986
:100A40000533079311282B88ADF810301DD0862868
:100A50001DD0FAF7E9F812492B8802461148081A06
:100A6000C008000440F001000F49F6F74BF80823D6
:100A7000BDF810008DF80C30059400F0FBFB034628
:100A800003A8ADF80E3002F025F809B0F0BD07223A
:100A900018468DF80C20F0E7509D03000C720020E2
:100AA00080BE0300E0BD0300389B0300044A1288A7
:100AB0004FF6FF739A4200D17047FFF79FBF00BF08
:100AC0000C720020024B4FF6FF721A800020704714
:100AD0000C7200202DE9F04F87B0814600F004FB36
:100AE0004FF6FF73984279D0444B4549A3EB010B75
:100AF0004FEADB0B01224FEA0B4B4BEA0203804625
:100B000001934FF0030A02AB08214046541C01F048
:100B10001BFB0546A4B20323484685BB039F3E4604
:100B20003A1D46F806AB3146FFF764FF034608213D
:100B300040465BB30C2B04D101F006FCA8B9224659
:100B4000E1E70821052B18BF1D4601F0FDFB40B170
:100B5000FAF76AF82B49034642460198F5F7D2FFA7
:100B60000325284607B0BDE8F08FFAF75DF8424646
:100B7000034624490198F5F7C5FF2246C3E7072D30
:100B800008BF0C25284607B0BDE8F08F04AA01F085
:100B9000D7FA58B1052827D142460821404601F02E
:100BA00033FC0546284607B0BDE8F08F0599BB88A1
:100BB0008A889A42F0D10631304606F0C7F80028FC
:100BC000EAD111494BF00400F6F75EF908214046DE
:100BD00001F0BAFB0028BBD10B25C2E743F20205A6
:100BE000284607B0BDE8F08FFAF71EF8074902461D
:100BF0004B460198F5F786FF0325B2E780BE030058
:100C0000E0BD0300F89B0300C89B0300909B03001A
:100C10002DE9F04383B0074600F066FA4FF6FF7304
:100C2000984230D14FF00008032546464FF00109A5
:100C30002B46424631463846FFF7DAFE0428044682
:100C40000BD008280BD00B280BD0B9F1000F08BF30
:100C50000B24204603B0BDE8F0831124F5E70024FF
:100C6000F3E715F0020504D13EB1A8464646032538
:100C700000E001254FF00009DAE7B8F1000F0ED0CF
:100C80000325B046F6E76A46082101F059FA002824
:100C9000C8D1019EB6F8048035680636C6E7064B13
:100CA00006480749C01AC00800043A4640F001004F
:100CB000F6F70CF8CDE700BFE0BD030080BE0300EF
:100CC000789C030000B585B00DF10703039300F095
:100CD0000BFA02AA012101F033FA20B9039B18781C
:100CE00005B05DF804FB002005B05DF804FB00BF13
:100CF00070B5124E04463046FFF77EFE78B9318853
:100D000043F203054FF6FF722046FFF76FFEA8423D
:100D100000D070BD3188013189B23180F2E7F9F736
:100D200083FF074B0749024607481B1ADB081B04D1
:100D300043F00100F5F7CAFF032070BD0E720020DA
:100D400080BE0300F09C0300E0BD030000B5084B2B
:100D5000844693E8030083B06B4683E803000022D7
:100D60001946604600F0A6FE03B05DF804FB00BF24
:100D7000589D030046DF70470388102B2CD170B5B7
:100D800000F1040CBCE80F009EB00DF11C0EAEE8A3
:100D90000F00BCE80F00AEE80F009CE807009DF8CC
:100DA000203003F0FE03062B8EE8070015D1BDF8B6
:100DB0001C307549BDF82440089803EB83035B00A1
:100DC000CA18D4804FF6FF74CC529DF826301372A7
:100DD000C2F802001EB070BD704700F037FE9DF8EB
:100DE0002030032B4FEA530240F29D80022ADED1CD
:100DF00005AE0DF1060532462946072000F02EFE0D
:100E0000002800F0AB809DF8203003F0FE03042B97
:100E1000F1D1069C03220DF1210102A805F0A6FFE5
:100E2000032209A904A805F0A1FF237C8DF848300E
:100E3000E37B8DF84930A37B8DF84A30637B8DF8D6
:100E40004B30237B8DF84C30E37A8DF84D30A37A0C
:100E50008DF84E30637A8DF84F30237A8DF850300C
:100E6000E3798DF85130A3798DF8523063798DF89C
:100E7000533023798DF85430E3788DF85530A378CA
:100E80008DF8563063788DF857300D22002116A862
:100E900005F07AFF9DF810308DF867309DF811301D
:100EA0008DF8663012A89DF812308DF86530FFF786
:100EB00061FF9DF877209DF876308DF80C208DF835
:100EC0000D3003229DF875308DF80E3003A902A86D
:100ED00005F03CFF00288ED1BDF81C302A48BDF833
:100EE000061003EB8302520084188152BDF82420BF
:100EF0000898E2804FF6FF72C4F8020091429DF814
:100F0000260020723FF466AF002212A8ADF84A30E6
:100F1000ADF84C108DF8482001F0F0FD12A8FFF755
:100F2000EBFA1EB070BD05AE0DF10605324629463E
:100F3000072000F093FD062280B106999DF820302D
:100F4000487C434013F0FE0F01F11201EED10DF188
:100F5000210005F0FBFE0028E8D1BDE7BDF81C30FC
:100F60000949089803EB83035B004FF6FF74CA1826
:100F7000CC52BDF824109DF82630C2F80200D18072
:100F800013721EB070BD00BF1072002070B5102229
:100F900004460D460130013105F0D8FE002852D13B
:100FA0006378FBB9A378EBB9E378DBB92379CBB9E4
:100FB0006379BBB9A379ABB9E3799BB9237A8BB9D0
:100FC000637A7BB9A37A6BB9E37A5BB9237B4BB9BC
:100FD000637B3BB9A37B2BB9E37B1BB9237C064620
:100FE000002B31D06B78002B5CD1AB78002B59D122
:100FF000EB78002B56D12B79002B53D16B79002B3A
:1010000050D1AB79002B4DD1EB79002B4AD12B7A03
:10101000002B47D16B7A002B44D1AB7A002B41D106
:10102000EB7A002B3ED12B7B002B3BD16B7B002B33
:1010300038D1AB7B002B35D1EB7B9BBB287C061ECC
:1010400018BF012600E00026637C6A7C83EA020167
:1010500011F0FE0F0BD003F0FE03042B1ED0062B65
:101060001CD002F0FC02042A18D0002070BD062219
:1010700005F1120104F1120005F068FE637C03F033
:10108000FE03042B0AD0062B08D06B7C03F0FC0374
:10109000042B03D00028E8D1012070BD002EE4D03D
:1010A0000120FAE70126CFE730B585B005460C46AA
:1010B00000F0CCFC03E0BDF80630A3420BD102AA3D
:1010C0000DF10601072000F0C9FC0028F3D14FF60E
:1010D000FF7005B030BD03992846FFF757FF002881
:1010E000EDD0BDF80600F4E713280DD810B504467E
:1010F000FEF7A8FB28B1064B04EB840433F8140078
:1011000010BD4FF6FF7010BD4FF6FF70704700BF67
:1011100010720020132816D838B504460D46FEF785
:1011200091FB68B1094804EB840400EB44040020FF
:10113000E388D4F80220AB80237A2A60AB7138BDF3
:1011400043F2020038BD43F20200704710720020E3
:1011500008B502887AB983786BB9C3785BB903792B
:101160004BB943793BB983792BB9C3791BB9037A5E
:101170000BB9437A13B10B88934201D0002008BD0C
:1011800008220231023005F0E1FDB0FA80F040099A
:1011900008BD00BF30B585B0044600F057FCA51C63
:1011A00002AA0DF10601072000F058FC002855D0D6
:1011B00023880399002B34D1A278002A52D1E378F6
:1011C000002B44D12279002A41D16279002A3ED1F4
:1011D000A279002A3BD1E279002A38D1227A002A6A
:1011E00035D1627A002A32D123795BB9627952B95A
:1011F000A07938B9E379002B39D1227A1AB9637A08
:10120000002BCDD000234A8D9A42C9D108222C311F
:10121000284605F09BFD0028C2D1BDF8060005B0A8
:1012200030BDB1F846209A42EDD108224831284617
:1012300005F08CFD0028F0D023880399002BE2D123
:10124000A278002ADFD1E378002BCDD0DAE7B1F81D
:101250004620002AE9D0002BC6D0D3E74FF6FF7016
:1012600005B030BDB1F84620002ACCD1DDE70346F9
:10127000C9E700BF4FF6FF7398422DE9F04118D03F
:101280000024DFF838800746254601E0642C10D0A2
:1012900038F81430BB42AEB204F1050405F1010583
:1012A000F4D13046FEF7CEFA0028EFD03046BDE844
:1012B000F0814FF6FF763046BDE8F08110720020D5
:1012C000038893B9837883B9C37873B9037963B911
:1012D000437953B9837943B9C37933B9037A23B9CD
:1012E000407A003818BF012070470120704700BFC6
:1012F000132804D8024B00EB800023F8101070472D
:1013000010720020F8B54FF6FF7398421FD00024EA
:10131000114F0646254603E0642C05F1010515D062
:1013200037F81430B34204F10504A8B2F4D1FEF743
:1013300089FA0028F0D0304600F030FE28B905EBDD
:1013400085054FF6FF7327F81530F8BD3046BDE828
:10135000F84000F023BE00BF1072002090DF7047FD
:10136000A5DF7047B5DF704770B5214B214CE41AFB
:10137000E408002661F30F06240484B00A4661F3F2
:101380001F4603461C49054644F00400F5F7BAFB26
:1013900000236A4602A92846029603930093ADF8FB
:1013A0000430FFF7DBFF064610B9304604B070BDCD
:1013B000F9F73AFC44F00104034610492A46204656
:1013C000F5F7A0FBBDF80020BDF8023052EA03019A
:1013D00003D00B492046F5F795FBBDF80420002A01
:1013E000E3D020460749F5F771FC304604B070BDE4
:1013F000E0BD030048BE0300789D0300A89D0300E4
:10140000F49D0300349E030008B90E20704730B4E9
:101410001B220271074C016100234FF0801541F639
:101420001B320560C0F806404381828130BC1846FB
:10143000704700BF8000170040B1A1F11703692B6E
:1014400002D8018000207047072070470E207047A7
:101450002DE9F041868886B0002E7BD10388242BAD
:1014600005460C461BD80F2B51D9103B142B4ED8D8
:10147000DFE813F0AC0068004D004D004D004D005A
:101480004D004D004D004D004D004D004D004D00F4
:101490004D004D004D004D004D00F700BF003A2BB0
:1014A0005BD0552B33D1954B954AC78895499D1AEA
:1014B000ED082D0445F004003B4632460390F5F755
:1014C00021FBA6720096E38803988F49172F3A46AE
:1014D00038BF17229A4228BF1A462281F5F732FAFE
:1014E000E1883046FFF73EFF002840F0D180E37AE4
:1014F0006BB922695AB12189ADF8141040F67720F2
:10150000ADF81000ADF8123004A920469047A37A38
:1015100003B3E1880020FFF723FF0346002844D0EF
:10152000112817D0F9F780FB744B784902467448AC
:101530001B1ADB081B0443F0010006B0BDE8F041B4
:10154000F5F7C4BB7249C4F80610002241F61B33FC
:101550006281A38106B0BDE8F0816A89E3886849A9
:1015600066489A4228BF1A46401A172A4FEAD00006
:1015700038BF1722000433466649228140F0040038
:10158000F5F7C0FA23696BB1E27A5AB140F67721D8
:101590002289ADF81010ADF81260ADF8142004A93E
:1015A0002046984700236381D4E7554A5348801A60
:1015B0004FF48071C0086181E2885749000440F00F
:1015C000040006B0BDE8F041F5F79CBA0979217333
:1015D000C37B012B65D0022B58D16288E28023891E
:1015E000934261D3637B8B4291D20020FFF7BCFE14
:1015F0008DE706898789B0F80E804589404B3F48C2
:10160000C01AC008F2B20004002340F004004A737C
:1016100042490390F5F776FA414903982A46F5F7CF
:1016200055FB404903983246F5F750FB3E49039875
:101630004246F5F74BFB3D4903983A46F5F746FB22
:101640002369002B3FF463AF627B8DF814200020E8
:101650004DF67A218DF815000491204604A998478B
:1016600055E7274B25482E7A3149C01AC008000497
:1016700040F0040033460022F5F744FA217BA888A5
:10168000B14228BF3146FFF76FFE40E7E288A6E788
:10169000F9F7CAFA2749024645F00100F5F716FBAB
:1016A00025E72288E2809AE71549144D6D1AED0866
:1016B0002D0445F00406204930460023F5F722FAB0
:1016C000E1880020FFF74CFE18B90123217BE3726B
:1016D00088E7112809D0F9F7A7FA0C49024645F026
:1016E0000100F5F7F3FA217B7CE701231349A3728C
:1016F00000223046F5F7EAFA217B73E748BE030083
:10170000E0BD0300909F0300CC9F0300209F0300D7
:1017100080001700549F0300F4A003003CA00300C6
:101720006CA0030080A0030094A00300A4A0030009
:10173000B4A003000CA003008C9E0300CC9E030009
:101740002DE9F041DFF8C4808AB000210822684604
:1017500088F8001005F018FB4FF6FF7000F03CFF12
:101760004FF6FF76B04220D0044648F2096707E002
:1017700000F0DEFE204600F02FFFB042044614D0F9
:10178000A4F58045ADB26A4602A92846F7F738FEAF
:101790000346BB422046EBD02846F7F7C7FC48F289
:1017A00007639842054624D015B90AB0BDE8F08118
:1017B000134A14481449801AC008000423462A46D4
:1017C00040F00100F5F79EF90023CDE90533CDE99E
:1017D000083308224FF6FF7305A88DF81420ADF8E2
:1017E00018400795ADF8163000F07AFA0AB0BDE857
:1017F000F081012388F800300AB0BDE8F08100BF15
:10180000E0BD0300A0BE03004CA10300E072002075
:1018100010B58389017886B003F5804300229BB21E
:101820000429CDE90122CDE903220592ADF8083063
:1018300041D02CD84A1E022A37D843F6FE72934272
:10184000C38953D8D0E90120A1F10301B1FA81F194
:1018500049098DF80C308DF80D100490002A4BD1F9
:101860009DF8143043F0010309228DF81430274C01
:101870008DF804204FF6FF7301A8ADF8063000F094
:101880002FFA2378ABB1FFF75BFF06B010BD052937
:101890000BD143683BBB14224FF0FF3301A88DF8F6
:1018A0000420CDF8063000F01BFA184C2378002BEA
:1018B000E9D106B010BD43F6FE729342F5D8C28955
:1018C000002AF2D14268D2B10C238DF80430039281
:1018D0000E4C01224FF6FF7301A82270ADF80630BE
:1018E00000F0FEF9E2E703931522D5E703F5804403
:1018F000A4B29442A6D9D8E705920A22B7E70B22F0
:1019000018468DF8042000F013FEE1E7E072002095
:1019100030B5254889B0F7F7E5F838BBF7F7FAF89E
:101920000546002831D100F0C7FD0822294603A84A
:1019300005F02AFA0CE0F7F739FA019B9C8804F5C8
:10194000804405A8A4B2F7F75FFA204600F0BCFD7A
:1019500005A903AA4CF20700F7F7DEFC034601A92C
:1019600005A8002BE7D0284609B030BD0F4A104B20
:1019700010499B1ADB081B04024643F00100F5F7EF
:10198000A5F90325284609B030BD084B08480A4987
:10199000C01AC00800042A4640F00100F5F796F985
:1019A0008625284609B030BD11180300E0BD0300AC
:1019B000A0BE030098A10300DCA10300F0B5FF283E
:1019C00087B008D8012904460D4617461E4606D0A2
:1019D0000B1F052B03D90724204607B0F0BD0822B2
:1019E000002101A805F0D0F9A4F58040A5F58041BB
:1019F00080B289B201AB03AAF7F716FCF8B901A9C6
:101A000003A8F7F7D3F90446C8B9019BBD705B88FA
:101A10003B808EB13668786802999D00AE4228BF3F
:101A20002E46324605F0A2F9B5420CD803A8F7F7C6
:101A3000EBF9204607B0F0BD029B7B60F6E705247A
:101A4000204607B0F0BD0C24C6E700BF02480822BC
:101A5000002105F099B900BFD872002070B50128A7
:101A600086B004460E46154602D0031F052B1CD82F
:101A7000A4F580400E4A80B203A9F7F74DFC20B9C7
:101A800001A903A8F7F792F910B1002006B070BDC4
:101A9000019BAC705A882A80029A6A609B8803F581
:101AA000804303A83380F7F7AFF9012006B070BD7B
:101AB000D8720020F0B5FF2889B00AD891F802C08A
:101AC000BCF1010F0546164607D0ACF10403052B07
:101AD00003D90724204609B0F0BD4B680393ACF549
:101AE000804CA5F580470B8804931FFA8CF4BFB295
:101AF000082200216846ADF80870ADF80A4005F0EC
:101B000043F96B462146384605AAF7F78DFB40BBE3
:101B100002A905A8F7F754FA04464CB3A4F5064306
:101B2000023B0B2B09D80B2B07D8DFE803F0280664
:101B300006062C16060606060616144B144815490A
:101B4000C01AC008000422462B4640F00100F4F7FA
:101B5000D9FF0324204609B0F0BD1124204609B066
:101B6000F0BD02A905A8F7F779F90446002CD5D1F4
:101B7000002EAFD0314605A8F7F7B6FCAAE710242F
:101B8000204609B0F0BD8624A4E700BFE0BD0300F5
:101B9000A0BE03001CA203004FF6FF7000F094BC2F
:101BA000FF2806D808B500F0AFFCFFF7C9FD0020FC
:101BB00008BD0720704700BF00F0CEBC00F0D6BCC7
:101BC00000F00ABD10B582B08278417A0446002345
:101BD0003D48CDE900338DF8022001F0D9FD002801
:101BE00065D0237AA2788DF8022003EB83039B0053
:101BF000013A0190ADF80030072A08D8DFE802F07A
:101C00000407070707043C230123ADF800302246F0
:101C1000694632F8040BFFF74DFF112820D005D894
:101C200000283ED007282BD102B010BD862827D12E
:101C3000A37A264A23F0030343F001030121A37290
:101C4000117002B010BD8388224609339B0832F818
:101C5000040BADF800306946FFF72CFF1128DED1E8
:101C6000A37A1A4A23F0030343F002030121002060
:101C7000A372117002B010BD1423ADF80030C6E796
:101C8000F8F7D2FF12492388024612480C1AE408DA
:101C9000240444F001001049F4F734FF032002B09B
:101CA00010BDA37A23F00303A37202B010BD094B49
:101CB0000748627A0949C01AC008000440F00100D0
:101CC000F5F704F80320AFE72874002024740020FF
:101CD00098BE0300E0BD0300C8A2030088A2030071
:101CE0002DE9F043764DC3686A68934287B0044695
:101CF00000F0CA802A69934200F0DB80EA699342CF
:101D000000F0D980AA6A934200F0D78003780A2BAA
:101D100004D00027142B52D0092B7FD0204600F08E
:101D200061FD204602F08EFD664E2046FEF7BEFEA7
:101D30002046FEF725FC337813B907B0BDE8F083E1
:101D400000233370DFF8788100244FF0010904EBA1
:101D5000440305EB830340469B7A13F0020F4FEADE
:101D6000440708F10C0808D086F80090FFF72AFF16
:101D700040B90134042CEAD1DFE7D90748BF86F81F
:101D80000090F6E73C44A4004FF6FF722B5BADF8E1
:101D900006208628ADF8083063D107238DF804307B
:101DA00001A800F01FFD01A802F04CFD01A8FEF7FC
:101DB0007DFE01A8FEF7E4FB07B0BDE8F0832046F6
:101DC00000F010FD204602F03DFD3E4E2046FEF79D
:101DD0006DFE2046FEF7D4FB3378002BADD00024F7
:101DE000DFF8DC8034704FF0010904EB440305EBAD
:101DF000830367009B7A9A0701D4DB0706D5404628
:101E000086F80090FFF7DEFE0028BBD10134042CD9
:101E100008F10C08E9D107B0BDE8F083667A002E1E
:101E20007FF47CAF002F3FF479AF3B7A5BB1DFF8F2
:101E3000A480797A3144C9B2404601F0C1FC3B7AB2
:101E400001369E42F5D34FF6FF733B80BB70BB7AE1
:101E500000227A6023F003034FF47F423A81BB7281
:101E60005CE708238DF804300390F8F7DDFE16498F
:101E70002B5B024615480C1AE4082404144944F06C
:101E80000100F4F73FFE8BE70027237807EB4707B5
:101E90000A2B05EB87077FF43DAF627A002A7FF4B7
:101EA0003DAFBB7A074E7A6043F00203BB723270DB
:101EB00048E70127E9E70227E7E70327E5E700BF4F
:101EC000387400202474002098BE0300E0BD030095
:101ED000F8A203002874002010B5294CA07D94F8C6
:101EE000223094F80AC020F0030082B023F00303EC
:101EF000A07594F82E0084F8223050234FF6FF721C
:101F000000212CF0030C20F003000193042384F83B
:101F10000AC022804FF47F4CA2706160A281A2733C
:101F200021612283A276E1610093A284154B84F89B
:101F30002620A16284F82E0013491448A4F808C092
:101F40004FF4A072A4F814C0A4F820C0A4F82CC0C8
:101F500001F0B0FB034610B9184602B010BDF8F707
:101F600063FE0B4B0B4902460B481B1ADB081B0494
:101F700043F00100F4F7AAFE0323184602B010BD97
:101F80003874002068740020E47200202874002057
:101F900098BE030058A30300E0BD03002DE9F843F9
:101FA0005F4D2B888342064628D0AB89834200F0E0
:101FB000B2802B8B834200F0B080AB8C834208BF91
:101FC00003271CD03046FFF7EBFD034608B1072876
:101FD00002D11846BDE8F883F8F726FE514C524A64
:101FE0005249A41AE40824040346324644F001008E
:101FF000F4F788FD03231846BDE8F88300272B88F3
:10200000DFF8388107EB4702B34205EB820229D0A3
:10201000AB89B34279D02B8BB34273D0AB8CB34234
:1020200076D0032F07F10103CCD003EB430235F840
:102030002220B24260D0022F07F10203C2D003EB8C
:10204000430235F82220B24256D0002FBAD1AB8CD1
:10205000B342B7D103272B8807EB4702B34205EB06
:102060008202D5D12E4C00239078A278824220D0D3
:10207000032B03F10101D4D001EB410235F82220FA
:10208000B2423BD0022B03F10202CAD002EB420162
:1020900035F82110B14233D0012BC2D0AB8CB34202
:1020A000BFD1032303EB430405EB8404A2788242EF
:1020B000DED1A27A9207DBD1D4F80490B9F1000FF7
:1020C000D6D1237A53B1617A49444046C9B201F06E
:1020D00077FB237A09F101099945F4D3A37A4FF6E6
:1020E000FF7200204FF47F4123F003032280A2708F
:1020F00060602181A37294E71F46ACE70B46D1E7ED
:102100001346CFE70A4C0223AEE70A4C0123ABE7A4
:10211000094C0323A8E7012771E702276FE700BFF7
:102120003874002098BE0300E0BD030078A30300CC
:1021300050740020447400205C7400202874002037
:102140000023FFF73BBC00BF002B00F08E802DE981
:10215000F0419846CB1F012B0E4651D8531E032B3E
:1021600017464DD8DFF8DCC1BCF80020904200F0E3
:10217000BF80BCF80C30834200F0C980BCF8183036
:10218000834200F0C680BCF82430834208BF032499
:1021900017D04FF6FF739A426ED0BCF80C209A42CB
:1021A00000F0A280BCF818209A4200F09F80BCF892
:1021B00024209A4208BF03235FD01120BDE8F0819C
:1021C0002C4604EB44050CEB850595F802E0B6457A
:1021D00019D0032C04F10105DBD005EB45033CF8D5
:1021E00023308342ECD0022C04F10205D1D005EB60
:1021F00045033CF823308342E2D0002CC3D0C8E72B
:102200000720BDE8F081AB7A9907E2D16B68002B1B
:10221000DFD12B7ABB4225D1697AFF2918D000245F
:1022200044482F7201F0B4FA002863D007EB87030B
:102230001B010333C3F38D0388F80260C8F8040060
:10224000A8F800300CB1082E11D00020BDE8F081B4
:102250003946384801F044FAFF28014668725AD0DE
:102260000124DDE70F20BDE8F0810E2070479B00C0
:10227000063B83800020A1E7002303EB43050CEB22
:1022800085054FF6FF71AA78FF2A22D0032B03F1B0
:10229000010292D002EB42043CF824408C4221D04F
:1022A000022B03F1020288D002EB42043CF82440E6
:1022B0008C4217D0002B80D1BCF824308B427FF4A5
:1022C0007CAF032303EB43050CEB8505AA78FF2ABB
:1022D000DCD1AA7A9207D9D16A68002AD6D128809F
:1022E000AE7099E71346EDE70123C6E70223C4E782
:1022F000002466E7104B11486A7A1149C01AC008D9
:10230000000440F00100F4F7E1FC032056E701244B
:1023100057E7022455E7AB7AA9704FF6FF72002009
:1023200023F003032A804FF47F4268602A81AB7256
:10233000112043E728740020E0BD030098BE03008D
:10234000CCA3030038740020F8B52D4D2B888342B0
:102350004FD0AB8983424ED02B8B83424DD0AB8C78
:10236000834208BF032303D005263046F8BD134639
:1023700003EB430405EB8404A2788A4216D0032BB6
:1023800003F10102F0D002EB420435F8244084420C
:10239000EDD0022B03F10202E6D002EB420435F845
:1023A00024408442E3D0002BD9D0DDE7A27A920703
:1023B000E5D16668002EE2D1237A5BB1114F354634
:1023C000617A29443846C9B201F0FAF9237A013515
:1023D0009D42F5D3A37A4FF6FF72002123F0030349
:1023E0002280A2704FF47F4261602281A372304646
:1023F000F8BD0023BCE70123BAE70223B8E700BF1A
:102400003874002028740020CB1F012B49D870B5E8
:10241000044610460D461646FFF7CEFB80B325490D
:102420000B88A3423FD08B89A3423ED00B8BA342A3
:102430003DD08B8CA34208BF032302D0052070BD82
:10244000034603EB430E01EB8E0E9EF80200A842FA
:1024500018D0032B03F10100F0D000EB400231F85B
:102460002220A242ECD0022B03F10200E6D000EBC6
:10247000400231F82220A242E2D0002BD9D0DDE781
:10248000072070BD9EF80A209207E2D1DEF80420F2
:10249000002ADED1AEF800607046BDE87040FFF75C
:1024A00091BB072070470023CBE70123C9E7022334
:1024B000C7E700BF3874002002484022002104F022
:1024C00063BC00BF6C7400204FF6FF73984210B5D8
:1024D0000DD0FF28044602D94FF6FF7010BD094801
:1024E0002146F7F78DF90028F6D1204610BD0548A2
:1024F0004FF48071F7F7A8F980B2B0F5807FEBD088
:1025000010BD00BF6C74002008B54FF6FF739842F1
:1025100002D0FF28014601D9002008BD0348F7F783
:102520006FF90028F8D1012008BD00BF8C7400208D
:10253000FF2800D9704710B5044621460448F7F734
:102540006DF921460348BDE81040F7F767B900BFB1
:102550006C7400208C740020FF28014601D90020F3
:1025600070470148F7F766B96C740020F8B54FF66C
:10257000FF7398422AD0013084B2FF2C22D8144D28
:1025800003E09CB2B4F5807F1CD021462846F7F7C3
:1025900051F9631C0028F4D00E4FA7F12006214604
:1025A0003846F7F747F978B10134A5B207E0294674
:1025B0003046F7F73FF9ACB201350028EFD1B5F559
:1025C000807FF4D14FF6FF742046F8BD0024D6E793
:1025D0006C7400208C74002038B54FF6FF7398425D
:1025E00016D0013084B2FF2C0ED80A4D03E09CB205
:1025F000B4F5807F08D021462846F7F71BF9631C05
:102600000028F4D0204638BD4FF6FF74204638BD70
:102610000024EAE78C7400202DE9F04F87B0834650
:102620004FF6FF708A4691460193FFF7C7FA0423DD
:10263000039302AB0025059304AA03AB06210446CD
:1026400002950495FFF7BAF9072852D04FF6FF77A5
:102650000346B8464FF0FF360AE0052B15D1FFF7C9
:10266000ADFA03AB04AA06210446FFF7A7F9034617
:102670002046002BF1D1029BAB4224BFA0461D4651
:10268000B3423CBF27461E46E9E74FF6FF7294422D
:102690001AD1A0452BD0A7420CBF05200020BBF1CA
:1026A000000F01D0ABF80080BAF1000F01D0CAF8DA
:1026B0000050B9F1000F01D0A9F80070019B03B1DF
:1026C0001E6007B0BDE8F08F1846F8F7ADFA0B4D65
:1026D0000B4B0C49ED1AED082D040246234645F03C
:1026E0000100F4F70FFA032007B0BDE8F08F0520D2
:1026F000D5E7052007B0BDE8F08F00BF70BE03002E
:10270000E0BD030054A403002F4B1B7803B97047AE
:102710002DE9F04103888688102B86B0044612D03C
:102720002A4B30461978FDF71DF900283CD1204688
:10273000FEF722FB204602F0EDF8204606B0BDE889
:10274000F041FDF7F5BF00251422294601A8DFF866
:1027500090808DF8035004F017FB01228DF80420BF
:102760004FF6FF72ADF8082098F80030ADF806601B
:1027700004F1080203920DF1030204924BB1144FCD
:1027800057F8043B01A8984798F8003001359D425E
:10279000F6DB0E4B9DF8032019783046FDF7FEF866
:1027A0009DF803000028C2D00A4A0B48A3880B49B1
:1027B000801AC0082288000440F0040006B0BDE87A
:1027C000F041F4F79FB900BFC27400204D370020DC
:1027D000B4740020E0BD030070BE03009CA403009D
:1027E000C37400202DE9F043044687B08088FEF7CB
:1027F00041FD23786080093B032B08D8DFE803F014
:102800004B3A1702964B1A78002A40F0D880954F21
:102810003B784BB1944E002556F8043B2046984730
:102820003B7801359D42F7DB07B0BDE8F0838C4D66
:102830002B78002B7AD18D4D2B78002BE7D08C4E46
:10284000A38832889A42E2D18A4B1F78002F48D061
:10285000DFF82882864800231A464146FFF7DCFE4F
:10286000052800F0E080B0FA80F35B092B70002FA0
:10287000DAD0CCE7637A002BC9D17F490A68002AF5
:10288000C5D0E0688242C2D17C480B600268E36038
:10289000013A0260BBE7667A2EBB774A13681BB128
:1028A000E1688B4200F0B980704D2B78002BAED0E0
:1028B0006F4EA28833889A42A9D1237A062BA6D1DB
:1028C0006C4B1F786FB1DFF8B48100231A46414684
:1028D0003046FFF7A1FE052800F0AD80B0FA80F782
:1028E0007F092F7093E7012E91D1604D2B78002B3B
:1028F0008DD05F4FA2883B889A4288D1237A062BDD
:1029000085D15C4B1B78002B00F0A580DFF86C8133
:1029100000231A4641463846FFF77EFE052800F0A0
:102920009280B0FA80F676092E7070E74FF6FF704D
:10293000FFF744F94FF6FF73984206467FF47BAFEA
:10294000FFF73EF9B0427FF476AF00260DF10408A0
:10295000142231464046434F2E7004F015FA0D23E1
:102960008DF804304FF0FF33CDF806303B78ABB133
:10297000DFF8F49035464E4656F8043B204698471B
:102980003B7801359D42F7DB43B1002559F8043B04
:10299000404698473B7801359D42F7DB334D2B7815
:1029A000002B3FF441AF324EA38832889A427FF425
:1029B0003BAF304B1B78002B50D0002748E7002559
:1029C0000DF104081422294640461D7004F0DCF97C
:1029D0000E23244F8DF804304FF0FF33CDF806302E
:1029E000A36803933B78002B3FF41EAF1E4EB14605
:1029F00059F8043B204698473B7801359D42F7DB68
:102A0000002B3FF411AF002456F8043B4046984792
:102A10003B7801349C42F7DB06E7154BA188166032
:102A20001980E660F3E64FF6FF7333800023C8F8A1
:102A3000003001231AE74FF6FF7333800023C8F8F4
:102A400000302F70E3E64FF6FF733B800023C8F899
:102A500000302E70DBE61E462E70D8E62B70E3E6C3
:102A6000B0740020C3740020B4740020C47400202B
:102A7000C0740020C2740020C8740020AC74002010
:102A800078B1F8B5074F3B7853B1074E054600249F
:102A900056F8043B284698473B7801349C42F7DBC4
:102AA000F8BD7047C3740020B4740020F8B5074F18
:102AB0003B7853B1064D0646002455F8043B30469A
:102AC00098473B7801349C42F7DBF8BDC374002083
:102AD000B4740020F8B5074F3B7853B1064D064655
:102AE000002455F8043B304698473B7801349C421B
:102AF000F7DBF8BDC3740020B4740020F8B5074FAD
:102B00003B7853B1064D0646002455F8043B304649
:102B100098473B7801349C42F7DBF8BDC374002032
:102B2000B474002010B5FEF7F3FE28BBFFF7D4F90C
:102B3000002843D101F0A6FE78BB00F0CFFE0028AC
:102B40004DD1FDF793FD00285AD1FDF7BBFF044698
:102B5000002865D13A4A3B4B3B483C4904604FF65C
:102B6000FF7CA2F800C001221A700C70FCF7F0FE86
:102B7000374B1870204610BDF8F756F8354C364ADA
:102B8000364903463648241AE408240444F0010078
:102B90000324F3F7B7FF204610BDF8F745F82D4C96
:102BA0002D4A304903462E48241AE408240444F0F0
:102BB00001000324F3F7A6FF204610BDF8F734F810
:102BC000244C254A284903462548241AE4082404AD
:102BD00044F001000324F3F795FF204610BDF8F7F9
:102BE00023F81C4C1C4A214903461D48241AE408BA
:102BF000240444F001000324F3F784FF204610BDB1
:102C0000F8F712F8134C144A194903461448241AC9
:102C1000E408240444F00100F3F774FF0324A9E757
:102C2000F8F702F80B4C0E490B4A641AE408240426
:102C30000346104944F00100F3F764FF032499E7C9
:102C4000C0740020C2740020C8740020C474002026
:102C50004D37002070BE03009CA60300E4A40300CF
:102C6000E0BD03003CA5030010A5030068A5030018
:102C700094A50300C0A503000A4B1B786BB10A4A58
:102C80001378022B0BD810B4591C084C117044F85F
:102C9000230000205DF8044B704708207047042093
:102CA000704700BFC2740020C3740020B4740020B9
:102CB000034B1B780BB101F047BE0820704700BFE3
:102CC000C274002008B5054B1B782BB101F082FEC1
:102CD000082808BF112008BD082008BDC2740020C4
:102CE000034B1B780BB101F011BD0820704700BFEA
:102CF000C2740020034B1B780BB1FEF703BB082006
:102D0000704700BFC2740020F0B52B4F3B7889B0EC
:102D100083B32A4D01234FF6FF702B70FEF74EFF51
:102D20004FF6FF76B042044628D03B78204663B188
:102D3000FEF7E8FA0546204645B9FEF73FFFB042E8
:102D40000446F2D1284609B0F0BD08252846F7F719
:102D50006BFF1B4D1B4A1C49009403461B482D1A50
:102D6000ED082D0445F00100F3F7ECFD032528469E
:102D700009B0F0BD0825284609B0F0BD0024144E66
:102D80002C701422214603A803F0FEFF0D22337895
:102D90008DF80C204FF0FF32CDF80E2043B10D4DD1
:102DA00055F8043B03A89847337801349C42F7DB7D
:102DB0000025284609B0F0BDC2740020B074002080
:102DC00070BE03008CA60300ECA50300E0BD030069
:102DD000C3740020B474002010B4054C24781CB1D6
:102DE0005DF8044BFFF718BC08205DF8044B7047F2
:102DF000C27400202DE9F0434C4B1A7889B0002AA8
:102E000057D04B4A4B4F064692E803003C7801AD41
:102E100085E80300002C35D0474F3C68002C43D197
:102E2000464BDFF830811B88B342D8F800304AD0D7
:102E30005A1C43D00133404AC8F800302946304676
:102E4000FEF738FE044680B3D8F80030013BC8F8DE
:102E5000003011284FF000033B6025D0862824D095
:102E6000072822D0F7F7E0FE354C364B3649E41AF6
:102E7000E40824040246334644F00100F3F742FE1E
:102E8000032412E0DFF8CC90DFF8B080234622461E
:102E900049464046FFF7C0FB05283ED000280CBF3E
:102EA000012300233B70B7D01124204609B0BDE8B0
:102EB000F0830824204609B0BDE8F083132420469F
:102EC00009B0BDE8F083002BB4D01422214603A83A
:102ED00003F05AFF092330468DF80C30FEF7CAF98B
:102EE0009DF81C30194FADF80E0064F300038DF807
:102EF0001C303B78ADF810600622ADF81420069423
:102F0000002BD2D0124E254656F8043B03A8984712
:102F10003B7801359D42F7DBC7E701233B704FF655
:102F2000FF73C9F80040A8F8003075E7C2740020AC
:102F300084A60300C4740020C8740020C07400205C
:102F400070BE0300E0BD030034A60300C37400207C
:102F5000B4740020AC74002076DF70472DE9F04F88
:102F6000037887B00446152B0FD8DFE803F0830EF3
:102F70000E980E0E0E110E0B0E0B0E0E0E0E0E0EEA
:102F80000E0E2F6BA14B01221A7007B0BDE8F08F17
:102F90009F4D2B78002BF8D19E4B9F4C9B4F9F4908
:102FA000E41AE408240444F003084046F3F76CFFF5
:102FB0003B78002B00F0D780F6F7FAF8002800F0F5
:102FC000F28048F207629042DFD063E0914B924F6B
:102FD000DFF850928E498D4AD9F80040904DDFF8C5
:102FE00048A2FF1AFF0800233F040B70137047F03C
:102FF000040704F108084FF6FF76634203F0070365
:1030000004F0070258BF5A4235F812B0B34558468B
:1030100012D025F81260FFF7EDFE862802467DD01B
:1030200011287BD0831F012B40F29380132800F0DE
:10303000908008B1F4F76AFB0134A045DDD107B0F8
:10304000BDE8F08F8368724948F20D620020934218
:10305000087002D0B3F5064F97D10023072201A8CC
:10306000CDE90133CDE9033305938DF80420FFF753
:1030700075FF8AE78088FFF7BDFE862803461FD0CC
:1030800011281DD0821F012A36D9132834D00028D8
:103090003FF47BAF07B0BDE8F04FF4F737BB037ADE
:1030A000012B3FF672AF00238288059301A8CDE97A
:1030B0000133CDE90333ADF80820FFF74FFF64E794
:1030C000584857490268A48821F81240531C5942B5
:1030D00001F0070103F0070358BF4B4200220360D1
:1030E000072301A80192CDE90222CDE904228DF83F
:1030F0000430FFF733FF48E71846F7F795FD4649D8
:10310000A388024643480C1AE4082404464944F0C4
:10311000040007B0BDE8F04FF3F7F4BCD9F8003075
:1031200025F813B001335A4202F0070203F00703F7
:1031300058BF5342C9F800300023CDE90133CDE92F
:103140000333059301A807238DF80430FFF706FF2A
:1031500072E71046F7F768FD5B460246514638466F
:10316000F3F7D0FC68E701A8F6F7C8F990BBBDF803
:103170000A30002B14BF012300233B707FF41CAFE7
:10318000002301AA19461846FFF726FE064690B10D
:10319000052E2BD0062E2FD0002E3FF40DAF30463B
:1031A000F4F7B4FAF1E6214944F00400F3F76CFEB9
:1031B00001232B70E9E6BDF804201D494046F3F7D2
:1031C00085FDBDF80400FFF795FD0646D0B9012343
:1031D0003B70DDE7F4F79AFABDF80A30002B14BF14
:1031E000012300233B707FF4D0AEC9E7114944F0BE
:1031F0000100F3F749FEC8E60F4944F00200F3F777
:1032000043FEC2E6F4F782FAE1E700BF4E37002042
:10321000EA740020E0BD030088BE0300A4A60300FA
:1032200050370020EC74002070A703004CA7030067
:10323000C0A60300ECA603000CA7030070B5914BD9
:10324000914C02789149E41AE408914B2404054614
:1032500044F0040653F8222084B03046F3F736FDDC
:103260002A78152A00F20B81DFE812F0F300F10052
:10327000E000CE009B009900970093008B00730044
:103280005A0055004A0046003E0039002F002D002C
:103290002B00290022001600A868F7F7C5FC7D491D
:1032A000024644F0020004B0BDE87040F3F70EBDE2
:1032B0007949304604B0BDE87040F3F7E5BD774981
:1032C000F7E77749F5E77749F3E7AB886A88764906
:1032D00044F0020004B0BDE87040F3F713BCAB88C3
:1032E0006A8872493046F5E7A868F7F79DFC70498F
:1032F000024644F00100D6E76E4944F00300D9E7E6
:10330000AA88A8680292F7F78FFC029A6A490346D6
:1033100044F00100DEE7AA88684944F00100C2E7F2
:10332000297A687A664A674B52F8206053F8213050
:10333000AA88286903920293F7F776FCDDE9023246
:1033400001906149009644F00200F3F711FA04B0CD
:1033500070BD687A5A4A2B7C52F8202000925B4953
:10336000AA882D7A13F0010F564B44F00300584CF5
:1033700053F8253008BF0C4601945649F3F7F8F985
:10338000E5E7A868F7F750FC5349024644F001000E
:1033900089E7524944F002008CE7514989E75149D5
:1033A00087E76888FCF758FA4F4B504953F82020BC
:1033B0004F4B44F003002C7A53F8243000936B8970
:1033C00001936B88F3F7D4F9698941F206039942B6
:1033D0004DD041F23D0399424BD0B1F5885F4AD0C0
:1033E00041F20113994248D04248434B434A00916D
:1033F000B1F5805F38BF034641481E2103F0CCFC85
:103400003F4A404930464EE76888FCF725FA297A5A
:10341000374B354A53F8216052F820206B883A49DF
:10342000009644F00300F3F78DFA90E76888FCF704
:1034300013FA297A2E4B2C4A53F8214052F82020B7
:103440006B88324900943046F3F77CFA7FE73049C5
:103450002FE76888FCF700FA234AAC886B8852F89B
:1034600020202C4900943046F3F76CFA6FE72A4A83
:10347000C7E72A4AC5E72A4AC3E72A4AC1E72A49D1
:103480000FE700BFE0BD030088BE030054A803009F
:10349000B8B2030098AC030074AC03004CAC03005A
:1034A00024AC030000AC0300C4AB030080AB0300FA
:1034B0005CAB030048AB030018AB0300F0AA0300A9
:1034C00088B2030090B20300A4AA030054AA030028
:1034D0004C95030060AA030028AA030010AA030069
:1034E000F4A90300D4A9030010B3030060A90300EA
:1034F0001CB303002CA8030040A80300B4A90300D8
:10350000CC740020C0A9030020A90300D0A80300A8
:10351000ACA8030060A80300E4A70300C4A703004D
:10352000A4A703000CA80300C8AC030030B50446F0
:1035300083B0FFF783FE23781BB1082B37D003B08D
:1035400030BD658801A92846FFF7CAFB43F2020493
:10355000A04200D040BB9DF8041011F0020134D10C
:103560002846FFF7AFFB04460028E8D01128E6D034
:103570000D2843D00B285ED043F2020398422FD08F
:10358000F7F752FB2E4902462E482B460D1AED083E
:103590002D0445F001002C49F3F7B4FA204603B09E
:1035A000BDE83040F4F7B2B8F4F7B0F8D3E7254BF4
:1035B00023482649C01AC008000440F00100F3F770
:1035C00063FCA0680028BAD0E9E71E4B1C482049DC
:1035D000C01AC008000440F00400F3F755FCAEE741
:1035E0001748184B1B49C01AC00800042A4640F06F
:1035F000020003B0BDE83040F3F768BB114B104C3C
:103600001549E41AE408240444F0020420462A463A
:10361000F3F75CFB13212846FFF79EFC00288ED0B1
:10362000F7F702FB0D4902462B46204603B0BDE8E2
:103630003040F3F767BA0248024B0949D3E700BFAD
:1036400088BE0300E0BD030068AE0300A4AE030023
:10365000E8AC03001CAE030010AD030084AD030012
:10366000BCAD03000378042B00D0704710B50E4B9F
:103670000E4904460E486288C01AC008000440F093
:103680000200F3F723FB60881321FFF765FC43F288
:1036900002029042034602D033F0080300D110BD6D
:1036A000BDE81040F4F732B8E0BD0300B0AE03004F
:1036B00088BE030030B4DDE9024570B169B163B181
:1036C00005FB04FC944508D83CB135B1C0E90013B2
:1036D000C0E90245002030BC7047072030BC70476D
:1036E0002DE9F04100284FD003688046002B4BD0D5
:1036F0004068002848D0D8F80830002B44D0002576
:103700000F46FF2429460FE0FF2C08BF2C462B1B39
:103710000133BB4239D0D8F808300135EDB29D42B3
:10372000294631D2D8F80400F6F76AF8BFF35F8F64
:103730000028E9D0FF2C01D1FF24ECE7AC42FBD2FA
:103740000134D8F80020E4B205E0A542F4D9D8F855
:1037500000200134E4B2631EDEB2002AF5D0D8F8AE
:1037600004000028F1D0FF2EF3D0BFF35F8F314665
:10377000F6F760F80028E8D0D8F80400BFF35F8FB0
:103780003146F6F74BF8E0E7FF242046BDE8F0812C
:10379000A0B138B50368044673B1406860B1FF2931
:1037A0000D4609D0BFF35F8FF6F744F820B1E1680A
:1037B000206801FB050038BD002038BD002070479F
:1037C00048B138B50368044623B1406810B1FF29F9
:1037D0000D4601D138BD7047BFF35F8FF6F72AF869
:1037E0000028F7D06068BFF35F8F2946BDE83840F6
:1037F000F6F714B87EDF70477FDF704785DF7047CC
:1038000086DF70472DE9F0432F4B87B08846197843
:1038100005461746FCF7A6F805F5807300284FF01B
:10382000070198B214BF4FF001094FF00209FEF7EB
:103830008BFD10B10528064623D101AC234B002295
:103840001978019204232846C4E90122C4E903221D
:103850008DF804308DF80C90ADF80E80ADF8065060
:103860008DF81070FCF79AF8BDF80600FDF73CFCE7
:1038700003462046ADF8083000F09CFF07B0BDE8D5
:10388000F083F7F7D1F9124B124902461248C01AD9
:10389000C00800042B4640F00100F3F733F9002381
:1038A000CDE90133CDE90433284608230396ADF86A
:1038B00006508DF80430FDF717FC01ACADF8080098
:1038C000204600F077FFB9E762370020613700201B
:1038D000E0BD030028B30300B0BE0300F8B51C4CE4
:1038E0002378182B30D01B4D2B78182B28D01A4E4C
:1038F0003378182B20D0194F3878182818D023780F
:10390000182B09D02B78182B06D03378182B03D01E
:10391000182801D00020F8BD114B12481249C01AD6
:10392000C008000440F00100F3F7AEFA0320F8BD30
:10393000FCF70EF83870E2E7FCF70AF83070DAE7C7
:10394000FCF706F82870D2E7FCF702F82070CAE707
:103950006137002063370020623700206037002085
:10396000E0BD0300B0BE0300949903002DE9F041CF
:1039700090B00C4617460646FBF76EFF2022054620
:1039800000210DEB020003F0FFF9012D3ED0002DC8
:1039900050D0002C43D03046FDF7A6FB2378DB0740
:1039A00051D503AB06F58070072180B20122FEF7E6
:1039B000CBFB1128014639D000287CD15022049835
:1039C00003F0E2F9049B1D700499434B0F9301F13E
:1039D0003403089301F118030C9330464B1C11314A
:1039E0000B970D93FDF796FB014680B3F7F71CF993
:1039F0003A4C3B4B3B49E41AE40824040246334664
:103A000044F00200F3F77EF808210FE0DFF8DC80D5
:103A1000002298F800103046FBF7C0FFDCB9852182
:103A200008AB22463046FFF7E7FE0146084610B0D5
:103A3000BDE8F08143F20201084610B0BDE8F08114
:103A40002278D207AED40021234B0B970F93012D80
:103A500018BF0024E4E73046FDF746FB4FF6FF733E
:103A600098429BD098F800103046FBF77BFF002867
:103A700094D103AB014614221846019303F084F954
:103A8000052230468DF80C20ADF80E60FDF72CFBBA
:103A9000019BADF81000184600F08CFE98F800105D
:103AA0003046FBF75FFF019B0028C9D12378D90777
:103AB000B5D48521C8E7F7F7B7F8084C084B0A4991
:103AC000E41AE40824040246334644F00100F3F704
:103AD00019F80321AAE700BFF0740020B0BE03006C
:103AE000E0BD0300F8B3030094B303006037002087
:103AF000F0B58BB004460E461546FBF7ADFE012827
:103B000055D002284ED1002E52D0654B2A46197846
:103B10002046FBF743FF2046FDF7E6FA4FF6FF731A
:103B20009842074601D0002D51D031462046FFF77C
:103B300061FE04285B4B054600F08280B0FA80F2FB
:103B40001978367852092046FBF728FF65BB564B9B
:103B500006F00106C6F1020619780122F6B22046E7
:103B6000FBF71CFF514BA6F10102B2FA82F2197861
:103B700020465209FBF712FFCDE9085502230595AF
:103B8000CDE906558DF814302046ADF816408DF875
:103B90001C60FDF7A9FA034605A8ADF8183000F03F
:103BA00009FE01E043F2020528460BB0F0BD56B114
:103BB00031462046FFF71EFE04280546F4D11125A4
:103BC00028460BB0F0BD354628460BB0F0BD03AA21
:103BD0000721FEF7B5FA70BB049D95F84420D30782
:103BE00034D505F1340205F146012046FFF706FE03
:103BF0002C4BB0FA80F20546197852092046FBF7A3
:103C0000CDFE002DD0D1284B2A4619782046FBF74F
:103C1000C5FE264B204619782A46FBF7BFFE022335
:103C2000CDE90555CDE9075520468DF81430ADF89E
:103C300016400995ADE7052801D0112811D1194B7F
:103C4000197800222046FBF7A9FEB8E705F12A0102
:103C500008460191FDF734FB18350199B8B12A46A1
:103C6000C3E7F6F7E1FF124902461248081AC008F6
:103C7000000411493B4640F00100F2F743FF094BB5
:103C80002A4619782046FBF789FE03258CE7054B69
:103C9000024619782046FBF781FE0B2584E700BF1A
:103CA0006037002061370020633700206237002032
:103CB000B0BE0300E0BD030048B403002DE9F04F9F
:103CC0000388113B8DB004460D2B2ED8DFE813F08E
:103CD00056002D000E0077002D002D002D002D0028
:103CE000C50040012D002D002D0030008088FBF71D
:103CF000B3FD0128054600F0088207AD34F8040F33
:103D00000023062204340793C5E90133C5E90333D0
:103D10008DF81C20ADF81E000994FDF7E5F9034667
:103D20002846ADF8203000F045FD0DB0BDE8F08F1D
:103D3000C94B80881978FBF715FE03460028F4D19B
:103D400034F8040F07930122ADF81E001325211D3E
:103D500009A8CDE90833CDE90A338DF81C5003F0EA
:103D600005F8BDF81E00FDF7BFF9034607A8ADF83A
:103D7000203000F01FFD0DB0BDE8F08F037A85887C
:103D8000B54E3D2B317841F23D0328460CBF1C4611
:103D90004FF48854FBF7E6FD0028C6D0AF4B284609
:103DA0001978FBF7DFFD0246002800F0EE810022C3
:103DB000214628460DB0BDE8F04FFFF723BD00F1C6
:103DC00010094846FDF7E6F94FF6FF7306469E4296
:103DD0008346A08800F0E580DFF87C823146FDF75D
:103DE00087FAA08898F8001003900122FBF7D6FD0F
:103DF0009A4B039819780022FBF7D0FD984B039853
:103E000019780022FBF7CAFD07AD0023079303983A
:103E1000C5E90133C5E903330223ADF81E008DF86F
:103E20001C30FDF761F9ADF82000284600F0C2FC17
:103E300005AA07213046FEF783F9002840F03B81B0
:103E4000A77E17F0010700F0DC80069F97F844304A
:103E5000D90740F128813437D3E0067A8788002ECD
:103E600040F006817C4B324619783846FBF796FDC8
:103E7000637A5B0740F1218107F580791FFA89F9A0
:103E800005AB012207214846FEF75EF9804600286F
:103E900040F0C3813846FDF727F94FF6FF7398428B
:103EA0000646054600F00982C24607AD484632463E
:103EB0000721FEF7A9FA8046002800F09C81862899
:103EC00000F08581F6F7B0FE664B67490096024622
:103ED0006648C01AC00800044FF0000940F0010015
:103EE0003B46F2F72FFDCDF81C900823C5E9019958
:103EF000C5E9039938468DF81C30CDF82480ADF81B
:103F00001E70FDF7F1F8ADF82000284600F052FCD5
:103F1000637AA0888DF8259013F0040F14BF012355
:103F200002238DF8243003238DF81C30ADF81E00D9
:103F3000FDF7DAF803462846ADF8203000F03AFCE9
:103F4000BAF1000F3FF4F1AE3046FDF7DBF9ECE6D5
:103F5000424B80881978FBF705FD054600287FF461
:103F6000E4AEA088FBF7ACFC0246002840F02081BC
:103F7000394B07921978A088ADF81E0004238DF8FC
:103F80001C3041F20603CDE90922ADF826300123A9
:103F900008920B928DF82830FBF700FDBDF81E004B
:103FA000E1E6FDF7A1F8DFF8B080B4F804A098F8D6
:103FB0000010064601225046FBF7F0FC274B00227A
:103FC00019785046FBF7EAFC254B07AD197800221B
:103FD00000275046FBF7E2FC07970223C5E901776B
:103FE000C5E9037750468DF81C30ADF81EA0FDF7EB
:103FF0007BF8ADF82000284600F0DCFB5E457FF43E
:1040000017AF0023A0881A463946FFF7F9FB0828A6
:10401000814600F0AF80002859D1A37EDA077FF5F2
:1040200084AE002F7FF481AE04230797A08898F810
:104030000010C5E90177C5E903773A468DF81C30D1
:1040400041F20603ADF81E00ADF82630FBF7A6FCE2
:10405000BDF81E0061E600BF613700206337002015
:1040600062370020E0BD03000CB60300B0BE0300C1
:10407000BA4C427A21783846C2F3010802F00305AF
:10408000FBF770FC00283FF450AEB54B384619786A
:10409000FBF768FCB6B20246002800F0F2802A4620
:1040A0003146384686E6494607F14600FDF750F8A6
:1040B00000287FF4D0AE0027A3E7A088ADF81E004B
:1040C000032202238DF81C20ADF824304BE6F6F7CE
:1040D000ABFDA44900960246A348A388401AC00835
:1040E000000440F00100A149F2F72CFC0023A08855
:1040F00007930822C5E90133C5E903338DF81C2075
:10410000ADF81E00CDF8249007E6237A934AA088E4
:104110001178039003F00103C3F102032A46DEB2D3
:10412000FBF73CFC8E4B039819782A46FBF736FCCC
:104130008F4B03981978A6F10102B2FA82F2520964
:10414000FBF72CFC0023CDE90733CDE909330398B5
:104150000B9302238DF81C30ADF81E008DF82460FF
:10416000FCF7C2FF07AD03462846ADF8203000F04B
:1041700021FBC3E57B4B7C487E49C01AC008000484
:1041800040F00200F2F780FECFE50790099004238B
:1041900028463178ADF82640CDE90A22ADF81E5008
:1041A00008928DF81C30FBF7F9FBBDF81E00DAE52C
:1041B0006A4BA08819782A46FBF7F0FBA088ADF877
:1041C0001E0003238DF81C30ADF82450CBE50023EE
:1041D00007930722C5E90133C5E9033338468DF853
:1041E0001C20ADF81E70FCF77FFF03462846ADF893
:1041F000203000F0DFFA637AA088ADF81E0013F0DB
:10420000040F14BF01220222032101238DF81C1088
:104210008DF824208DF825307FE5F6F705FD514B0C
:10422000554902465048C01AC008000440F0010039
:104230003B46F2F767FC08233846CDE90766CDE92F
:104240000A668DF81C30CDF82480ADF81E70FCF79E
:104250004BFF07AD03462846ADF8203000F0AAFA20
:10426000637AA088ADF81E0013F0040F14BF012379
:10427000022303228DF81C208DF824308DF8256050
:104280004BE5079009900A9004232178089238465C
:104290000B928DF81C30ADF82660ADF81E708DF8CD
:1042A0002880FBF77BFBBDF81E00FCF71DFFADF877
:1042B000200007A800F07EFA37E501460698FCF7D3
:1042C000F3FEA842064682463BD0DFF8B0B0014676
:1042D0003846FDF70DF89BF800103846FBF742FB17
:1042E000824600287FF4E0AD07AD0146142228463F
:1042F00002F04AFD052338468DF81C30ADF81E70DB
:10430000FCF7F2FEADF82000284600F053FA9BF8C7
:1043100000103846FBF726FB034600287FF4C6ADA5
:10432000627AA088ADF81E0012F0040F14BF0122BB
:10433000022203218DF81C108DF824208DF82530E1
:10434000EBE4FDF729FC5045064619D031463846C6
:10435000FCF7CEFF4FF0010A07ADA7E5613700205B
:1043600063370020E0BD0300B0BE03000CB50300BE
:10437000623700209CB403007CB503006037002046
:10438000174B18481849C01AC008000440F0010033
:10439000F2F77AFD0823CDE9078838468DF81C30FE
:1043A00004230993CDE90A88ADF81E70FCF79CFE42
:1043B00007AD03462846ADF8203000F0FBF9637ADC
:1043C000A088ADF81E0013F0040F14BF01230223D0
:1043D00003228DF81C208DF824308DF825809CE474
:1043E000E0BD0300B0BE0300D8B5030031F0080300
:1043F00035D070B511298AB00C462ED00D2906464D
:104400002ED00846F6F710FC304B314902463148B1
:10441000181AC0080004334640F00100F2F772FB9E
:1044200000233046CDE90533CDE907330993FCF786
:104430005BFE0823ADF81660ADF818008DF8143057
:104440000DF1140CBCE80F006D460FC5DCF8003010
:104450002B6068460294FEF713FB0AB070BD7047EC
:104460001C4B1A481C49C01AC008000440F0020046
:1044700015463246F2F72AFC00233046CDE90533D3
:10448000CDE907330993FCF72FFE0423ADF816603E
:10449000ADF818008DF8143005AC0FCC6E460FC681
:1044A000236833607DB12B7803F00103C3F102036D
:1044B000DBB241F2011268468DF80830ADF80A20EF
:1044C000FEF7DEFAC9E70223F3E700BFA8BE030048
:1044D00030B70300E0BD030078B603002DE9F041DA
:1044E000244B8EB00026CDE90A66CDE90C661B6828
:1044F000099309AC0546884694E8070001AF87E8B0
:10450000070009962846A660FCF7EEFD0623ADF8E5
:104510002800ADF826508DF824300FCC0DF1100C8A
:10452000ACE80F002368CCF8003004A8CDF8188060
:104530000797FEF7A5FA104B01991A682846FFF76E
:1045400015FA0E4BA0F11102B2FA82F21978044664
:1045500052092846FBF722FA094B324619782846B9
:10456000FBF71CFA019A21462846FFF73FFF0EB0E1
:10457000BDE8F0813C7500203075002067370020D1
:10458000663700200021FFF7A9BF00BF2DE9F043E7
:1045900006468FB0174698460C46002961D1454B18
:1045A0000A91CDE90C111B68099309AD0B9195E8AF
:1045B00007000DF1040989E8070030460994FCF76B
:1045C00093FD0623ADF82800ADF826608DF8243061
:1045D000AC46BCE80F0004AD0FC5DCF80030CDF8E8
:1045E0001C9004A82B60FEF74BFA334BDDF80490C7
:1045F0001B78002B38D049463A463046FFF778FA08
:104600002E4B11281978054641D000223046FBF781
:10461000C5F9112D0AD80D2D0CD8DFE805F02B0BAC
:104620000B0B0B0B0B0B2B0B0B2B0B2B43F202036C
:104630009D421FD02846F6F7F7FA214B2149024642
:104640002148C01AC008000440F001003346F2F7C8
:1046500059FA0324B8F1000F10D120460FB0BDE87D
:10466000F0834FF00009C6E79DF80D30002BC2D152
:104670000524F2E72C46B8F1000FEED030464A464A
:104680002946FFF7B3FE20460FB0BDE8F0830122B4
:104690003046FBF783F90D4B224619783046FBF77D
:1046A0007DF90B4B3A4619783046FBF777F9002431
:1046B000D0E700BF3C750020397500206637002028
:1046C000E0BD03009CB70300A8BE030065370020CF
:1046D0006437002010B50B4B82B019780446FBF705
:1046E00041F9094B0246197801922046FBF73AF945
:1046F000019A01460123204602B0BDE81040FFF7B1
:1047000045BF00BF643700206537002000294FD027
:10471000F0B583B006460C46FBF7B8F8054670B313
:104720003046FCF7E1FCA5F1020507464FF6FF70A5
:10473000381A2378B5FA85F518BF01206D0923F0E2
:10474000090345EAC0051D4325703046FBF7B8F85C
:10475000237860F3410323703046FBF7C9F82378D0
:1047600060F3820323703046FBF7DAF8054650B158
:104770002378002065F30413237003B0F0BD43F2E7
:10478000020003B0F0BD3046FBF79AF80646002859
:10479000EED06A4638460721FDF7D2FC0028E7D163
:1047A000019B93F8443013F0010F18BF3546DFE743
:1047B0000E20704770B50378062B82B0044615D0E2
:1047C000132B0DD11E4B1A68BAB14088FBF778F84D
:1047D0000546A0B90246608801232946FFF7D6FEA8
:1047E000204602B0BDE87040FEF74AB981684088B3
:1047F00002B0BDE87040FFF771BE0125EBE7237AF8
:104800006088C3F34006C3F30002B60046EAC2065E
:10481000C3F3800346EA031601A9E0238DF80430B0
:10482000FFF774FF06F01C069DF80430F6B220B9BD
:1048300036EA030314BF012500252A460025CAE7EE
:104840003C75002008B503780C2B02D8082B02D841
:1048500008BD142BFCD1074B074918780022FBF741
:10486000E1F8064B064918780022BDE80840FBF73E
:10487000D9B800BF673700208545030066370020A0
:10488000D546030010B51C4C2378182B0DD01B4CBB
:104890002378182B10D01A4C2378182B13D0194CCE
:1048A0002378182B16D0002010BDFBF751F820708C
:1048B000124C2378182BEED1FBF74AF82070104CDD
:1048C0002378182BEBD1FBF743F820700D4C23789D
:1048D000182BE8D1FBF73CF818282070E3D10A4BDD
:1048E0000A480B49C01AC008000440F00100F2F762
:1048F000CBFA032010BD00BF6637002064370020CC
:104900006537002067370020E0BD0300A8BE030024
:104910009499030008B5FFF7D1F9074B07491878B8
:104920000022FBF77FF8064B064918780022BDE805
:104930000840FBF777B800BF6737002085450300C4
:1049400066370020D54603000346002835D002789C
:1049500002F0820180292ED0C2F3021104292AD844
:1049600002F0F201322926D041788078814222D8A3
:10497000062920D910281ED8D97848071BD41879C1
:1049800010F0040F17D10143080714D4D00710D535
:104990008A0710D010B40C4A186810601B790B49B4
:1049A0000B4C137101230B70226000205DF8044B47
:1049B00070478907EED0072070470548034A036017
:1049C0000121117018467047347500203975002098
:1049D0003C7500202DE9F0413F4B8EB00025CDE91C
:1049E0000A55CDE90C551B68099309AC06460F46DC
:1049F00094E807000DF1040888E80700099530469F
:104A0000A560FCF771FB0623ADF82800ADF8266021
:104A10008DF824300FCC0DF1100CACE80F0023689A
:104A2000CCF8003004A8CDF81C80FEF729F82B4BF9
:104A300001991B781BB99DF80D30002B47D03A46E1
:104A40003046FFF755F81128254B044611D0197848
:104A500000223046FAF7A2FF112C20D80D2C22D8C4
:104A6000DFE804F019212121212121211921211917
:104A70002119197801223046FAF790FF194B0022CC
:104A800019783046FAF78AFF174B3A4619783046BC
:104A9000FAF784FF002420460EB0BDE8F08143F20F
:104AA00002039C42F7D02046F6F7BEF80F4C10499F
:104AB00002461048241AE408240444F00100334656
:104AC000F2F720F8032420460EB0BDE8F08105245B
:104AD00020460EB0BDE8F0813C75002039750020FD
:104AE000663700206537002064370020A8BE030029
:104AF0009CB70300E0BD030010DF704711DF704773
:104B000070B53D4D2B7884B0002B67D13B4E3C49AE
:104B1000012302A83370F6F745F8039B23B90FE091
:104B2000F6F74AF8039B5BB1D3E9003100209847C0
:104B3000034602A8002BF3D11C46204604B070BDEA
:104B4000304902A8F6F72EF8039B4BB1D3E90031A8
:104B50000020984702A8F6F72FF8039B002BF5D109
:104B6000294B00221B68019302A88DF80820F3F757
:104B7000C3F8264901A8FFF7BFFFB0FA80F3044647
:104B80005B099DF808002B70F3F7DCF8002CD4D1FA
:104B90001F4B20491C70347091F81623EC235209E6
:104BA0001341DB071ED51C4B9A6802B31A6842F406
:104BB00080021A60134902A8F5F7F4FF039B002B4B
:104BC000BBD0D3E900310120984702A8F5F7F4FFE4
:104BD000039B002BF5D1204604B070BD082420466D
:104BE00004B070BD42F20200F2F790FDE2E74FF42C
:104BF00080030B60DEE700BF417500204075002098
:104C000010B8030028B803000CB803002D77020089
:104C10004275002000E100E07C3E0020F0B5344DFC
:104C20002B7883B0002B5AD0324E3349012368468B
:104C30003370F5F7B7FF019B23B90FE0F5F7BCFF21
:104C4000019B5BB1D3E900310120984703466846D8
:104C5000002BF3D11C46204603B0F0BD274968461F
:104C6000F5F7A0FF019B4BB1D3E900310220984733
:104C70006846F5F7A1FF019B002BF5D10027684698
:104C80008DF80070F3F738F8FFF738FF04469DF809
:104C900000002F70F3F756F8002CDCD1184B34705D
:104CA0009A6802BB174B4FF48002C3F88020BFF311
:104CB0004F8FBFF36F8F11496846F5F773FF019B64
:104CC000002BC8D0D3E90031032098476846F5F798
:104CD00073FF019B002BF5D1204603B0F0BD0824E3
:104CE000204603B0F0BD1A6822F480021A60E2E7A1
:104CF000417500204075002010B8030028B803005B
:104D00007C3E002000E100E0054B1B7833B1054BF1
:104D10001B780BB1FFF782BFFFF7F2BE0820704788
:104D20004075002041750020014B1878704700BF86
:104D30004175002000B583B008496846F5F732FF99
:104D4000019B43B1D3E9002090476846F5F734FF53
:104D5000019B002BF6D103B05DF804FB1CB80300E7
:104D600060DF704769DF704761DF704730B5134D12
:104D7000C5B04FF482740DF1020103A8ADF80240F2
:104D8000FFF7F2FF88B9294601A8F5F70BFF029B50
:104D9000002BF0D0D3E9003103A8984701A8F5F71C
:104DA0000BFF029B002BF5D1E5E7052801D145B0AB
:104DB00030BD45B0BDE83040F2F7A8BCC0BA030032
:104DC000024B1B780BB1FFF7D1BF70474375002032
:104DD000002900F0C78030B5644B0B6085B00546F4
:104DE0000C460C22002101A801F0CEFF01238DF812
:104DF000063022688DF80450062301A92020ADF862
:104E00000830FFF7AFFF002855D10C22002101A880
:104E100001F0BAFF0123ADF805302268002301A993
:104E200040208DF80730FFF79DFF002840F08C8070
:104E30000C22002101A801F0A7FF802322688DF831
:104E4000045001A92320ADF80630FFF78BFF00289E
:104E50006CD10C22002101A801F096FF02232268E8
:104E60008DF8043001A90120FFF77CFF00284FD105
:104E70000C22002101A801F087FF4FF48053226823
:104E8000019301A9A120FFF76DFF98BB0C2200211F
:104E900001A801F079FF9DF80430226843F0010376
:104EA00001A9A0208DF80430FFF75CFF034680B90C
:104EB000184605B030BDF5F7B7FE2D4B2D4902461B
:104EC0002D48181AC008000440F00100F1F7FEFE5A
:104ED0009BE7F5F7A9FE264B2849024626481B1AF0
:104EE000DB081B0443F00100F1F7F0FE0023184635
:104EF00005B030BDF5F798FE1D4B214902461E480E
:104F0000181AC008000440F00100F1F7DFFEBDE709
:104F1000F5F78AFE164B1B4902461748181AC008B7
:104F2000000440F00100F1F7D1FEA1E7F5F77CFEA7
:104F30000F4B154902461048181AC008000440F0EB
:104F40000100F1F7C3FE84E7F5F76EFE084B0F4949
:104F500002460948181AC008000440F00100F1F7A1
:104F6000B5FE65E70E231846704700BF6835002080
:104F700060BE030034B80300E0BD0300B0B9030015
:104F80005CB9030010B90300C8B803007CB8030083
:104F900070B5044682B00668FFF7E2FE2368B342AC
:104FA000054606D82DBB1B4B012228461A7002B0BD
:104FB00070BD194B19481A49C01AC008000440F0C6
:104FC00002000190F1F760FF23681649019832460C
:104FD000F1F798FD4FF080532268D3F80C31124955
:104FE00001989B0203F100539A1AF1F76FFE002D0E
:104FF000D9D02846F5F718FE084B0C49024606485A
:105000001B1ADB081B0443F00100F1F75FFE284682
:1050100002B070BD43750020E0BD030060BE030018
:1050200004BA030034BA030068BA030094BA030058
:105030004BDF704710B5124C84B001A8FFF7F8FFA2
:10504000A8B9214602A8F5F7ADFD039B002BF4D0CB
:10505000D3E900310198984702A8F5F7ADFD039B0D
:10506000002BF5D101A8FFF7E3FF0028E9D00528C0
:1050700001D104B010BD04B0BDE81040F2F746BB4A
:10508000D8BA03002DE9F04190F804E03B4F0EEB55
:105090004E0307EB83059C002B7A82B0002B68D16E
:1050A0003A514A686A6042794FEA4E0882B11A461C
:1050B0001E469B00046803F5A07C013244F80C6096
:1050C00054F80C5044790195D3B29C42019DF0D81C
:1050D0000268CB7842F30734002C4FEA123241DBEE
:1050E00004F160445B0104F56144DBB284F80033F1
:1050F000026842F30733002B4FEA123409DB204DDC
:105100005B09012204F01F0402FA04F445F823406D
:105110000268D2F804554B7825F0030503F0030329
:105120002B43C2F8043505688B78D5F8082503F0C1
:10513000030322F003021343C5F8083500680B7817
:10514000D0F81025C64422F00F0203F00F0307EB3E
:105150008E0713430124C0F8103500203C7202B0C2
:10516000BDE8F081074C02F00F025B01DBB2A354F3
:10517000BEE7082002B0BDE8F08100BF4475002002
:1051800000E100E014ED00E00368054A0121196028
:10519000037903EB430302EB830302211972704787
:1051A000447500200368054A01211961037903EB66
:1051B000430302EB83031972704700BF447500205C
:1051C00003680122DA60704710B48B004033026834
:1051D000DBB20124D45001F5A87103685DF8044BDB
:1051E00053F82100704700BFF0B4056840F2011485
:1051F00004FA01FCD5F8004224EA0C04C5F8004288
:10520000056882B0D5F800729DF818604FF48034BC
:105210003B438C40C5F800329EB18B00056803F516
:10522000A0730026EE50EB5801930368019DC3F86C
:105230000443036801F5A87143F8212002B0F0BCD3
:1052400070470368C3F80843F3E700BF2DE9F04156
:10525000114D124FDFF8488082B000244FF48036A1
:105260002B6806FA04F201347BB1D7F8043305F554
:10527000E0401A424FF0000180B206D029602B684E
:105280000193D8E90031019A9847042C05F10405EF
:10529000E6D102B0BDE8F0814091004000900040AE
:1052A000447500202DE9F041114D124FDFF8488080
:1052B00082B000244FF480362B6806FA04F20134E1
:1052C0007BB1D7F8043305F5C0401A424FF0000116
:1052D00080B206D029602B680193D8E90331019A86
:1052E0009847042C05F10405E6D102B0BDE8F08131
:1052F00040A1004000A00040447500202DE9F0418D
:10530000114D124FDFF8488082B000244FF48036F0
:105310002B6806FA04F201347BB1D7F8043305F5A3
:10532000C0401A424FF0000180B206D029602B68BD
:105330000193D8E90631019A9847062C05F1040536
:10534000E6D102B0BDE8F08140A1014000A00140DB
:1053500044750020F0B58E4B047903EBC40589B089
:105360002D79002D40F0F58043F8342091F800E0CD
:10537000BEF1FF0F4FEAC40C00F0CC802EF0800489
:105380001EF0800F049440F0FC8001254FF0A046F1
:10539000A540C6F80C5504F5E0744FF0A04503266F
:1053A00045F8246091F801E0BEF1FF0F00F0BB80EA
:1053B0002EF080041EF0800F059440F0DB80012564
:1053C0004FF0A046A540C6F80C5504F5E0744FF028
:1053D000A045032645F8246091F802E0BEF1FF0FD6
:1053E00000F0AA802EF080041EF0800F069440F09A
:1053F000BA8001254FF0A046A540C6F80C5504F52B
:10540000E0744FF0A045032645F8246091F803E0CE
:10541000BEF1FF0F00F099802EF080044FF0A046FF
:105420000125A5401EF0800F079414BFC6F808554B
:10543000C6F80C5504F5E0744FF0A045032645F876
:1054400024600468049DC4F86055059DC4F8645543
:10545000069DC4F86855079DC4F86C55046801257D
:10546000C4F8005504680D898E794F79C4F80C751D
:10547000C4F80465C4F8085504684D89C4F810558B
:1054800005680024C5F800420568C5F800430568B2
:10549000C5F81C41D5F81C510495049D0568C5F854
:1054A0001041D5F810510395039D0568C5F81441C6
:1054B000D5F814510295029D0568C5F80441D5F848
:1054C00004410194019CFAB104680A7944F307315C
:1054D00000294FEA14343FDB01F16041520101F52C
:1054E0006141D2B281F80023026842F307310029FA
:1054F0004FEA123208DB012002F01F0200FA02F22A
:105500004909244840F821206344012200201A71EF
:1055100009B0F0BD91F801E04FF0FF34BEF1FF0F8C
:1055200004947FF445AF91F802E04FF0FF34BEF1F0
:10553000FF0F05947FF456AF91F803E04FF0FF346E
:10554000BEF1FF0F06947FF467AF4FF0FF3407946E
:1055500077E7082009B0F0BD0F4904F00F045201AD
:10556000D2B20A55C0E701254FF0A046A540C6F8C3
:10557000085544E701254FF0A046A540C6F8085558
:1055800023E701254FF0A046A540C6F8085502E7DD
:105590006875002000E100E014ED00E0026890F87A
:1055A00004C042F30733002B4FEA12310EDB012215
:1055B0005B0901F01F0102FA01F12033074A42F8AA
:1055C0002310BFF34F8FBFF36F8F0268044B03EBC1
:1055D000CC030021C2F800151971704700E100E00A
:1055E0006875002070B504680D6890F804C0C4F8B0
:1055F00020558D88C4F824558D68C4F82855CD6889
:10560000C4F82C5504680D68C4F840558D88C4F85A
:1056100044558D68C4F84855C968C4F84C150468E9
:1056200002F0010101EB5202C4F81425DA0782B03E
:1056300041D413F0020240D10029016814BF4FF099
:105640000C0E4FF0080EC1F80022DCB2254A02EB26
:10565000CC0152F83C204C7102250D71D2B104F0FE
:105660000402002A04F0080605BFA2214FF0220C14
:10567000B22182221EBF4FF0320C92221225002E40
:1056800004BF1146AC46026814F0100F18BF614603
:10569000C2F8001301680022C1F80421D1F80411F6
:1056A00001911B06019911D403680121104643F8AA
:1056B0000E1002B070BD1022BEE759B10268082179
:1056C000C2F80012DCB24FF00C0EBFE70068704465
:1056D00002B070BD02680421C2F80012DCB24FF0C3
:1056E000080EB3E76875002010B502680024C2F800
:1056F00000420268194C01235360027904EBC20C8A
:10570000D2009CF804E0BEF1020F09D00168D1F884
:10571000041119B122440120107110BD184610BDAA
:105720000368D3F804010028F4D169B99CF8041087
:1057300002290ED0D3F80431002BEBD1012010BD8B
:10574000D3F804110029E5D19CF804100229F1D105
:10575000F6E7D3F804010028DCD1DEE76875002005
:1057600000B52C4BD3F8102185B052B100212A4A44
:10577000C3F81011D3F81011537903910399590705
:1057800041D4244BD3F8142152B10021224AC3F84A
:105790001411D3F81411537902911B0702992CD4D8
:1057A0001C4BD3F81C215AB11B4A0021C3F81C1111
:1057B0005079D3F81C31019310F01000019B17D0E1
:1057C000144BD3F8042182B1134A0021C3F8041109
:1057D000D3F804111368009101210098117123B1CD
:1057E000032005B05DF804EB184705B05DF804FB35
:1057F0001368002BE4D09847E2E71368002BCFD062
:1058000002209847CCE71368002BBAD001209847B4
:10581000B7E700BF00C001406875002010B584B034
:1058200002780D4C0D4B8DF800208268B0F804C052
:1058300053F821308DF8062054F82110C2684469CD
:1058400000690290ADF804C003948DF80720684603
:10585000984704B010BD00BF707500207875002017
:105860002DE9F04F164690F800A03A4A42F82A6017
:10587000394A42F82A304B7B81B080460C4663B9E6
:10588000364A002E534608BF3246214608F104002E
:1058900001B0BDE8F04F00F023BC0B68304F4FF073
:1058A000A04503F5E07340F20C6245F823204B68F5
:1058B00003F5E0734FF0010945F823200B6809FA5E
:1058C00003F3C5F808354B6809FA03F3C5F8083542
:1058D0000B6803F5E07340F20D6245F823204B6836
:1058E00003F5E07347EA090745F823204FF4807079
:1058F000B8474FF0000BD5F810356268D340DB078E
:105900004FF4807022D4236809FA03F3C5F80C35EC
:10591000B847236809FA03F30BF1010B4FF48070C9
:10592000C5F80835B847BBF1090FE4D16268012515
:105930004FF0A04905FA02F2C9F80C254FF4807027
:10594000B84763689D40C9F8085599E7BBF1000F57
:10595000EDD195E778750020707500201D58030083
:10596000F0BA0300F0B48EB000239E4A0092C0F853
:105970000431D0F804210492049AC0F82431D0F8FC
:1059800024210392039AC0F81C31D0F81C21029202
:10599000029AC0F808318A6AD0F808410194012AB5
:1059A000019C4B6381F82F3016D00123C0F80032E0
:1059B0000123036291F82D20022A18BF03600A68B0
:1059C0008AB140F286238B608B68C0F804330023D1
:1059D00018460EB0F0BC70470B6A5B06E5D4022394
:1059E000C0F80032E4E7009B002B28DD01264FF0D1
:1059F000020CD0F8043133B1C0F80421D0F80431DE
:105A00000D930D9B012391F82F4034B3C0F824214E
:105A1000D0F824410A940A9CC0F81C21D0F81C41FB
:105A20000B940B9CC0F80821D0F808410C940C9CF6
:105A30000BBB009B013B0093009B002BD9DC91F832
:105A40002F30F3B9009A002AC2DC00230522C0F8E7
:105A500000350323C0F80025BAE7D0F8245155B328
:105A6000C0F82441D0F824410994099C466181F88A
:105A70002F60002BDDD091F82F30002281F82D20EF
:105A80009BB3D0F8C424C0F8C424002A3FD012F03D
:105A9000010F18BF4FF4024348F2012108BF03234E
:105AA00012F0020F18BF0B4648F2022112F0040F49
:105AB00018BF0B46C6E7D0F81C417CB3C0F81C5198
:105AC0004C6BD0F81C71089701344C63089FD0F8D8
:105AD0002471002F39D0C0F82451D0F82441079404
:105AE000079C466181F82F60A2E74C6B8A6A94425A
:105AF000A8D001220524C0F80035C0F8004581F87F
:105B00002F20D0F8C424C0F8C424002ABFD1009AA2
:105B1000002A4FF003033FF75BAF96E7D0F8085138
:105B2000002D85D0C0F80841D0F808510695069D93
:105B3000D0F824518DB1C0F82441D0F82441059407
:105B4000059C466181F82F6072E78D6AAC4218D2DD
:105B50004D6A2C5DC0F81C456AE74C6B8D6AAC42FF
:105B6000BFF466AF4D6AD0F818752F554C6B8F6A2D
:105B700001347D1EAC424C631DD0BC4221D0066274
:105B800056E791F82C4024B90C6A670609D446619F
:105B90004EE70123C36191F82F30002B3FF452AF41
:105BA0006FE70122C26191F82F3081F82D20002B80
:105BB0003FF448AF65E70D6A6D060FD4C0F800C228
:105BC000DDE70C6A64067FF533AF91F82F300222CF
:105BD00081F82D20002B3FF435AF52E7BC42CED1E7
:105BE000F3E700BFA0860100F0B48EB00023A74AFF
:105BF0000092C0F80431D0F804210492049AC0F84D
:105C00002431D0F824210392039AC0F81C31D0F833
:105C10001C210292029AC0F80831D0F808210192A2
:105C20000122019CC0F800324B6381F82F300262E0
:105C300091F82D30934218BF82604B6B8A6A934271
:105C400010D24A6AD35CC0F81C350A68EAB140F247
:105C500086238B608B68C0F80433002318460EB08F
:105C6000F0BC704791F82C30002B40F0C0800B6ADC
:105C700013F0400F4FF0010314BFC36143610A6882
:105C800018BF81F82D30002AE1D1009B002B28DDC0
:105C900001264FF0020CD0F8043133B1C0F80421D2
:105CA000D0F804310D930D9B012391F82F4034B3AC
:105CB000C0F82421D0F824410A940A9CC0F81C2181
:105CC000D0F81C410B940B9CC0F80821D0F8084177
:105CD0000C940C9C0BBB009B013B0093009B002B86
:105CE000D9DC91F82F30F3B9009A002AB6DC0023F2
:105CF0000522C0F800350323C0F80025AEE7D0F830
:105D0000245155B3C0F82441D0F824410994099C8A
:105D1000466181F82F60002BDDD091F82F300022F2
:105D200081F82D209BB3D0F8C424C0F8C424002AE5
:105D30003FD012F0010F18BF4FF4024348F2012187
:105D400008BF032312F0020F18BF0B4648F20221CE
:105D500012F0040F18BF0B46C6E7D0F81C417CB305
:105D6000C0F81C514C6BD0F81C71089701344C637F
:105D7000089FD0F82471002F3CD0C0F82451D0F8EF
:105D800024410794079C466181F82F60A2E74C6B81
:105D90008A6A9442A8D001220524C0F80035C0F8D0
:105DA000004581F82F20D0F8C424C0F8C424002A6C
:105DB000BFD1009A002A4FF003033FF74FAF96E799
:105DC000D0F80851002D85D0C0F80841D0F808510E
:105DD0000695069DD0F82451A5B1C0F82441D0F80D
:105DE00024410594059C466181F82F6072E70123E8
:105DF000C3612AE78D6AAC4218D24D6A2C5DC0F8A7
:105E00001C4567E74C6B8D6AAC42BFF463AF4D6ACB
:105E1000D0F818752F554C6B8F6A01347D1EAC423B
:105E20004C631DD0BC4221D0066253E791F82C4050
:105E300024B90C6A670609D446614BE70123C361A4
:105E400091F82F30002B3FF44FAF6CE70122C26175
:105E500091F82F3081F82D20002B3FF445AF62E7F9
:105E60000D6A6D060FD4C0F800C2DDE70C6A640647
:105E70007FF530AF91F82F30022281F82D20002BD2
:105E80003FF432AF4FE7BC42CED1F3E7A08601002A
:105E900070B5904BD3F8042190B03AB10022C3F80A
:105EA0000421D3F804310993099B01228A4C894BC0
:105EB00094F82F10A9B10021C3F82411D3F82401BC
:105EC00006900698C3F81C11D3F81C010790079898
:105ED000C3F80811D3F808310893089B8AB910B0A9
:105EE00070BDD3F8240100283CD0C3F82411D3F8A6
:105EF000241105910121059884F82F105961002A79
:105F0000EDD094F82F30002284F82D2063B9616B16
:105F1000A26A914260D06F4A05210120C2F8003583
:105F200084F82F00C2F800156C4D6A4E0FCD0DF1AC
:105F30002C0CACE80F002B68CCF80030D6F8C43439
:105F4000C6F8C4349A0728D4580773D502238DF8AD
:105F50002830002384F83030D4E900310AA898476B
:105F600010B070BDD3F81C11D9B1C3F81C01D3F81F
:105F70001C110491616B049D01316163D3F82451BC
:105F8000002D74D0C3F82401D3F82411039101210A
:105F9000039884F82F105961A0E701238DF8283069
:105FA000D7E7D3F80801002898D0C3F80811D3F830
:105FB000080102900298D3F82401002841D0C3F8C8
:105FC0002411D3F8241101910121019884F82F1094
:105FD000596183E70122DA61237B9A1E012A0FD9D6
:105FE0003E4E00238DF8283084F830300FCE0BADB4
:105FF0000FC533682B60236A5B07ADD510B070BD49
:10600000616AA2699142EBD1D4E907026169C2F3E6
:106010004012C4E90901032B4FF0000184F82D1050
:106020002C482D4984F82C2033D010B0BDE87040A6
:10603000FFF798BCD9074CBF032304238DF8283001
:1060400087E7616BA06A8142BFF448AF606AD3F80A
:1060500018554554616BA06A0131451EA942616320
:1060600021D0814226D01B4B0121196236E7A06A5C
:10607000814204D2606A415CC3F81C152EE794F893
:106080002C100029A6D1216A490607D401215961A3
:1060900024E710B0BDE87040FFF7A6BD0122DA6129
:1060A00084F82D2098E7256A6E060FD40221C3F8E4
:1060B0000012D8E7236A5D067FF510AF94F82F3001
:1060C000022284F82D20002B86D02DE78142CAD1F0
:1060D000F4E700BF00300040807500208C75002080
:1060E0002DE9F04F0779DFF800910C46C7EB071157
:1060F00009EB810683B0924696F82E209B463B0121
:106100000193002A5BD105464FEA810800683349B4
:10611000F5F75EFD00285DD149F808A0B060C6F82B
:1061200004B086F8300086F82D0086F83100627BD6
:1061300086F8382022684FF0A04102F5E07240F264
:106140000C6641F82260626802F5E07241F8226054
:10615000D4E900262968019BC1F80825C1F80C651F
:10616000A268C1F82425BAF1000F1FD02968227B4C
:1061700041F30734002C4FEA113124DB04F1604471
:10618000520104F56144D2B284F800232A6842F334
:10619000073100294FEA123208DB114D4909012469
:1061A00002F01F0204FA02F245F82120DF1B09EB7E
:1061B0008707012387F82E3003B0BDE8F08F082051
:1061C00003B0BDE8F08F074C01F00F015201D2B2CD
:1061D0006254DBE7112003B0BDE8F08F915E03004D
:1061E00000E100E014ED00E080750020F8B50679CC
:1061F0002A4D0268C6EB0613044655F823303701D2
:10620000B3B142F30733002B4FEA123110DB5B09C5
:1062100023482033012201F01F0102FA01F140F866
:106220002310BFF34F8FBFF36F8F2379226800E0F5
:1062300033461C49C2F80813D2F80012C3EB03130B
:1062400021F00301C2F8001205EB83030021C2F81C
:106250000015012283F82E202068F5F7DFFCBB1B18
:1062600005EB830393F8383083B92368D3F80835F6
:106270004FF0A04203F5E073022142F82310236897
:10628000D3F80C3503F5E07342F82310BE1B05EB81
:106290008605002385F82E30F8BD00BF80750020EC
:1062A00000E100E0864204000379064A0168C3EB7E
:1062B000031302EB830305200222C1F8000583F8D3
:1062C0002E207047807500202DE9F84390F804C017
:1062D000244E9DF820E00068CCEB0C1506EB8504FD
:1062E000BEF1000F94F82D7014BF4FF020094FF04D
:1062F0000009022F28D01C4FC0F8087394F8308092
:1063000008F0FF07B8F1000F25D1CCEB0C1C06EB11
:106310008C0CAD004FF0010884F83080C4F8209058
:106320008CF80C70C0F8881561732361A362C4E90E
:10633000062784F82CE0614667616262FFF754FC2F
:10634000735923B1BDE8F8830820BDE8F88384F8C9
:106350003030BDE8F883A368C0F804331120BDE8ED
:10636000F88300BF8075002086420400F8B590F8DD
:1063700004C01C4F0068CCEB0C1507EB85040E46DF
:1063800094F82D10012923D01749C0F8081394F868
:10639000301001F0FF0E01BBCCEB0C1C07EB8C0C9A
:1063A0000121AD0084F83010C4F820E08CF80C1006
:1063B0002361A362C4E9062E6146C0F8886566734E
:1063C000C4F814E06262FFF7CDFA7B5913B1F8BD4F
:1063D0000820F8BD84F83030F8BDA368C0F8043355
:1063E0001120F8BD8075002086420400A8DF7047A8
:1063F000ADDF7047AEDF7047B0DF704762DF7047D8
:106400003CDF70473DDF70470549064B5B1ADB08F0
:106410001B040246044943F00400F0F757BC00BFD8
:10642000E0BD030028BE0300FCBA030000282ED004
:10643000F0B50388512B89B0044629D00AD8102B17
:106440001CD0112B04D1334B81889A8891421AD0E9
:1064500009B0F0BD532BFBD12E4DC288EB889A4278
:10646000F6D12B7E002BF3D000F0DCF90028EFD022
:106470006B69022009B0BDE8F0401847254B8288BF
:106480009A8009B0F0BD4FF6FF729A80E0E770473E
:10649000204D8288AB889A42DAD18679022ED7D1F4
:1064A0000289EB889A42D3D1837B043B022BCFD95C
:1064B000102200210DEB020000F066FC01AF69899B
:1064C000A8888DF8106002AACDE90267FFF790FF57
:1064D000064690B140F2FD16ADF81460A88804A9F4
:1064E000FFF78AFF1128F9D0BDF81430002BAFD187
:1064F00004F1080000F024F9AAE73846F9F7C6FAD3
:106500000028E7D09DF8163043F001038DF81630CF
:10651000E2E700BFBC75002030B587B00C46102202
:106520000021054602A800F02FFC124B8DF8064012
:106530000322ADF802202022022498888DF804203E
:10654000DA88ADF8082000230DEB0402ADF80C301A
:1065500002A901ABCDE904238DF805508DF80A405E
:10656000FFF748FF20B9BDF80230032B18BF0C20FD
:1065700007B030BDBC750020114B12481249C01A3B
:10658000C008000410B540F00400F0F77DFC4FF0A7
:10659000FF310020FFF736FF044608B1204610BD4A
:1065A000B121FFF72DFF04460028F7D1074B01204A
:1065B0005B6998470220F4F789FA204610BD00BFB6
:1065C000E0BD030028BE030024BB0300BC7500200F
:1065D00010B51B4B84460FCB86B002AC84E80F008D
:1065E000604650B3174B4FF6FF729A80DCF80020DC
:1065F0005A6100211976EAB1124800F05FF808B13B
:1066000006B010BD01204FF659630F4A8DF8060001
:1066100001A9ADF80430FFF7E9FE0028F0D10949DF
:106620002046FFF7EBFE0028EAD1064800F060F8AC
:1066300006B010BD054A5A61DEE70E2006B010BD57
:1066400058BB0300BC750020BE7500200964030020
:106650004FF0030C00DF704716490B68BBB14B6865
:10666000ABB110B508319847082803460ED0124C3C
:1066700070B92268012102205376FFF74DFF28B13F
:1066800023680320BDE810405B69184710BD7047C0
:106690002368002206215A760220FFF73DFF18B139
:1066A000236803205B69984723680220BDE81040F7
:1066B0005B691847F8750020F4750020034618B18F
:1066C000024A0020136070470E207047F4750020C6
:1066D00008B5F8F775F900B108BD0448FFF7B8FF31
:1066E0000028F9D1BDE80840F8F7A6B9F8750020F0
:1066F00010B588B0044620220021684600F044FB13
:10670000BDF80C30608823F4235323F03F03224666
:1067100043F42053032143F0010312F806CBADF8F4
:106720000010ADF80C3069464FF0013317248DF896
:1067300002C0ADF804400493F9F7ACF908B010BDFD
:1067400070B50446007B01281FD0022812D1627B5D
:10675000531E132B29D905212C4DFFF7DDFE18B14F
:106760002B6803205B6998472B680220BDE87040C6
:106770005B691847254D0221FFF7CEFE0028F3D0B4
:106780002B6803205B699847EEE7204D2B685E7EFF
:106790000EBB18760146FFF7BFFED8B12B68112853
:1067A0001E76207B30D00421E6E7194E174D04F108
:1067B0000E01301D00F0DAFA627B2B68B2615B7E5D
:1067C00003BB1449304651F8083B984770B92B6811
:1067D00001225A7670BD0621FFF79EFE0028F9D0EF
:1067E0002B680320BDE870405B6918470F2809D16A
:1067F00009480A4B0A49C01AC008000440F00100C9
:10680000F0F742FB207BCEE70621B5E7F4750020C8
:10681000D8750020F875002028BE0300E0BD0300F5
:1068200068BB030008B5044B1B6800205B699847F0
:10683000BDE80840FFF7A0BEF47500202DE9F04147
:10684000674B684FD3F8042188B012B30021C3F816
:106850000411D3F8040197F82E2000900098002A24
:106860003BD17868F968069038898DF81420ADF826
:106870001C00002900F0A180388B79600121788309
:106880003881FA6019603B6805A89847002387F8AB
:106890002F3097F82E3023BB514BD3F810216AB11B
:1068A0000022C3F81021D3F81031039302218DF890
:1068B00014103B6803993A7405A89847484BD3F8DD
:1068C000144164B30022C3F81421D3F814310593A2
:1068D000059B3A7408B0BDE8F08197F82F30002B83
:1068E0004ED13F4BD3F80021002AD5D00020C3F869
:1068F000000197F82D107A8BD3F8004101948A4259
:10690000019C8CB24BD85BD0354B0022C3F80421DC
:10691000D3F804210292012202995A60BCE77E69F1
:10692000002ED7D04FF000480125B6FA86F101F1CC
:1069300046039B0003F1804202F5E042A3F58C730D
:10694000D2F800E083F0040028FA01F1C0F3800CD3
:10695000DB0805A826EA0106BEF1000F0BD0146083
:10696000126804928DF818303A688DF814508DF83A
:1069700019C0049B9047002ED7D108B0BDE8F08124
:10698000FB6878683A898DF814100690ADF81C20E1
:106990009BB13A8B7A837B603A81F96073E73889DF
:1069A000121B92B280B27A83801A7A6802EB40029C
:1069B000C3F82C26C3F83016A6E700233B7462E721
:1069C000FA6842B17883012087F82F00C3F82C269B
:1069D000C3F8301698E7012387F82F307A8393E7BE
:1069E000007000400476002030B4264A92F82C4013
:1069F00084B0002C42D1244B05781160C3F8F055C7
:106A00004178C3F8F415C17882F82E1001256FF093
:106A10000041147482F82C5082F82D40546182F8A1
:106A20002F40C3F80813C3F80441D3F804110391AD
:106A30000399C3F80041D3F8001102910299C3F8F9
:106A400014418178D3F81401019001980F4849014D
:106A5000C9B280F807138021016092F82E2002212C
:106A6000C3F804133AB9084B01220020C3F80025EB
:106A700004B030BC7047C3F80453F4E7082004B0F6
:106A800030BC7047047600200070004000E100E058
:106A9000334A137C002B60D110B403F0FF040B7950
:106AA000012B4ED900F10C0C02EB4C04247924B9D3
:106AB00092F82D40013482F82D4002EB4C021B0469
:106AC00003F4E02CB1F8073093804B788A781B01EF
:106AD000120202F4E06203F0300313430A7802F07A
:106AE00003021343CA78120302F4805213434A7913
:106AF000120502F4801213438A79120602F08072A2
:106B00001343184A02EB0014000143EA0C0300F19E
:106B10008040C4F8183500F5E040CB790C7AC0F815
:106B20001445C0F810350B79012B03D900205DF80E
:106B3000044B70470123C2F8003500205DF8044B78
:106B40007047084B00F10C0CC3F8004502EB4C04F5
:106B50000B792479002CB0D1AAE71120704700BF2F
:106B6000047600200070004070B45A4C237C83B03F
:106B7000002B40F0AB8094F82DC0012503F0FF02FC
:106B8000554B25740326AC45C3F80863C3F82C168F
:106B9000C3F830561FD9C3F81425C3F81025C3F81D
:106BA0002425C3F82025C3F83425C3F83025C3F8BD
:106BB0004425C3F84025C3F85425C3F85025C3F82D
:106BC0006425C3F86025C3F87425C3F87025C3F89D
:106BD0008425C3F8802500F10C02000104EB420279
:106BE00000F1804303F5E04310793B495279C3F843
:106BF00014250122C3F810050A6042F210734A609E
:106C000001E0013B03D0D1F80421002AF9D0324B36
:106C10000022C3F80021D3F8001101910199C3F8B3
:106C2000042194F82D20D3F804110091012A009931
:106C30003BD9217F607FA27FC3F81405C3F81015EC
:106C4000E07F94F82010C3F82405C3F8202594F8B9
:106C5000210094F82220C3F83405C3F8301594F8C5
:106C6000230094F82410C3F84405C3F8402594F891
:106C7000250094F82620C3F85405C3F8501594F85D
:106C8000270094F82810C3F86405C3F8602594F829
:106C9000290094F82A20C3F87405C3F8701594F8F5
:106CA0002B10C3F88415C3F8802594F82E3043B90F
:106CB000094B0222C3F804230020207403B070BCE7
:106CC0007047054B0322C3F80423F5E7112003B0F6
:106CD00070BC7047047600200070004008B5074B78
:106CE000044613B10021AFF30080054B1868836A96
:106CF00003B19847204600F071FD00BF000000007E
:106D000040BD030070B50D4D0D4C641BA410002652
:106D1000A64209D10B4D0C4C01F0D2FA641BA41011
:106D20000026A64205D170BD55F8043B98470136B0
:106D3000EEE755F8043B98470136F2E7CC370020E0
:106D4000CC370020CC370020D037002010B50139D7
:106D50000244904201D1002005E0037811F8014F70
:106D6000A34201D0181B10BD0130F2E70A44914242
:106D700000F1FF3300D1704710B511F8014B03F853
:106D8000014F9142F9D110BD02440346934200D114
:106D9000704703F8011BF9E70CB430B5174B0C1E14
:106DA0001D689DB008DA8B232B604FF0FF301DB0BB
:106DB000BDE8304002B070474FF40273ADF81430B4
:106DC00014BF04F1FF332346049307934FF6FF7378
:106DD00002900690ADF81630209A21AB02A9284601
:106DE000019300F0B3F8431CBCBF8B232B60002C35
:106DF000DDD0029B00221A70D9E700BF683700205F
:106E0000034611F8012B03F8012B002AF9D1704732
:106E1000034613F8012B002AFBD1181A01387047DA
:106E200030B51446002C9BB005461A4605DA8B2374
:106E300003604FF0FF301BB030BD4FF40273ADF86C
:106E40000C3014BF04F1FF332346029305934FF631
:106E5000FF7300910491ADF80E3069461E9B00F05F
:106E600075F8431CBCBF8B232B60002CE3D0009B28
:106E700000221A70DFE7000007B5009313460A46A8
:106E8000014603480068FFF7CBFF03B05DF804FB41
:106E9000683700202DE9F0478E689E4282460C46F6
:106EA00090461F4638D88A8912F4906F32D02568F0
:106EB0000969A5EB0109656905EB450505EBD57584
:106EC00001334B446D109D4238BF1D46530531D5EB
:106ED000294600F0ABFB064650B90C23CAF8003037
:106EE000A38943F04003A3814FF0FF30BDE8F08752
:106EF00021694A46FFF73AFFA38923F4906343F0E0
:106F00008003A381266165614E44A5EB09052660D7
:106F1000A5603E46BE4200D93E4620683246414604
:106F200000F0FEFAA3689B1BA36023683344236030
:106F30000020DBE72A4600F0EDFB06460028E1D101
:106F40002169504600F006FBC7E700002DE9F04F2D
:106F500098468B891B069DB007460D4614460ED5F4
:106F60000B6963B9402100F061FB2860286120B9FA
:106F70000C233B604FF0FF30D1E040236B610023D6
:106F8000099320238DF82930CDF80C803023DFF8C9
:106F9000A8818DF82A304FF0010923469A4613F84C
:106FA000012B0AB1252AF9D1BAEB040B0BD05B46B1
:106FB000224629463846FFF76DFF013000F0AA80CF
:106FC000099A5A4409929AF80030002B00F0A280E6
:106FD00000234FF0FF32CDE905230AF1010A0493A3
:106FE00007938DF853301A935446052214F8011B69
:106FF000514800F045FA049AD8B9D00644BF20237E
:107000008DF85330110744BF2B238DF853309AF875
:1070100000302A2B15D0079A544600204FF00A0C56
:10702000214611F8013B303B092B4ED9B0B10792F4
:1070300014E0A0EB080309FA03F313430493A246F8
:10704000D2E7039B191D1B680391002BBBBF5B425A
:1070500042F0020207930793B8BF049223782E2BC5
:107060000CD163782A2B35D1039B1A1D1B68039220
:10707000002BB8BF4FF0FF3302340593DFF8C8A0F0
:1070800021780322504600F0FBF940B14023A0EBE9
:107090000A0003FA00F0049B03430134049314F83C
:1070A000011B26488DF82810062200F0E9F9002877
:1070B00038D0234B1BBB039B073323F00703083354
:1070C0000393099B3344099367E70CFB02320C4698
:1070D0000120A5E700230134059319464FF00A0C5F
:1070E000204610F8012B303A092A03D9002BC5D0CD
:1070F0000591C3E70CFB012104460123F0E703AB34
:1071000000932A460F4B04A93846AFF30080421C77
:107110000646D6D1AB895B063FF52CAF09981DB06A
:10712000BDE8F08F03AB00932A46064B04A938460E
:1071300000F07AF8EBE700BF44BD03004EBD03004A
:1071400000000000956E03004ABD03002DE9F047E2
:10715000164699468A680B69DDF820809342B8BFCD
:107160001346336091F8432007460C460AB10133B9
:1071700033602368990642BF336802333360256861
:1071800015F0060506D104F1190AE36832689B1A66
:10719000AB4226DC94F84320131E226818BF01235B
:1071A00092062BD404F1430249463846C0470130C9
:1071B0001ED02368E568326803F00603042B08BF7D
:1071C000AD1AA36822690CBF25EAE5750025934234
:1071D000C4BF9B1AED1800261A34B5421AD10020FC
:1071E00008E00123524649463846C047013003D1E2
:1071F0004FF0FF30BDE8F0870135C6E7E1185A1CB3
:10720000302081F84300224494F8451082F843105E
:107210000233C7E70123224649463846C0470130BA
:10722000E6D00136D9E700002DE9FF470F7E0C9D1F
:10723000782F914680460C469A4601F1430207D8C2
:10724000622F0AD8002F00F0D880582F00F0A380BA
:1072500004F1420584F842703AE0A7F16303152B6C
:10726000F6D801A151F823F0C1720300D5720300D2
:1072700051720300517203005172030051720300F6
:10728000D572030051720300517203005172030062
:1072900051720300E173030005730300C37303001D
:1072A0005172030051720300037403005172030012
:1072B000057303005172030051720300CB73030086
:1072C0002B681A1D1B682A6004F1420584F84230BD
:1072D0000123A3E020682968060601F104030AD50A
:1072E0000E682B60002E03DA2D23764284F843309B
:1072F0005E480A2319E00E682B6010F0400F18BF9B
:1073000036B2EFE72B682068191D2960010601D508
:107310001E6802E04606FBD51E8854486F2F0CBF3E
:1073200008230A23002184F843106568A560002D16
:10733000A2BF216821F0040121600EB9002D4DD0BB
:107340001546B6FBF3F103FB1167C75D05F8017D38
:107350003746BB420E46F4D9082B0BD12368DE0713
:1073600008D5236961689942DEBF302305F8013CE6
:1073700005F1FF35521B2261CDF800A04B4603AA50
:1073800021464046FFF7E2FE01304CD14FF0FF307E
:1073900004B0BDE8F087354881F845702968236856
:1073A00051F8046B29601D0614D5DF0744BF43F074
:1073B000200323601EB9236823F0200323601023D9
:1073C000B0E7236843F0200323607823284884F83B
:1073D0004530E3E7590648BFB6B2E6E71546BBE7D6
:1073E0002B6826686169181D286035061B6801D561
:1073F000196002E07006FBD5198000232361154651
:10740000BAE72B681A1D2A601D68626800212846A9
:1074100000F036F808B1401B606063682361002308
:1074200084F84330A8E723692A4649464046D047B6
:107430000130ABD023689B0713D4E068039B9842CC
:10744000B8BF1846A4E70123324649464046D04714
:1074500001309BD00135E36803995B1AAB42F2DC43
:10746000EBE7002504F11906F5E700BF55BD030061
:1074700066BD0300000000000000000000000000E6
:1074800001F0FF01102A2BDB10F0070F08D010F8D5
:10749000013B013A8B422DD010F0070F42B3F6D1D9
:1074A000F0B441EA012141EA014122F007047FF0F2
:1074B00000070023F0E80256083C85EA010586EA49
:1074C000010685FA47F5A3FA87F586FA47F6A5FA85
:1074D00087F68EB9EED1F0BC01F0FF0102F0070291
:1074E00032B110F8013B013A83EA010313B1F8D13C
:1074F0000020704701387047002D06BF354603381D
:10750000073815F0010F07D1013015F4807F02BF55
:10751000013015F4C03F0130F0BC0138704700BFA6
:10752000884210B501EB020402D98442234607D8F1
:10753000431EA14208D011F8012B03F8012FF8E7F0
:10754000024401468A4200D110BD13F8014D02F8F1
:10755000014DF7E737B5002944D051F8043C0190BC
:10756000002BA1F10404B8BFE41800F013F91E4A7F
:107570000198136833B96360146003B0BDE830400C
:1075800000F00EB9A34208D9256861198B4201BFEA
:1075900019685B6849192160EDE71A465B680BB111
:1075A000A342FAD911685518A5420BD12468214489
:1075B0005418A3421160E0D11C685B6853602144F9
:1075C0001160DAE702D90C230360D6E72568611958
:1075D0008B4204BF19685B68636004BF491921606E
:1075E0005460CAE703B030BD3476002070B50E4E4B
:1075F0000C463168054611B900F0BCF830602146F0
:10760000284600F0B7F8431C0AD0C41C24F0030439
:10761000A04207D0211A284600F0ACF8013001D171
:107620004FF0FF34204670BD387600202DE9F04140
:10763000CD1C25F0030508350C2D38BF0C25002D79
:10764000074601DBA94205D90C233B6000263046E2
:10765000BDE8F0812E4E00F09DF833681C4634BB27
:1076600029463846FFF7C2FF431C04464DD1346813
:107670002646002E40D123683146384604EB0308E5
:1076800000F078F880453AD1216803356D1A25F06D
:10769000030508350C2D38BF0C2529463846FFF761
:1076A000A5FF01302BD023682B4423600EE0226815
:1076B000521B1ED40B2A16D96119A342256018BF8C
:1076C0005960636808BF316062514B60384604F10D
:1076D0000B0600F065F826F00706231DF21AB6D057
:1076E0009B1BA350B3E76268A3420CBF32605A6091
:1076F000ECE723466468B2E734467668B9E70C23C2
:107700003B60384600F04CF8A1E72560DEE700BF9B
:10771000347600202DE9F041804614460E4621B90A
:10772000BDE8F0411146FFF781BF2AB9FFF712FF0C
:1077300025462846BDE8F08100F038F88442074627
:1077400002D8B4EB500F12D821464046FFF76EFF27
:1077500005460028EDD0BC422246314628BF3A46B5
:10776000FFF704FB31464046FFF7F4FEE1E73546FC
:10777000DFE7000038B5064D0023044608462B60BD
:1077800000F01EF8431C02D12B6803B1236038BD02
:107790003C760020014800F011B800BF4076002080
:1077A000014800F00CB800BF4076002051F8043CBE
:1077B000181F002BBCBF0B58C0187047704770478C
:1077C000044A05491368002B08BF0B461844106093
:1077D000184670474476002048760020FEE700BF38
:1077E00081F0004102E000BF83F0004330B54FEA72
:1077F00041044FEA430594EA050F08BF90EA020FDF
:107800001FBF54EA000C55EA020C7FEA645C7FEA71
:10781000655C00F0E2804FEA5454D4EB5555B8BF94
:107820006D420CDD2C4480EA020281EA030382EA05
:10783000000083EA010180EA020281EA0303362D97
:1078400088BF30BD11F0004F4FEA01314FF4801C6A
:107850004CEA113102D0404261EB410113F0004F7C
:107860004FEA03334CEA133302D0524263EB430333
:1078700094EA050F00F0A780A4F10104D5F1200ED1
:107880000DDB02FA0EFC22FA05F2801841F100012C
:1078900003FA0EF2801843FA05F359410EE0A5F100
:1078A00020050EF1200E012A03FA0EFC28BF4CF031
:1078B000020C43FA05F3C01851EBE37101F00045E7
:1078C00007D54FF0000EDCF1000C7EEB00006EEBF4
:1078D0000101B1F5801F1BD3B1F5001F0CD349087E
:1078E0005FEA30004FEA3C0C04F101044FEA4452D5
:1078F00012F5800F80F09A80BCF1004F08BF5FEA5C
:10790000500C50F1000041EB045141EA050130BD3B
:107910005FEA4C0C404141EB0101013C28BFB1F54D
:10792000801FE9D291F0000F04BF01460020B1FA98
:1079300081F308BF2033A3F10B03B3F120020CDA6B
:107940000C3208DD02F1140CC2F10C0201FA0CF049
:1079500021FA02F10CE002F11402D8BFC2F1200CAE
:1079600001FA02F120FA0CFCDCBF41EA0C01904064
:10797000E41AA2BF01EB0451294330BD6FEA0404AD
:107980001F3C1CDA0C340EDC04F11404C4F1200298
:1079900020FA04F001FA02F340EA030021FA04F3AA
:1079A00045EA030130BDC4F10C04C4F1200220FA01
:1079B00002F001FA04F340EA0300294630BD21FA3F
:1079C00004F0294630BD94F0000F83F4801306BF05
:1079D00081F480110134013D4EE77FEA645C18BFF9
:1079E0007FEA655C29D094EA050F08BF90EA020F90
:1079F00005D054EA000C04BF1946104630BD91EA88
:107A0000030F1EBF0021002030BD5FEA545C05D18A
:107A10004000494128BF41F0004130BD14F58004C9
:107A20003CBF01F5801130BD01F0004545F0FE413D
:107A300041F470014FF0000030BD7FEA645C1ABF72
:107A4000194610467FEA655C1CBF0B46024650EAA9
:107A5000013406BF52EA033591EA030F41F40021D5
:107A600030BD00BF90F0000F04BF0021704730B55B
:107A70004FF4806404F132044FF000054FF0000130
:107A800050E700BF90F0000F04BF0021704730B5F1
:107A90004FF4806404F1320410F0004548BF4042C6
:107AA0004FF000013EE700BF42004FEAE2014FEA1B
:107AB00031014FEA02701FBF12F07F4393F07F4FF6
:107AC00081F06051704732F07F4208BF704793F0F9
:107AD0007F4F04BF41F40021704730B54FF460740C
:107AE00001F0004521F000411CE700BF50EA01020F
:107AF00008BF704730B54FF000050AE050EA0102B8
:107B000008BF704730B511F0004502D5404261EB27
:107B100041014FF4806404F132045FEA915C3FF468
:107B2000D8AE4FF003025FEADC0C18BF03325FEA05
:107B3000DC0C18BF033202EBDC02C2F1200300FAB6
:107B400003FC20FA02F001FA03FE40EA0E0021FADB
:107B500002F11444BDE600BF70B54FF0FF0C4CF4C9
:107B6000E06C1CEA11541DBF1CEA135594EA0C0F7B
:107B700095EA0C0F00F0DEF82C4481EA030621EAB6
:107B80004C5123EA4C5350EA013518BF52EA0335F1
:107B900041F4801143F4801338D0A0FB02CE4FF0A3
:107BA0000005E1FB02E506F00042E0FB03E54FF0D3
:107BB0000006E1FB03569CF0000F18BF4EF0010ECB
:107BC000A4F1FF04B6F5007F64F5407404D25FEAC7
:107BD0004E0E6D4146EB060642EAC62141EA55517A
:107BE0004FEAC52040EA5E504FEACE2EB4F1FD0CBC
:107BF00088BFBCF5E06F1ED8BEF1004F08BF5FEA3A
:107C0000500E50F1000041EB045170BD06F00046EB
:107C100046EA010140EA020081EA0301B4EB5C0498
:107C2000C2BFD4EB0C0541EA045170BD41F4801190
:107C30004FF0000E013C00F3AB8014F1360FDEBFB5
:107C4000002001F0004170BDC4F10004203C35DA91
:107C50000C341BDC04F11404C4F1200500FA05F314
:107C600020FA04F001FA05F240EA020001F00042B5
:107C700021F0004110EBD37021FA04F642EB06012B
:107C80005EEA430E08BF20EAD37070BDC4F10C0455
:107C9000C4F1200500FA04F320FA05F001FA04F219
:107CA00040EA020001F0004110EBD37041F1000105
:107CB0005EEA430E08BF20EAD37070BDC4F1200510
:107CC00000FA05F24EEA020E20FA04F301FA05F278
:107CD00043EA020321FA04F001F0004121FA04F220
:107CE00020EA020000EBD3705EEA430E08BF20EAF0
:107CF000D37070BD94F0000F0FD101F0004640002A
:107D000041EB010111F4801F08BF013CF7D041EAAB
:107D1000060195F0000F18BF704703F000465200AF
:107D200043EB030313F4801F08BF013DF7D043EA80
:107D30000603704794EA0C0F0CEA135518BF95EA36
:107D40000C0F0CD050EA410618BF52EA4306D1D1BD
:107D500081EA030101F000414FF0000070BD50EADC
:107D6000410606BF1046194652EA430619D094EA66
:107D70000C0F02D150EA013613D195EA0C0F05D150
:107D800052EA03361CBF104619460AD181EA0301A4
:107D900001F0004141F0FE4141F470014FF000005C
:107DA00070BD41F0FE4141F4780170BD70B54FF0F7
:107DB000FF0C4CF4E06C1CEA11541DBF1CEA135577
:107DC00094EA0C0F95EA0C0F00F0A7F8A4EB050459
:107DD00081EA030E52EA03354FEA013100F0888050
:107DE0004FEA03334FF0805545EA131343EA126319
:107DF0004FEA022245EA111545EA10654FEA0026CE
:107E00000EF000419D4208BF964244F1FD0404F586
:107E1000407402D25B084FEA3202B61A65EB0305E2
:107E20005B084FEA32024FF480104FF4002CB6EB9F
:107E3000020E75EB030E22BFB61A754640EA0C001F
:107E40005B084FEA3202B6EB020E75EB030E22BF5F
:107E5000B61A754640EA5C005B084FEA3202B6EBA0
:107E6000020E75EB030E22BFB61A754640EA9C005F
:107E70005B084FEA3202B6EB020E75EB030E22BF2F
:107E8000B61A754640EADC0055EA060E18D04FEAED
:107E9000051545EA16754FEA06164FEAC30343EA8D
:107EA00052734FEAC2025FEA1C1CC0D111F4801F5A
:107EB0000BD141EA00014FF000004FF0004CB6E753
:107EC00011F4801F04BF01430020B4F1FD0C88BFF2
:107ED000BCF5E06F3FF6AFAEB5EB030C04BFB6EBFD
:107EE000020C5FEA500C50F1000041EB045170BDF0
:107EF0000EF0004E4EEA113114EB5C04C2BFD4EB1D
:107F00000C0541EA045170BD41F480114FF0000EA0
:107F1000013C90E645EA060E8DE60CEA135594EA1C
:107F20000C0F08BF95EA0C0F3FF43BAF94EA0C0F1F
:107F30000AD150EA01347FF434AF95EA0C0F7FF494
:107F400025AF104619462CE795EA0C0F06D152EAE8
:107F500003353FF4FDAE1046194622E750EA4106CC
:107F600018BF52EA43067FF4C5AE50EA41047FF4DD
:107F70000DAF52EA43057FF4EBAE12E74A0011D28F
:107F800012F5001211D20DD56FF47873B3EB625273
:107F90000ED44FEAC12343F0004343EA505323FA7F
:107FA00002F070474FF00000704750EA013002D1F4
:107FB0004FF0FF3070474FF00000704753B94AB997
:107FC000002908BF00281CBF4FF0FF314FF0FF30E1
:107FD00000F074B9ADF1080C6DE904CE00F006F8BC
:107FE000DDF804E0DDE9022304B070472DE9F04735
:107FF000089D04468E46002B4DD18A42944669D98D
:10800000B2FA82F252B101FA02F3C2F1200120FA6F
:1080100001F10CFA02FC41EA030E94404FEA1C48BD
:10802000210CBEFBF8F61FFA8CF708FB16E341EAB9
:10803000034306FB07F199420AD91CEB030306F13F
:10804000FF3080F01F81994240F21C81023E634460
:108050005B1AA4B2B3FBF8F008FB103344EA034404
:1080600000FB07F7A7420AD91CEB040400F1FF3319
:1080700080F00A81A74240F207816444023840EA56
:108080000640E41B00261DB1D4400023C5E900438F
:108090003146BDE8F0878B4209D9002D00F0EF8012
:1080A0000026C5E9000130463146BDE8F087B3FA45
:1080B00083F6002E4AD18B4202D3824200F2F9802D
:1080C000841A61EB030301209E46002DE0D0C5E930
:1080D000004EDDE702B9FFDEB2FA82F2002A40F07C
:1080E0009280A1EB0C014FEA1C471FFA8CFE01267F
:1080F000200CB1FBF7F307FB131140EA01410EFB23
:1081000003F0884208D91CEB010103F1FF3802D2C9
:10811000884200F2CB804346091AA4B2B1FBF7F0C3
:1081200007FB101144EA01440EFB00FEA64508D9E6
:108130001CEB040400F1FF3102D2A64500F2BB8023
:108140000846A4EB0E0440EA03409CE7C6F1200772
:10815000B34022FA07FC4CEA030C20FA07F401FAB8
:1081600006F31C43F9404FEA1C4900FA06F3B1FB41
:10817000F9F8200C1FFA8CFE09FB181140EA0141A6
:1081800008FB0EF0884202FA06F20BD91CEB010143
:1081900008F1FF3A80F08880884240F28580A8F19B
:1081A00002086144091AA4B2B1FBF9F009FB1011ED
:1081B00044EA014100FB0EFE8E4508D91CEB01018B
:1081C00000F1FF346CD28E456AD90238614440EA2E
:1081D0000840A0FB0294A1EB0E01A142C846A646AE
:1081E00056D353D05DB1B3EB080261EB0E0101FA37
:1081F00007F722FA06F3F1401F43C5E90071002694
:108200003146BDE8F087C2F12003D8400CFA02FCE9
:1082100021FA03F3914001434FEA1C471FFA8CFEF9
:10822000B3FBF7F007FB10360B0C43EA064300FBE9
:108230000EF69E4204FA02F408D91CEB030300F187
:10824000FF382FD29E422DD9023863449B1B89B23E
:10825000B3FBF7F607FB163341EA034106FB0EF3C7
:108260008B4208D91CEB010106F1FF3816D28B4274
:1082700014D9023E6144C91A46EA004638E72E4640
:10828000284605E70646E3E61846F8E64B45A9D238
:10829000B9EB020864EB0C0E0138A3E74646EAE7A7
:1082A000204694E74046D1E7D0467BE7023B614455
:1082B00032E7304609E76444023842E7704700BFBE
:1082C000F8B500BFF8BC08BC9E467047F8B500BFC3
:1082D000F8BC08BC9E46704700000000000000008B
:1082E0000338FDD870470000FD6202007163020090
:1082F000F96202007274745F6C6F675F6261636B36
:10830000656E64004261636B656E647320666C75B4
:10831000736865640000000061707000383D0020E3
:108320007F000000B83D00201B5B313B33316D0006
:1083300025734C6F67732064726F707065642028BA
:1083400025642925730D0A001B5B306D00000000B9
:108350003C25733E2025733A200000000D0A0000E2
:108360002025303278000000202020007C00000012
:10837000256300001B5B313B33306D001B5B313BE1
:1083800033326D001B5B313B33336D001B5B313B84
:1083900033346D001B5B313B33356D001B5B313B70
:1083A00033366D001B5B313B33376D006572726F86
:1083B000720000007761726E696E6700696E666FA9
:1083C00000000000646562756700000048830300D8
:1083D00074830300288303007C83030084830300E9
:1083E0008C830300948303009C830300A483030015
:1083F00000000000AC830300B4830300BC830300CF
:10840000C48303006170705F627574746F6E0000E6
:1084100070350020466174616C206572726F720065
:1084200053797374656D2072657365740000000084
:108430006170705F74696D65720000000100060074
:1084400000000000F43D00209977020052544320C0
:10845000696E7374616E636520616C7265616479C5
:1084600020696E697469616C697A65642E00000028
:108470005254433A20696E697469616C697A656423
:108480002E000000000000000000000000000000BE
:108490000338FDD8704700000000FFFFDEC0ADDEEE
:1084A000FE011EF1DEC0ADDEFF011EF130313233C0
:1084B000343536373839414243444546705F667338
:1084C00000000000257320636865636B20666169A6
:1084D0006C656420696E202573282920776974688B
:1084E0002076616C756520307825782E00000000BC
:1084F000705F617069000000705F66732D3E705F91
:1085000061706900705F6465737400006C656E0073
:10851000616464725F69735F616C69676E6564331F
:108520003228737263290000616464725F69735F4B
:1085300077697468696E5F626F756E647328705FC7
:1085400066732C207372632C206C656E290000000A
:10855000705F73726300000021286C656E20252017
:10856000705F66732D3E705F666C6173685F696EE5
:10857000666F2D3E70726F6772616D5F756E6974A4
:1085800029000000616464725F69735F616C6967F0
:108590006E656433322864657374290061646472A3
:1085A0005F69735F616C69676E6564333228287533
:1085B000696E7433325F7429705F737263290000CF
:1085C000616464725F69735F77697468696E5F6222
:1085D0006F756E647328705F66732C2064657374A6
:1085E0002C206C656E290000616464725F69735FA2
:1085F000706167655F616C69676E656428705F664E
:10860000732C20706167655F6164647229000000EB
:10861000616464725F69735F77697468696E5F62D1
:108620006F756E647328705F66732C207061676568
:108630005F616464722C20286C656E202A20705F54
:1086400066732D3E705F666C6173685F696E666FFE
:108650002D3E65726173655F756E6974292900002E
:108660006E72665F6673746F72616765000000000A
:108670006E72665F6673746F726167655F65726163
:10868000736500006E72665F6673746F7261676512
:108690005F777269746500006E72665F6673746FEF
:1086A000726167655F696E69740000000010000008
:1086B000040000000100000059A4020039A40200D7
:1086C00029A4020085A60200F9A60200FDA302006B
:1086D00001A4020005A402007077725F6D676D74DB
:1086E00000000000DCBD0300E0BD0300040000004A
:1086F000736F72746C697374000000004E52465FB1
:1087000053554343455353004E52465F4552524FD3
:10871000525F5356435F48414E444C45525F4D496A
:108720005353494E470000004E52465F4552524F48
:10873000525F534F46544445564943455F4E4F544C
:108740005F454E41424C4544000000004E52465F9A
:108750004552524F525F494E5445524E414C0000D3
:108760004E52465F4552524F525F4E4F5F4D454D00
:10877000000000004E52465F4552524F525F4E4F2E
:10878000545F464F554E44004E52465F4552524F3D
:10879000525F4E4F545F535550504F525445440012
:1087A0004E52465F4552524F525F494E56414C49D8
:1087B000445F504152414D004E52465F4552524F28
:1087C000525F494E56414C49445F53544154450011
:1087D0004E52465F4552524F525F494E56414C49A8
:1087E000445F4C454E475448000000004E52465FDF
:1087F0004552524F525F494E56414C49445F464C98
:10880000414753004E52465F4552524F525F494EC8
:1088100056414C49445F4441544100004E52465F2A
:108820004552524F525F444154415F53495A4500AB
:108830004E52465F4552524F525F54494D454F5537
:10884000540000004E52465F4552524F525F4E5503
:108850004C4C00004E52465F4552524F525F464FBD
:108860005242494444454E004E52465F4552524F93
:10887000525F494E56414C49445F414444520000C6
:108880004E52465F4552524F525F42555359000077
:108890004E52465F4552524F525F434F4E4E5F43DA
:1088A0004F554E54000000004E52465F4552524F05
:1088B000525F5245534F5552434553004E52465F07
:1088C0004552524F525F4D4F44554C455F4E4F54A9
:1088D0005F494E495449414C495A45440000000003
:1088E0004E52465F4552524F525F4D555445585F68
:1088F000494E49545F4641494C4544004E52465FFB
:108900004552524F525F4D555445585F4C4F434B63
:108910005F4641494C4544004E52465F4552524FD6
:10892000525F4D555445585F554E4C4F434B5F4633
:1089300041494C45440000004E52465F4552524F5B
:10894000525F4D555445585F434F4E445F494E4921
:10895000545F4641494C4544000000004E52465F7A
:108960004552524F525F4D4F44554C455F414C521A
:10897000454144595F494E495449414C495A45443F
:10898000000000004E52465F4552524F525F535412
:108990004F524147455F46554C4C00004E52465F92
:1089A0004552524F525F4150495F4E4F545F494DBF
:1089B000504C454D454E5445440000004E52465FD4
:1089C0004552524F525F464541545552455F4E4FB6
:1089D000545F454E41424C45440000004E52465FB4
:1089E0004552524F525F494F5F50454E44494E47A2
:1089F000000000004E52465F4552524F525F4452B3
:108A0000565F5457495F4552525F4F564552525533
:108A10004E0000004E52465F4552524F525F445244
:108A2000565F5457495F4552525F414E41434B0098
:108A30004E52465F4552524F525F4452565F545712
:108A4000495F4552525F444E41434B004E52465F90
:108A50004552524F525F424C455F495053505F520E
:108A6000585F504B545F5452554E43415445440057
:108A70004E52465F4552524F525F424C455F4950FD
:108A800053505F4348414E4E454C5F414C52454127
:108A900044595F4558495354530000004E52465FB5
:108AA0004552524F525F424C455F495053505F4CC4
:108AB000494E4B5F444953434F4E4E454354454402
:108AC000000000004E52465F4552524F525F424CEA
:108AD000455F495053505F504545525F52454A45A6
:108AE0004354454400000000556E6B6E6F776E2056
:108AF0006572726F7220636F646500000000000091
:108B0000FC8603000100000008870300020000004B
:108B100028870300030000004C87030004000000C6
:108B20006087030005000000748703000600000052
:108B30008887030007000000A087030008000000EA
:108B4000B887030009000000D08703000A00000076
:108B5000EC8703000B000000048803000C000000F9
:108B60001C8803000D000000308803000E00000088
:108B7000448803000F000000548803001000000028
:108B800068880300110000008088030012000000C4
:108B90009088030013000000A888030080000000F4
:108BA000BC88030081000000E08803008200000010
:108BB000FC88030083000000188903008400000083
:108BC00038890300850000005C89030086000000EE
:108BD00084890300900000009C890300910000003C
:108BE000BC89030092000000DC89030000820000C1
:108BF000F489030001820000148A0300028200004D
:108C0000308A0300008400004C8A030001840000C5
:108C1000708A0300028400009C8A03000384000021
:108C2000C48A0300000001010100000000000001EF
:108C30000100000000000000010000000100000031
:108C4000000000000D0E0F1011121314636C6F63FF
:108C50006B000000434C4F434B0000004750494F0E
:108C6000544500005052530055415254000000003A
:108C700055415254450000000D0003003DBC020068
:108C80000E0003003DBC02000F0003003DBC0200CB
:108C9000100003003DBC0200A0350020C0350020BC
:108CA000E03500205457493A20416464726573737B
:108CB000204E41434B207265636569766564000010
:108CC0005457493A2044617461204E41434B20720D
:108CD00065636569766564004661696C65642074E6
:108CE0006F20646973636F6E6E65637420636F6E6B
:108CF0006E656374696F6E2E20436F6E6E6563746C
:108D0000696F6E2068616E646C653A202564204549
:108D100072726F723A202564000000004469736328
:108D20006F6E6E656374656420636F6E6E656374E9
:108D3000696F6E2068616E646C65202564000000B8
:108D400050574D2073746174653A2025640000000B
:108D50004C4544202564206F6E3A202564207573AD
:108D6000000000004661696C656420746F20636FC9
:108D70006E66696775726520706F776572206D61C8
:108D80006E6167656D656E742E204572726F72201C
:108D9000636F64653A203078253038580000000051
:108DA000494D5520706F77657220636F6E666967F5
:108DB00075726174696F6E2074696D6564206F757A
:108DC00074000000506F776572206D616E61676599
:108DD0006D656E7420636F6E666967757265642079
:108DE0007375636365737366756C6C79000000005E
:108DF0004779726F73636F706520636F6E66696722
:108E000075726174696F6E2074696D6564206F7529
:108E1000740000004661696C656420746F20636FA4
:108E20006E666967757265206779726F73636F70BC
:108E3000652E204572726F7220636F64653A203030
:108E400078253038580000004779726F73636F706F
:108E50006520636F6E666967757265643A203130AC
:108E600030487A2C20C2B132303030647073000048
:108E70004661696C656420746F20636F6E66696714
:108E800075726520616363656C65726F6D6574658D
:108E9000722E204572726F7220636F64653A2030C3
:108EA0007825303858000000416363656C65726F47
:108EB0006D6574657220636F6E6669677572617443
:108EC000696F6E2074696D6564206F7574000000B1
:108ED000416363656C65726F6D6574657220636F65
:108EE0006E666967757265643A20313030487A2C55
:108EF00020C2B13136670000494D5520636F6E6660
:108F0000696775726174696F6E20636F6D706C65EF
:108F100074652100626C655F616476657274697363
:108F2000696E675F73746172742829206661696C69
:108F300065642E204572726F7220636F64653A20FB
:108F40003078253038580000506F776572206D6199
:108F50006E6167656D656E742077616E74732074E1
:108F60006F20726573657420746F20444655206DC0
:108F70006F64652E000000003D3D3D205354494D77
:108F8000554C4154494F4E20434F4D504C4554454C
:108F900044203D3D3D000000506F776572206D61BB
:108FA0006E6167656D656E7420616C6C6F7765646A
:108FB00020746F20726573657420746F2044465569
:108FC000206D6F64652E00004465766963652069D5
:108FD0007320707265706172696E6720746F2065AE
:108FE0006E74657220626F6F746C6F61646572205D
:108FF0006D6F64652E000000446973636F6E6E656B
:1090000063746564202564206C696E6B732E0000A8
:109010004465766963652077696C6C20656E74655C
:109020007220626F6F746C6F61646572206D6F6423
:10903000652E00005265717565737420746F20652C
:109040006E74657220626F6F746C6F6164657220FC
:109050006D6F6465206661696C6564206173796E0B
:109060006368726F6E656F75736C792E0000000017
:109070005265717565737420746F2073656E64201A
:109080006120726573706F6E736520746F20636CFE
:1090900069656E74206661696C65642E000000006D
:1090A000556E6B6E6F776E206576656E7420667296
:1090B0006F6D20626C655F6466755F627574746F56
:1090C0006E6C6573732E0000436F6E6E656374651E
:1090D00064000000446973636F6E6E656374656459
:1090E000000000005374696D756C6174696F6E20C7
:1090F000616C7265616479206163746976652C20A6
:1091000069676E6F72696E672074726967676572EE
:109110000000000054574920696E697469616C69E8
:109120007A6564207375636365737366756C6C79B7
:10913000000000005374617274696E672049494DE4
:10914000343236353220696E697469616C697A61CE
:1091500074696F6E2E2E2E0054574920696E697403
:1091600069616C697A6174696F6E206661696C65AA
:10917000642077697468206572726F723A20307863
:10918000253038580000000054574920696E697432
:1091900069616C697A6174696F6E206661696C657A
:1091A000640000004661696C656420746F2077720A
:1091B0006974652057484F5F414D5F49207265676C
:1091C000697374657220616464726573732E2045DF
:1091D00072726F7220636F64653A20307825303880
:1091E0005800000057726974696E6720746F2072AE
:1091F0006561642057485F414D5F4920726567692A
:10920000737465722074696D6564206F75740000F5
:1092100057726974696E6720746F2072656164208B
:1092200057484F5F414D5F492072656769737465A8
:10923000722074696D6564206F7574005265616495
:10924000696E672057484F5F414D5F4920726567DF
:1092500069737465722074696D6564206F7574003C
:109260004661696C656420746F2072656164205783
:10927000484F5F414D5F492072656769737465723D
:109280002E204572726F7220636F64653A203078C9
:10929000253038580000000057484F5F414D5F4966
:1092A0002072656769737465722076616C75653AC2
:1092B00020307825303258202865787065637465D1
:1092C000643A2030783646290000000057484F5F46
:1092D000414D5F4920636865636B206661696C6519
:1092E000642E20476F743A203078253032582C2075
:1092F00045787065637465643A20307836460000BE
:1093000057484F5F414D5F4920636865636B20702C
:1093100061737365642C20636F6E6669677572692B
:109320006E6720494D552E2E2E00000049494D2DC7
:10933000343236353220696E697469616C697A61DC
:1093400074696F6E206661696C6564202D20494DDB
:10935000552072656164696E677320756E61766110
:10936000696C61626C650000494D5520636F6E66E3
:10937000696775726174696F6E206661696C656496
:109380002E204572726F7220636F64653A203078C8
:1093900025303858000000004661696C656420740F
:1093A0006F207772697465204354524C5F52454771
:1093B000312E204572726F7220636F64653A2030DF
:1093C00078253038580000004661696C6564207467
:1093D0006F207772697465204354524C5F52454741
:1093E000322E204572726F7220636F64653A2030AE
:1093F00078253038580000004661696C6564207437
:109400006F207772697465204354524C5F52454710
:10941000332E204572726F7220636F64653A20307C
:1094200078253038580000004C4953324D444C5494
:109430005220636F6E6669677572656420666F722D
:1094400020636F6E74696E756F7573206D6F6465E0
:10945000204020313030487A2E0000004661696C8F
:10946000656420746F2063726561746520494D5591
:109470002074696D65720000436F6E6E6563746978
:109480006F6E20696E74657276616C3A204D696EFC
:10949000203D202564206D732C204D6178203D20D7
:1094A0002564206D73000000504859207570646178
:1094B000746520726571756573742E00474154544C
:1094C00020436C69656E742054696D656F75742EE8
:1094D00000000000474154542053657276657220A5
:1094E00054696D656F75742E000000004D61676EE4
:1094F00065746F6D6574657220636F6E66696775FC
:10950000726174696F6E206661696C65642E2045B6
:1095100072726F7220636F64653A2030782530383C
:10952000580000004C4544206F66663A20256420B0
:10953000757300004A4F4E2D4F2D303030310000F2
:10954000457261736520626F6E64732100000000D4
:109550004164766572746973696E672073746172B1
:109560007465642E0000000073657175656E636537
:109570005F6C656E677468006C65645F73656C65CD
:109580006374696F6E0000006475726174696F6E58
:1095900000000000706572696F64000070756C7384
:1095A000655F776964746800616D706C6974756477
:1095B0006500000070776D5F6672657100000000E5
:1095C00072616D705F75705F74696D650000000099
:1095D00072616D705F646F776E5F74696D650000B6
:1095E000000000000000000000000000000000007B
:1095F000001401000114010002140100040003061C
:10960000000000000CFFFFFF070000004001020007
:109610000000000002000004000000000000000044
:109620000200000300000000030706050204010019
:10963000050607040301000200900040000400003A
:109640000200060000000000000000000000000012
:109650000338FDD870470000D46D00204437002047
:1096600001000000689503009C6D0020603600201A
:109670005000000078950300606D0020183600202F
:109680001400000088950300A46D0020F43600202B
:109690001400000094950300AC6D002008370020F2
:1096A000140000009C950300486D00200036002047
:1096B0000A000000A8950300B46D00201C370020AC
:1096C00028000000B4950300CC6D0020206E00201F
:1096D00014000000C0950300C46D00200C6E002033
:1096E00014000000D095030038360020C836002052
:1096F000BC6D00200400000000000000000000001D
:1097000000000000003000400000000000000000E9
:1097100053657474696E6720766563746F72207424
:1097200061626C6520746F20626F6F746C6F61642E
:1097300065723A2030782530387800004661696CCF
:1097400065642072756E6E696E672073645F736FF7
:1097500066746465766963655F766563746F725F6E
:109760007461626C655F626173655F73657400004C
:109770004E6F20626F6F746C6F61646572207761E9
:109780007320666F756E640053657474696E67202C
:10979000766563746F72207461626C6520746F20EB
:1097A0006D61696E206170703A20307825303878AC
:1097B000000000005465726D696E616C000000006D
:1097C00052545400534547474552000054686520A1
:1097D0006C6F63616C2064617461626173652068A1
:1097E0006173206368616E6765642C20736F2073FA
:1097F0006F6D6520737562736372697074696F6EE3
:109800007320746F206E6F74696669636174696F29
:109810006E7320616E6420696E6469636174696F40
:109820006E7320636F756C64206E6F7420626520A8
:10983000726573746F72656420666F7220636F6EF9
:109840006E5F68616E646C65202564006773636D8C
:109850005F6C6F63616C5F64625F63616368655FC7
:109860006170706C7928292072657475726E6564F8
:109870002025732077686963682073686F756C644E
:10988000206E6F742068617070656E2E20636F6E3D
:109890006E5F68616E646C653A20256400000000AC
:1098A000466C6173682066756C6C2E20436F756C16
:1098B00064206E6F742073746F72652064617461CC
:1098C00020666F7220636F6E6E5F68616E646C6598
:1098D0003A202564000000006773636D5F6C6F635E
:1098E000616C5F64625F63616368655F757064612A
:1098F000746528292072657475726E6564202573FD
:1099000020666F7220636F6E6E5F68616E646C6557
:109910003A20256400000000556E65787065637418
:109920006564206572726F72207768656E206C6F57
:109930006F6B696E6720666F7220736572766963FC
:1099400065206368616E67656420434343443A2041
:10995000257300006773636D5F7365727669636575
:109960005F6368616E6765645F696E645F73656E8F
:109970006428292072657475726E656420257320D1
:10998000666F7220636F6E6E5F68616E646C653ABD
:1099900020256400436F756C64206E6F74206163D2
:1099A000717569726520636F6E6E5F737461746543
:1099B000207573657220666C6167732E20496E6333
:1099C000726561736520424C455F434F4E4E5F5355
:1099D000544154455F555345525F464C41475F43A0
:1099E0004F554E5420696E2074686520626C655F27
:1099F000636F6E6E5F7374617465206D6F64756CF8
:109A0000652E000043415220636861722076616CCC
:109A1000756520636F756C646E27742062652073B2
:109A2000746F72656420286572726F723A202573B4
:109A3000292E205265617474656D70742077696C8D
:109A40006C2068617070656E206F6E207468652090
:109A50006E65787420636F6E6E656374696F6E2EC9
:109A600000000000556E657870656374656420477A
:109A700041545420737461747573207768696C6500
:109A80002067657474696E67204341522063686182
:109A9000722076616C75653A203078257800000078
:109AA0004D756C7469706C652028256429204341CC
:109AB000522063686172616374657269737469636B
:109AC0007320666F756E642C207573696E672074E1
:109AD00068652066697273742E000000556E6578A3
:109AE00070656374656420434152206368617261EC
:109AF0006374657269737469632076616C7565203F
:109B00006C656E67746820282564292C2073746F37
:109B1000726520302E000000706565725F6D616EA9
:109B2000616765725F67636D000000000100FFFF01
:109B300000000000010000007064735F70656572D2
:109B40005F646174615F73746F7265282920726548
:109B50007475726E6564202573207768696C652062
:109B600073746F72696E67207365727669636520BE
:109B70006368616E676564737461746520666F7293
:109B800020706565722069642025642E0000000045
:109B90007064625F706565725F646174615F707448
:109BA000725F67657428292072657475726E6564CA
:109BB00020257320666F7220636F6E6E5F68616E22
:109BC000646C653A202564004C6F63616C206462AC
:109BD00020697320616C72656164792075702074EE
:109BE0006F20646174652C20736B697070696E6797
:109BF0002077726974652E0044696420616E6F7409
:109C000068657220746872656164206D616E697048
:109C1000756C61746520504D5F504545525F4441FD
:109C200054415F49445F474154545F4C4F43414C5A
:109C300020666F7220706565725F696420256420FC
:109C40006174207468652073616D652074696D6549
:109C50003F207064625F77726974655F6275665FEA
:109C600072656C6561736528292072657475726E02
:109C700065642025732E000073645F626C655F6706
:109C8000617474735F7379735F617474725F736509
:109C90007428292072657475726E6564204E524670
:109CA0005F4552524F525F494E56414C49445F44C2
:109CB00041544120666F72204E554C4C20706F69A4
:109CC0006E7465722077686963682073686F756C5D
:109CD00064206E657665722068617070656E2E20F6
:109CE000636F6E6E5F68616E646C653A2025640018
:109CF00073645F626C655F67617474735F696E69DA
:109D00007469616C5F757365725F68616E646C65C0
:109D10005F67657428292072657475726E656420AA
:109D200025732077686963682073686F756C642099
:109D30006E6F742068617070656E2E00706565725C
:109D40005F6D616E616765725F6773636D000000D0
:109D500001000100609D030001000100649D0300FB
:109D60000100000000000000706565725F6D616EAB
:109D7000616765725F696D005570646174696E67D3
:109D80002064617461206C656E67746820746F2054
:109D90002575206F6E20636F6E6E656374696F6EDC
:109DA00020307825782E000073645F626C655F67F1
:109DB00061705F646174615F6C656E6774685F7524
:109DC00070646174652829202872657175657374E3
:109DD00029206F6E20636F6E6E656374696F6E20ED
:109DE000307825782072657475726E6564202573ED
:109DF0002E00000054686520726571756573746586
:109E0000642054582F5258207061636B6574206C25
:109E1000656E67746820697320746F6F206C6F6E55
:109E2000672062792025752F2575206F637465740E
:109E3000732E0000546865207265717565737465D2
:109E40006420636F6D62696E6174696F6E206F6606
:109E500020545820616E64205258207061636B65F5
:109E600074206C656E6774687320697320746F6FFB
:109E7000206C6F6E67206279202575206D69637292
:109E80006F7365636F6E64732E00000052657175A9
:109E9000657374696E6720746F2075706461746592
:109EA00020415454204D545520746F202575206254
:109EB00079746573206F6E20636F6E6E656374696D
:109EC0006F6E20307825782E0000000073645F628A
:109ED0006C655F67617474635F65786368616E6702
:109EE000655F6D74755F726571756573742829207F
:109EF0006F6E20636F6E6E656374696F6E2030786D
:109F000025782072657475726E6564206275737948
:109F10002C2077696C6C2072657472792E000000B9
:109F200073645F626C655F67617474635F657863B7
:109F300068616E67655F6D74755F72657175657375
:109F40007428292072657475726E65642025732EDD
:109F500000000000415454204D5455207570646138
:109F600074656420746F2025752062797465732090
:109F70006F6E20636F6E6E656374696F6E203078EC
:109F800025782028726573706F6E7365292E000026
:109F900050656572206F6E20636F6E6E65637469C5
:109FA0006F6E2030782578207265717565737465E1
:109FB0006420616E20415454204D5455206F66201A
:109FC00025752062797465732E00000055706461F8
:109FD00074696E6720415454204D545520746F208D
:109FE00025752062797465732028646573697265CC
:109FF000643A20257529206F6E20636F6E6E65634D
:10A0000074696F6E20307825782E000073645F626B
:10A010006C655F67617474735F65786368616E67B0
:10A02000655F6D74755F7265706C79282920726543
:10A030007475726E65642025732E0000446174612E
:10A04000206C656E67746820757064617465642047
:10A05000746F202575206F6E20636F6E6E6563745C
:10A06000696F6E2030782530782E00006D61785F42
:10A0700072785F6F63746574733A20257500000011
:10A080006D61785F74785F6F63746574733A2025CF
:10A09000750000006D61785F72785F74696D653A74
:10A0A000202575006D61785F74785F74696D653A1D
:10A0B0002025750050656572206F6E20636F6E6E8F
:10A0C000656374696F6E20307825782072657175CC
:10A0D000657374656420612064617461206C656ED1
:10A0E000677468206F662025752062797465732E09
:10A0F0000000000052657175657374696E672074A5
:10A100006F2075706461746520415454204D54551E
:10A1100020746F202575206279746573206F6E201E
:10A12000636F6E6E656374696F6E2030782578207A
:10A13000287265747279292E000000006E72665FC5
:10A14000626C655F6761747400000000436F756C3A
:10A1500064206E6F742064656C657465207065653D
:10A160007220646174612E206664735F66696C6539
:10A170005F64656C65746528292072657475726EFC
:10A180006564203078257820666F7220706565726E
:10A190005F69643A20256400436F756C64206E6FBC
:10A1A0007420696E697469616C697A6520666C6196
:10A1B00073682073746F726167652E206664735FC5
:10A1C0007265676973746572282920726574757287
:10A1D0006E656420307825782E000000436F756C22
:10A1E00064206E6F7420696E697469616C697A6548
:10A1F00020666C6173682073746F726167652E20CE
:10A200006664735F696E697428292072657475725B
:10A210006E656420307825782E000000436F756CE1
:10A2200064206E6F74207772697465206461746154
:10A2300020746F20666C6173682E206664735F7291
:10A2400065636F72645F7B77726974657C75706437
:10A250006174657D28292072657475726E6564204D
:10A26000307825782E20706565725F69643A202504
:10A2700064000000706565725F6D616E6167657294
:10A280005F70647300000000706D5F6275666665E4
:10A29000725F7074725F676574282920636F756CD4
:10A2A00064206E6F742072657472696576652052E1
:10A2B000414D206275666665722E20626C6F636B1D
:10A2C0005F69643A202564007064735F706565722D
:10A2D0005F646174615F73746F72652829207265B1
:10A2E0007475726E65642025732E20706565725FCB
:10A2F00069643A2025640000536F6D6520706565C0
:10A3000072206461746120776173206E6F742070B5
:10A31000726F7065726C79207772697474656E20E3
:10A32000746F20666C6173682E2077726974655F44
:10A330006275665F73746F72652829207265747523
:10A34000726E656420257320666F72207065657279
:10A350005F69643A20256400504D5F42554646458A
:10A36000525F494E495428292072657475726E6592
:10A37000642025732E00000050656572204944203A
:10A38000256420776173206E6F742070726F706522
:10A39000726C792072656C65617365642E207064DF
:10A3A000735F706565725F69645F667265652829B1
:10A3B0002072657475726E65642025732E20706539
:10A3C00065725F69643A20256400000043616E6E27
:10A3D0006F742073746F7265206461746120746F90
:10A3E00020666C61736820626563617573652070B7
:10A3F0006D5F6275666665725F7074725F676574C3
:10A40000282920636F756C64206E6F7420726574E8
:10A4100072696576652052414D2062756666657287
:10A420002E20497320626C6F636B5F696420256422
:10A43000206E6F7420616C6C6F63617465643F00A3
:10A44000706565725F6D616E616765725F70646291
:10A4500000000000436F756C64206E6F742072659D
:10A460007472656976652072616E6B732E207064FC
:10A47000625F706565725F646174615F6C6F616477
:10A4800028292072657475726E65642025732E20EC
:10A49000706565725F69643A2025640046696C7472
:10A4A0006572696E6720424C45206576656E742042
:10A4B000776974682049443A203078253034582030
:10A4C000746172676574696E67203078253034581E
:10A4D00020636F6E6E656374696F6E2068616E6471
:10A4E0006C6500002573206661696C656420626597
:10A4F0006361757365207064735F696E6974282980
:10A500002072657475726E65642025732E000000DC
:10A510002573206661696C6564206265636175738B
:10A5200065207064625F696E6974282920726574A1
:10A5300075726E65642025732E00000025732066F9
:10A5400061696C6564206265636175736520736D14
:10A550005F696E697428292072657475726E65640E
:10A560002025732E000000002573206661696C654C
:10A5700064206265636175736520736D645F696EE5
:10A58000697428292072657475726E65642025735C
:10A590002E0000002573206661696C656420626589
:10A5A00063617573652067636D5F696E69742829DF
:10A5B0002072657475726E65642025732E0000002C
:10A5C0002573206661696C656420626563617573DB
:10A5D00065206773636D5F696E69742829207265F1
:10A5E0007475726E65642025732E0000257328290A
:10A5F000206661696C6564206265636175736520BE
:10A60000612063616C6C20746F20706D5F70656594
:10A61000725F64656C657465282920726574757253
:10A620006E65642025732E20706565725F69643ADB
:10A6300020256400436F756C64206E6F7420757004
:10A64000646174652072616E6B2E207064625F724B
:10A6500061775F73746F72652829207265747572F3
:10A660006E65642025732E20706565725F69643A9B
:10A6700020256400706565725F6D616E616765724B
:10A680000000000001000600AC740020706D5F70D7
:10A69000656572735F64656C65746500706D5F6994
:10A6A0006E697400417474656D7074696E672074AE
:10A6B0006F20636C65616E20666C6173682E0000AC
:10A6C00044656C6574696E67206C6F776573742080
:10A6D00072616E6B656420706565722028706565B7
:10A6E000725F69643A20256429000000546865722D
:10A6F0006520617265206E6F2070656572732074CD
:10A700006F2064656C6574652E000000506565728D
:10A710002072616E6B732066756E6374696F6E6113
:10A720006C6974792069732064697361626C656413
:10A730002C20736F206E6F207065657273206172BC
:10A74000652064656C657465642E000052756E6EDC
:10A75000696E6720666C6173682067617262616709
:10A760006520636F6C6C656374696F6E2E0000000A
:10A77000706D5F706565725F72616E6B5F6869674F
:10A780006865737428292072657475726E6564201B
:10A79000257320666F7220706565722069642025BC
:10A7A00064000000504D5F434F4E4E5F5345435F82
:10A7B0004552524F525F444953434F4E4E454354C6
:10A7C00000000000504D5F434F4E4E5F5345435FC6
:10A7D0004552524F525F4D49435F4641494C555295
:10A7E00045000000504D5F434F4E4E5F5345435F61
:10A7F0004552524F525F50494E5F4F525F4B455941
:10A800005F4D495353494E4700000000504D5F4390
:10A810004F4E4E5F5345435F4552524F525F534D2B
:10A82000505F54494D454F5554000000424C455F20
:10A830004741505F5345435F5354415455530000C3
:10A84000504D5F434F4E4E5F5345435F4552524F0D
:10A85000520000004576656E7420257300000000EC
:10A8600050726576696F75736C7920626F6E64657E
:10A8700064207065657220636F6E6E6563746564D5
:10A880003A20726F6C653A2025732C20636F6E6ED0
:10A890005F68616E646C653A2025642C2070656584
:10A8A000725F69643A20256400000000436F6E6E99
:10A8B000656374696F6E20636F6E66696775726138
:10A8C00074696F6E207265717565737400000000A5
:10A8D000436F6E6E656374696F6E20736563757226
:10A8E0006974792070726F63656475726520737422
:10A8F00061727465643A20726F6C653A2025732C1E
:10A9000020636F6E6E5F68616E646C653A202564CB
:10A910002C2070726F6365647572653A2025730030
:10A92000436F6E6E656374696F6E207365637572D5
:10A9300065643A20726F6C653A2025732C20636F32
:10A940006E6E5F68616E646C653A2025642C2070C1
:10A95000726F6365647572653A20257300000000AC
:10A96000436F6E6E656374696F6E20736563757295
:10A97000697479206661696C65643A20726F6C65F0
:10A980003A2025732C20636F6E6E5F68616E646C75
:10A99000653A20307825782C2070726F6365647575
:10A9A00072653A2025732C206572726F723A2025E9
:10A9B00064000000257320307825687800000000CE
:10A9C0004572726F7220286465636F646564293A0A
:10A9D00020257300536563757269747920636F6E07
:10A9E00066696775726174696F6E207265717565ED
:10A9F00073740000536563757269747920706172B5
:10AA0000616D65746572207265717565737400009F
:10AA1000466C6173682073746F7261676520697337
:10AA20002066756C6C000000556E65787065637407
:10AA3000656420666174616C206572726F72206F4C
:10AA4000636375727265643A206572726F723A2040
:10AA5000257300002C206E6F206368616E676500AF
:10AA600050656572206461746120757064617465FD
:10AA70006420696E20666C6173683A207065657247
:10AA80005F69643A2025642C20646174615F6964A5
:10AA90003A2025732C20616374696F6E3A20257308
:10AAA00025730000506565722064617461207570C3
:10AAB0006461746564206661696C65643A207065E0
:10AAC00065725F69643A2025642C20646174615F5B
:10AAD00069643A2025732C20616374696F6E3A2093
:10AAE00025732C206572726F723A20257300000066
:10AAF000506565722064656C657465642073756368
:10AB00006365737366756C6C793A20706565725F06
:10AB100069643A2025640000506565722064656CA4
:10AB20006574696F6E206661696C65643A20706552
:10AB300065725F69643A2025642C206572726F72B9
:10AB40003A20257300000000416C6C20706565722E
:10AB5000732064656C657465642E0000416C6C2024
:10AB6000706565722064656C6574696F6E206661DE
:10AB7000696C65643A206572726F723A20257300C1
:10AB800050726576696F75736C792073746F726536
:10AB900064206C6F63616C204442206170706C694A
:10ABA00065643A20636F6E6E5F68616E646C653ACF
:10ABB0002025642C20706565725F69643A202564E5
:10ABC000000000004C6F63616C20444220636F758D
:10ABD0006C64206E6F74206265206170706C6965B2
:10ABE000643A20636F6E6E5F68616E646C653A20D4
:10ABF00025642C20706565725F69643A20256400C5
:10AC000053656E64696E672053657276696365206B
:10AC10004368616E67656420696E64696361746925
:10AC20006F6E2E0053657276696365204368616EAE
:10AC300067656420696E6469636174696F6E20631F
:10AC40006F6E6669726D65642E00000053656375F2
:10AC500072697479205265717565737420726563C9
:10AC600065697665642066726F6D20706565722E09
:10AC700000000000466C6173682067617262616762
:10AC80006520636F6C6C656374696F6E20636F6DB4
:10AC9000706C6574652E0000466C61736820676196
:10ACA000726261676520636F6C6C656374696F6E57
:10ACB000206661696C6564207769746820657272CA
:10ACC0006F722025732E0000556E65787065637471
:10ACD000656420504D206576656E742049443A20A5
:10ACE000307825782E000000416C7265616479200F
:10ACF000656E637279707465642C20736B69707013
:10AD0000696E672073656375726974792E0000003F
:10AD1000706D5F636F6E6E5F736563757265282912
:10AD2000206661696C656420626563617573652086
:10AD3000616E20534D502074696D656F7574206984
:10AD4000732070726576656E74696E6720736563D3
:10AD50007572697479206F6E20746865206C696EF5
:10AD60006B2E20446973636F6E6E656374696E67E2
:10AD700020636F6E6E5F68616E646C652025642E63
:10AD80000000000073645F626C655F6761705F6400
:10AD90006973636F6E6E65637428292072657475BC
:10ADA000726E6564202573206F6E20636F6E6E5F18
:10ADB00068616E646C652025642E0000706D5F63B1
:10ADC0006F6E6E5F736563757265282920666169B1
:10ADD0006C656420626563617573652074686520C5
:10ADE00073746F726564206461746120666F722091
:10ADF000636F6E6E5F68616E646C652025642064AD
:10AE00006F6573206E6F74206861766520612076AF
:10AE1000616C6964206B65792E000000706D5F6362
:10AE20006F6E6E5F73656375726528292066616950
:10AE30006C6564206265636175736520636F6E6E17
:10AE40005F68616E646C65202564206973206E6F95
:10AE50007420612076616C696420636F6E6E656337
:10AE600074696F6E2E000000417373657274696EB1
:10AE7000672E20706D5F636F6E6E5F7365637572B2
:10AE80006528292072657475726E656420257320AB
:10AE90006F6E20636F6E6E5F68616E646C652025F7
:10AEA000642E0000417373657274696E672E000032
:10AEB000446973636F6E6E656374696E6720636F58
:10AEC0006E6E5F68616E646C652025642E00000004
:10AED000557064617465000044656C6574650000BC
:10AEE0004F75746461746564202830290000000087
:10AEF00053657276696365206368616E6765642077
:10AF000070656E64696E6720666C616700000000A2
:10AF10004F75746461746564202832290000000054
:10AF20004F75746461746564202833290000000043
:10AF30004170706C69636174696F6E2064617461E3
:10AF40000000000052656D6F746520646174616279
:10AF500061736500506565722072616E6B00000060
:10AF6000426F6E64696E6720646174610000000066
:10AF70004C6F63616C206461746162617365000091
:10AF800043656E7472616C206164647265737320D2
:10AF90007265736F6C7574696F6E0000504D5F451C
:10AFA00056545F424F4E4445445F504545525F43BF
:10AFB0004F4E4E454354454400000000504D5F4500
:10AFC00056545F434F4E4E5F434F4E4649475F5284
:10AFD00045510000504D5F4556545F434F4E4E5F04
:10AFE0005345435F5354415254000000504D5F4558
:10AFF00056545F434F4E4E5F5345435F5355434353
:10B000004545444544000000504D5F4556545F435C
:10B010004F4E4E5F5345435F4641494C4544000007
:10B02000504D5F4556545F434F4E4E5F5345435F0F
:10B03000434F4E4649475F5245510000504D5F45D2
:10B0400056545F434F4E4E5F5345435F504152410C
:10B050004D535F5245510000504D5F4556545F536C
:10B06000544F524147455F46554C4C00504D5F454B
:10B0700056545F4552524F525F554E4558504543C6
:10B0800054454400504D5F4556545F504545525F0E
:10B09000444154415F5550444154455F53554343E7
:10B0A0004545444544000000504D5F4556545F50AF
:10B0B0004545525F444154415F5550444154455FBA
:10B0C0004641494C45440000504D5F4556545F5041
:10B0D0004545525F44454C4554455F5355434345B0
:10B0E0004544454400000000504D5F4556545F50B4
:10B0F0004545525F44454C4554455F4641494C45A2
:10B1000044000000504D5F4556545F504545525332
:10B110005F44454C4554455F53554343454544457D
:10B1200044000000504D5F4556545F504545525312
:10B130005F44454C4554455F4641494C45440000F9
:10B14000504D5F4556545F4C4F43414C5F44425F06
:10B1500043414348455F4150504C4945440000003D
:10B16000504D5F4556545F4C4F43414C5F44425FE6
:10B1700043414348455F4150504C595F4641494C1B
:10B1800045440000504D5F4556545F534552564963
:10B1900043455F4348414E4745445F494E445F53F2
:10B1A000454E5400504D5F4556545F5345525649E5
:10B1B00043455F4348414E4745445F494E445F43E2
:10B1C0004F4E4649524D454400000000504D5F45EA
:10B1D00056545F534C4156455F534543555249546D
:10B1E000595F524551000000504D5F4556545F462F
:10B1F0004C4153485F474152424147455F434F4CA2
:10B200004C45435445440000504D5F4556545F46FD
:10B210004C4153485F474152424147455F434F4C81
:10B220004C454354494F4E5F4641494C454400000C
:10B23000456E6372797074696F6E0000426F6E6460
:10B24000696E670050616972696E6700496E766168
:10B250006C696420526F6C65000000005065726973
:10B2600070686572616C000043656E7472616C0099
:10B27000706565725F6D616E616765725F68616E52
:10B28000646C657200000000D0AE0300D8AE03000D
:10B29000E0AE0300F0AE030010AF030020AF0300E8
:10B2A00030AF030044AF030054AF030060AF0300AE
:10B2B00070AF030080AF03009CAF0300BCAF03007E
:10B2C000D4AF0300ECAF030008B0030020B00300CC
:10B2D0003CB0030058B003006CB0030084B003001E
:10B2E000A8B00300C8B00300E8B0030004B1030035
:10B2F00024B1030040B1030060B1030084B1030036
:10B30000A4B10300CCB10300E8B1030008B203000C
:10B310004CB203005CB2030068B2030030B2030019
:10B320003CB2030044B20300436F756C64206E6F3F
:10B330007420636C65616E2075702061667465723F
:10B34000206661696C656420626F6E64696E672057
:10B3500070726F6365647572652E207064625F77CA
:10B36000726974655F6275665F72656C656173654D
:10B3700028292072657475726E65642025732E20ED
:10B38000636F6E6E5F68616E646C653A2025642E33
:10B3900000000000436F756C64206E6F742072654E
:10B3A0007472696576652052414D206275666665E6
:10B3B0007220666F7220696E636F6D696E672062BE
:10B3C0006F6E642E207064625F77726974655F626D
:10B3D00075665F67657428292072657475726E657D
:10B3E000642025732E20636F6E6E5F68616E646CDF
:10B3F000653A202564000000696D5F626C655F61DD
:10B400006464725F67657428292072657475726E52
:10B4100065642025732E20636F6E6E5F68616E64B5
:10B420006C653A2025642E204C696E6B2077617321
:10B43000206C696B656C7920646973636F6E6E65EF
:10B44000637465642E000000436F756C64206E6F3A
:10B45000742072657472696576652073746F7265A5
:10B460006420626F6E642E207064625F7065657226
:10B470005F646174615F7074725F6765742829200E
:10B4800072657475726E65642025732E2070656513
:10B49000725F69643A2025640000000073645F6293
:10B4A0006C655F6761705F7365635F696E666F5F30
:10B4B0007265706C7928292072657475726E656486
:10B4C000204E52465F45524F525F494E56414C49BD
:10B4D000445F53544154452C207768696368206960
:10B4E0007320616E6572726F7220756E6C65737316
:10B4F00020746865206C696E6B20697320646973C1
:10B50000636F6E6E656374696E672E00436F756C52
:10B5100064206E6F7420636F6D706C657465206558
:10B520006E6372797074696F6E2070726F63656498
:10B530007572652E2073645F626C655F6761705F12
:10B540007365635F696E666F5F7265706C792829D9
:10B550002072657475726E65642025732E20636F8A
:10B560006E6E5F68616E646C653A2025642C207095
:10B570006565725F69643A2025642E0052414D2052
:10B5800062756666657220666F72206E65772062EE
:10B590006F6E642077617320756E617661696C618E
:10B5A000626C652E207064625F77726974655F6299
:10B5B00075665F67657428292072657475726E659B
:10B5C000642025732E20636F6E6E5F68616E646CFD
:10B5D000653A2025642E0000436F756C64206E6F01
:10B5E0007420616C6C6F63617465206E6577207088
:10B5F0006565725F696420666F7220696E636F6D46
:10B60000696E6720626F6E642E000000436F756C78
:10B6100064206E6F742073746F726520626F6E6445
:10B620002E207064625F77726974655F6275665F11
:10B6300073746F726528292072657475726E656403
:10B640002025732E20636F6E6E5F68616E646C657B
:10B650003A2025642C20706565725F69643A202564
:10B6600064000000706565725F6D616E6167657290
:10B670005F736D640000000043616E6E6F74207331
:10B680006563757265206C696E6B206265636175B8
:10B69000736520612070726576696F7573207365BC
:10B6A0006375726974792070726F63656475726511
:10B6B00020656E64656420696E2074696D656F75C0
:10B6C000742E20446973636F6E6E65637420616EBF
:10B6D000642072657472792E20736D645F7061727C
:10B6E000616D735F7265706C792829206F722073A9
:10B6F0006D645F6C696E6B5F736563757265282935
:10B700002072657475726E6564204E52465F4552B4
:10B71000524F525F54494D454F55542E20636F6E22
:10B720006E5F68616E646C653A20256400000000FD
:10B73000436F756C64206E6F7420706572666F72F3
:10B740006D2073656375726974792070726F6365BB
:10B75000647572652E20736D645F706172616D73C4
:10B760005F7265706C792829206F7220736D645F39
:10B770006C696E6B5F7365637572652829207265ED
:10B780007475726E65642025732E20636F6E6E5F14
:10B7900068616E646C653A2025640000436F756CC7
:10B7A00064206E6F7420706572666F726D207365B1
:10B7B0006375726974792070726F63656475726500
:10B7C0002E20736D645F6C696E6B5F736563757259
:10B7D0006528292072657475726E65642025732E44
:10B7E00020636F6E6E5F68616E646C653A202564DD
:10B7F00000000000706565725F6D616E6167657263
:10B800005F736D006E72665F73646800010000070D
:10B81000C8BE0300D0BE030008000000E8BE03005D
:10B82000F8BE030008000000D0BE0300E8BE03001D
:10B830000800000073645F626C655F6366675F7336
:10B84000657428292072657475726E65642025738D
:10B85000207768656E20617474656D7074696E67B9
:10B8600020746F2073657420424C455F434F4E4EE9
:10B870005F4346475F4741502E00000073645F629C
:10B880006C655F6366675F736574282920726574F1
:10B8900075726E6564202573207768656E2061740B
:10B8A00074656D7074696E6720746F2073657420A1
:10B8B000424C455F4741505F4346475F524F4C45BE
:10B8C0005F434F554E542E0073645F626C655F6337
:10B8D00066675F73657428292072657475726E657A
:10B8E00064202573207768656E20617474656D70BF
:10B8F00074696E6720746F2073657420424C455FD5
:10B90000434F4E4E5F4346475F474154542E00001D
:10B9100073645F626C655F6366675F736574282933
:10B920002072657475726E65642025732077686572
:10B930006E20617474656D7074696E6720746F2019
:10B9400073657420424C455F434F4D4D4F4E5F43EE
:10B9500046475F56535F555549442E0073645F62F6
:10B960006C655F6366675F73657428292072657410
:10B9700075726E6564202573207768656E2061742A
:10B9800074656D7074696E6720746F2073657420C0
:10B99000424C455F47415454535F4346475F4154CF
:10B9A00054525F5441425F53495A452E00000000F3
:10B9B00073645F626C655F6366675F736574282993
:10B9C0002072657475726E656420257320776865D2
:10B9D0006E20617474656D7074696E6720746F2079
:10B9E00073657420424C455F47415454535F43464E
:10B9F000475F534552564943455F4348414E47458B
:10BA0000442E0000496E73756666696369656E74DD
:10BA10002052414D20616C6C6F63617465642066D7
:10BA20006F722074686520536F667444657669632D
:10BA3000652E00004368616E67652074686520525A
:10BA4000414D207374617274206C6F636174696F0F
:10BA50006E2066726F6D203078257820746F2030EC
:10BA60007825782E000000004D6178696D756D2095
:10BA700052414D2073697A6520666F722061707043
:10BA80006C69636174696F6E206973203078257802
:10BA90002E00000073645F626C655F656E61626CAE
:10BAA0006528292072657475726E65642025732E71
:10BAB000000000006E72665F7364685F626C650010
:10BAC0007CBD0300BCBD0300080000006E72665F11
:10BAD0007364685F736F6300BCBD0300DCBD03006B
:10BAE0000800000054494D455200000050574D00D9
:10BAF0000338FDD8704700005457490044756D6DF8
:10BB000079206576656E742068616E646C6572205C
:10BB10007265636569766564206576656E7420304C
:10BB200078257800496E20626C655F6466755F6297
:10BB30007574746F6E6C6573735F626F6F746C6F26
:10BB4000616465725F73746172745F66696E616C63
:10BB5000697A650D0A00000050EADA308883B89FE0
:10BB6000604F15F30000C98E54686520626F6F74D2
:10BB70006C6F6164657220686173207772697465A7
:10BB80002070726F746563746564206974732073C8
:10BB9000657474696E677320706167652E205468E0
:10BBA00069732070726F6869626974732073657459
:10BBB00074696E6720746865206164766572746963
:10BBC00073696E67206E616D652E20546865206212
:10BBD0006F6F746C6F61646572206D757374206231
:10BBE0006520636F6D70696C656420776974682087
:10BBF0004E52465F424C5F53455454494E47535F43
:10BC0000504147455F50524F544543543D30207496
:10BC10006F20616C6C6F772073657474696E672038
:10BC2000746865206164766572746973696E6720F3
:10BC30006E616D652E0000005341414443000020B9
:10BC400020202020202020202828282828202020CC
:10BC5000202020202020202020202020202020887C
:10BC600010101010101010101010101010101004E0
:10BC70000404040404040404041010101010101030
:10BC80004141414141410101010101010101010124
:10BC9000010101010101010101011010101010103A
:10BCA00042424242424202020202020202020202F4
:10BCB0000202020202020202020210101010200010
:10BCC0000000000000000000000000000000000074
:10BCD0000000000000000000000000000000000064
:10BCE0000000000000000000000000000000000054
:10BCF0000000000000000000000000000000000044
:10BD00000000000000000000000000000000000033
:10BD10000000000000000000000000000000000023
:10BD20000000000000000000000000000000000013
:10BD30000000000000000000000000000000000003
:10BD40006C370020232D302B2000686C4C0065667A
:10BD5000674546470030313233343536373839415C
:10BD60004243444546003031323334353637383972
:0CBD700061626364656600000000000072
:10BD7C00E5F602000000000061C1020000000000B6
:10BD8C00A5F002001469002051140300686D002016
:10BD9C009DFD0200000000000927030000000000C8
:10BDAC002D640300BC75002001D2020000000000CD
:10BDBC0095A50200000000003DB20200000000004A
:10BDCC00A1C2020000000000596603000000000040
:04BDDC0011CD020083
:10BDE000548C0300000000005C8C03000000000085
:10BDF000648C030000000000ECBA030000000000A7
:10BE000038BC030000000000E4BA0300000000009A
:10BE1000F8BA030000000000688C03000000000076
:10BE2000708C03000000000018830300000004046D
:10BE300004840300000000003084030000000000C0
:10BE40004C8C0300000000003CA10300000004042F
:10BE5000608603000000040404B80300000003032C
:10BE6000B4BA030000000303CCBA030000000303CC
:10BE700074A6030000000404189B030000000404DF
:10BE80003C9D03000000040470B2030000000404A1
:10BE9000689D03000000040440A4030000000404A3
:10BEA00074A2030000000404F4B7030000000404BB
:10BEB00064B6030000000404D886030000000000FC
:08BEC000F08603000000000001
:08BEC80015A4020000000000B7
:10BED00069A702000000000065B202000000000037
:08BEE00095C4020000000000FF
:10BEE800C14D0300000000003550030000000000B1
:10BEF800E882030000000000F48203006835002097
:10BF08004838002010390020183900205038002007
:04BF1800180000000D
:08BF1C0024A3FE7F01000000D8
:10BF240000000000FF00000000000000000000000E
:10BF3400FFFFFFFFFFFFFFFF000000000000000005
:10BF44000000000000000000001001401100040087
:10BF54000090D0030000000000000000000000007A
:10BF6400FFFFFFFFFFFFFFFF0000000000000000D5
:10BF740000000000000000000000000000000000BD
:10BF8400FFFFFFFFFFFFFFFF0000000000000000B5
:10BF9400000000000000000000000000000000009D
:10BFA400FFFFFFFFFFFFFFFF000000000000000095
:10BFB4000000000000000000640000000000000019
:10BFC400000000004A4F4E2D4F2D3030303100001C
:10BFD4002602000000000000000000000000000035
:10BFE40000000000323032362D4A616E2D303900A7
:10BFF4000000000000000000FFFFFFFFFFFFFFFF45
:10C00400000000000000000000000000000000002C
:10C014006400000000000000FFFFFFFFFFFFFFFFC0
:10C02400000000000000000000000000000000000C
:10C0340000000000000000000000000000000000FC
:10C0440000000000000000000000000000000000EC
:10C0540000000000000000000000000000000000DC
:10C064000000000000000000F0EFCDAB7856341261
:10C074003412785634127856FFFF00000000000096
:10C084000000000000000000FFFFFFFFFFFFFFFFB4
:10C09400000000000000000000000000000000009C
:10C0A40000C0014000000000020000006400000025
:10C0B400000000000000000000000000000000007C
:10C0C400010000000000000000000000000000006B
:10C0D4000000000050C30000000000000000000049
:10C0E400000000000000000000000000000000004C
:10C0F400000000000000000000000000010100003A
:10C10400626C756500180100FFFFFFFFFFFFFFFF72
:10C11400FFFFFFFFFFFFFFFF181818181818181863
:10C124006C37002000000000000000000000000048
:10C1340000000000000000000000000000000000FB
:10C1440000000000000000000000000000000000EB
:10C1540000000000000000000000000000000000DB
:10C1640000000000000000000000000000000000CB
:10C1740000000000000000000000000000000000BB
:0CC18400000000002562020001620200C1
:10C190000000000000000000DD8A02000000000036
:04C1A000000000009B
:04000003200062BDBA
:00000001FF
